2025-12-06 00:41:30,552 - utils - INFO - Logging configured. Log file: logs/reward_model_training_20251206_004130.log
2025-12-06 00:41:30,554 - utils - INFO - Set random seed to 42
2025-12-06 00:41:30,554 - utils - INFO - Using device: cuda
2025-12-06 00:41:30,554 - utils - INFO - Loading preference data...
2025-12-06 00:41:30,784 - utils - INFO - Loaded 9000 entries from data/preference_data.json
2025-12-06 00:41:30,787 - utils - INFO - Loaded 9000 preference pairs
2025-12-06 00:41:30,790 - utils - INFO - Data split: 7200 train, 900 val, 900 test
2025-12-06 00:41:30,790 - utils - INFO - Loading tokenizer: distilbert-base-uncased
2025-12-06 00:41:31,270 - utils - INFO - Creating reward model: distilbert-base-uncased
2025-12-06 00:41:32,071 - reward_model - INFO - Created reward model based on distilbert-base-uncased
2025-12-06 00:41:32,071 - reward_model - INFO - Model parameters: 67,249,153
2025-12-06 00:41:32,286 - utils - INFO - Starting reward model training...
2025-12-06 00:41:32,286 - utils - INFO - Epoch 1/3
2025-12-06 00:41:33,769 - utils - INFO - Step 10: {'train_loss': 1.0028172731399536, 'train_accuracy': 0.45, 'train_chosen_reward_mean': -0.0022779204649850727, 'train_rejected_reward_mean': 0.0005393460160121322, 'train_reward_diff': -0.002817266620695591, 'step': 10}
2025-12-06 00:41:34,523 - utils - INFO - Step 20: {'train_loss': 1.0017490804195404, 'train_accuracy': 0.475, 'train_chosen_reward_mean': -0.006717089924495667, 'train_rejected_reward_mean': -0.004968010273296386, 'train_reward_diff': -0.0017490796628408134, 'step': 20}
2025-12-06 00:41:35,415 - utils - INFO - Step 30: {'train_loss': 1.001714430252711, 'train_accuracy': 0.49166666666666664, 'train_chosen_reward_mean': -0.007108361405941347, 'train_rejected_reward_mean': -0.005393929112081726, 'train_reward_diff': -0.0017144323016206424, 'step': 30}
2025-12-06 00:41:36,331 - utils - INFO - Step 40: {'train_loss': 1.0021613225340844, 'train_accuracy': 0.46875, 'train_chosen_reward_mean': -0.005640842320281081, 'train_rejected_reward_mean': -0.0034795182291418314, 'train_reward_diff': -0.0021613241406157613, 'step': 40}
2025-12-06 00:41:37,152 - utils - INFO - Step 50: {'train_loss': 1.0013704884052277, 'train_accuracy': 0.495, 'train_chosen_reward_mean': -0.00328785743098706, 'train_rejected_reward_mean': -0.001917368215508759, 'train_reward_diff': -0.0013704892387613654, 'step': 50}
2025-12-06 00:41:37,917 - utils - INFO - Step 60: {'train_loss': 1.001244960228602, 'train_accuracy': 0.4875, 'train_chosen_reward_mean': -0.0005703369543577234, 'train_rejected_reward_mean': 0.0006746278610080481, 'train_reward_diff': -0.001244964892975986, 'step': 60}
2025-12-06 00:41:38,820 - utils - INFO - Step 70: {'train_loss': 1.000531986781529, 'train_accuracy': 0.5035714285714286, 'train_chosen_reward_mean': 0.0021730403349335702, 'train_rejected_reward_mean': 0.002705028686406357, 'train_reward_diff': -0.000531988388060459, 'step': 70}
2025-12-06 00:41:39,581 - utils - INFO - Step 80: {'train_loss': 0.9999984607100487, 'train_accuracy': 0.50625, 'train_chosen_reward_mean': 0.0038312050863169135, 'train_rejected_reward_mean': 0.003829664655495435, 'train_reward_diff': 1.5404191799461842e-06, 'step': 80}
2025-12-06 00:41:40,362 - utils - INFO - Step 90: {'train_loss': 0.9998694790734185, 'train_accuracy': 0.5166666666666667, 'train_chosen_reward_mean': 0.004599886961902181, 'train_rejected_reward_mean': 0.004469365305784676, 'train_reward_diff': 0.00013052164576947688, 'step': 90}
2025-12-06 00:41:40,997 - utils - INFO - Step 100: {'train_loss': 0.999842472076416, 'train_accuracy': 0.5175, 'train_chosen_reward_mean': 0.004390576188452542, 'train_rejected_reward_mean': 0.004233046749141068, 'train_reward_diff': 0.00015752941835671662, 'step': 100}
2025-12-06 00:41:41,990 - utils - INFO - Step 110: {'train_loss': 0.999138579043475, 'train_accuracy': 0.5227272727272727, 'train_chosen_reward_mean': 0.00629539785229347, 'train_rejected_reward_mean': 0.005433976910585029, 'train_reward_diff': 0.0008614208633926782, 'step': 110}
2025-12-06 00:41:42,726 - utils - INFO - Step 120: {'train_loss': 0.9980330367883047, 'train_accuracy': 0.5291666666666667, 'train_chosen_reward_mean': 0.008150927776781221, 'train_rejected_reward_mean': 0.006183966002815093, 'train_reward_diff': 0.0019669616866546374, 'step': 120}
2025-12-06 00:41:43,598 - utils - INFO - Step 130: {'train_loss': 0.9962198202426616, 'train_accuracy': 0.5384615384615384, 'train_chosen_reward_mean': 0.010745913155663473, 'train_rejected_reward_mean': 0.00696573353623255, 'train_reward_diff': 0.0037801796319679574, 'step': 130}
2025-12-06 00:41:44,477 - utils - INFO - Step 140: {'train_loss': 0.9950391403266362, 'train_accuracy': 0.5410714285714285, 'train_chosen_reward_mean': 0.011900666748572673, 'train_rejected_reward_mean': 0.00693980664447216, 'train_reward_diff': 0.004960860089132828, 'step': 140}
2025-12-06 00:41:45,312 - utils - INFO - Step 150: {'train_loss': 0.9956637112299601, 'train_accuracy': 0.5416666666666666, 'train_chosen_reward_mean': 0.007664671521633863, 'train_rejected_reward_mean': 0.003328383578918874, 'train_reward_diff': 0.004336287922536333, 'step': 150}
2025-12-06 00:41:46,301 - utils - INFO - Step 160: {'train_loss': 0.9962962783873082, 'train_accuracy': 0.5375, 'train_chosen_reward_mean': 0.007521925767650828, 'train_rejected_reward_mean': 0.003818205180868972, 'train_reward_diff': 0.0037037206144304945, 'step': 160}
2025-12-06 00:41:47,103 - utils - INFO - Step 170: {'train_loss': 0.9960205330568201, 'train_accuracy': 0.5411764705882353, 'train_chosen_reward_mean': 0.009103095893035916, 'train_rejected_reward_mean': 0.005123630583779339, 'train_reward_diff': 0.003979465354453115, 'step': 170}
2025-12-06 00:41:47,828 - utils - INFO - Step 180: {'train_loss': 0.9960313316848542, 'train_accuracy': 0.5416666666666666, 'train_chosen_reward_mean': 0.010168241574946377, 'train_rejected_reward_mean': 0.00619957488314766, 'train_reward_diff': 0.003968666704733752, 'step': 180}
2025-12-06 00:41:48,699 - utils - INFO - Step 190: {'train_loss': 0.9961075092616835, 'train_accuracy': 0.5434210526315789, 'train_chosen_reward_mean': 0.01118153873095779, 'train_rejected_reward_mean': 0.007289049956996582, 'train_reward_diff': 0.003892488783764604, 'step': 190}
2025-12-06 00:41:49,596 - utils - INFO - Step 200: {'train_loss': 0.9964440140128136, 'train_accuracy': 0.5375, 'train_chosen_reward_mean': 0.01222548593999818, 'train_rejected_reward_mean': 0.00866950226132758, 'train_reward_diff': 0.0035559836647007614, 'step': 200}
2025-12-06 00:41:50,379 - utils - INFO - Step 210: {'train_loss': 0.9959665258725484, 'train_accuracy': 0.5404761904761904, 'train_chosen_reward_mean': 0.012497834588534066, 'train_rejected_reward_mean': 0.008464362624190038, 'train_reward_diff': 0.004033471895603552, 'step': 210}
2025-12-06 00:41:51,259 - utils - INFO - Step 220: {'train_loss': 0.996083708784797, 'train_accuracy': 0.5397727272727273, 'train_chosen_reward_mean': 0.011447929631156678, 'train_rejected_reward_mean': 0.007531640108209103, 'train_reward_diff': 0.003916289448865097, 'step': 220}
2025-12-06 00:41:52,015 - utils - INFO - Step 230: {'train_loss': 0.9951022806374923, 'train_accuracy': 0.5423913043478261, 'train_chosen_reward_mean': 0.010428522978706853, 'train_rejected_reward_mean': 0.005530805170090626, 'train_reward_diff': 0.00489771772560704, 'step': 230}
2025-12-06 00:41:52,781 - utils - INFO - Step 240: {'train_loss': 0.9946788887182871, 'train_accuracy': 0.5416666666666666, 'train_chosen_reward_mean': 0.012535654642852024, 'train_rejected_reward_mean': 0.007214544175076299, 'train_reward_diff': 0.00532111031061504, 'step': 240}
2025-12-06 00:41:53,627 - utils - INFO - Step 250: {'train_loss': 0.9936269776821136, 'train_accuracy': 0.542, 'train_chosen_reward_mean': 0.0097731050606817, 'train_rejected_reward_mean': 0.0034000833379104734, 'train_reward_diff': 0.006373021475039422, 'step': 250}
2025-12-06 00:41:54,392 - utils - INFO - Step 260: {'train_loss': 0.994384493965369, 'train_accuracy': 0.5384615384615384, 'train_chosen_reward_mean': -0.0009704205511997526, 'train_rejected_reward_mean': -0.00658592589898035, 'train_reward_diff': 0.005615505281513414, 'step': 260}
2025-12-06 00:41:55,066 - utils - INFO - Step 270: {'train_loss': 0.9942160220057876, 'train_accuracy': 0.5425925925925926, 'train_chosen_reward_mean': -0.011031967920630619, 'train_rejected_reward_mean': -0.016815944480778718, 'train_reward_diff': 0.005783976441145771, 'step': 270}
2025-12-06 00:41:55,748 - utils - INFO - Step 280: {'train_loss': 0.9941525303891727, 'train_accuracy': 0.5366071428571428, 'train_chosen_reward_mean': -0.020531483761234474, 'train_rejected_reward_mean': -0.026378952893927426, 'train_reward_diff': 0.005847468765153151, 'step': 280}
2025-12-06 00:41:56,593 - utils - INFO - Step 290: {'train_loss': 0.9923323294212079, 'train_accuracy': 0.5413793103448276, 'train_chosen_reward_mean': -0.020488927637002077, 'train_rejected_reward_mean': -0.028156597657803574, 'train_reward_diff': 0.007667669775125024, 'step': 290}
2025-12-06 00:41:57,453 - utils - INFO - Step 300: {'train_loss': 0.9909118034442266, 'train_accuracy': 0.5408333333333334, 'train_chosen_reward_mean': -0.021811034302227198, 'train_rejected_reward_mean': -0.03089923021926855, 'train_reward_diff': 0.009088195480871945, 'step': 300}
2025-12-06 00:41:58,197 - utils - INFO - Step 310: {'train_loss': 0.9908931016921997, 'train_accuracy': 0.5403225806451613, 'train_chosen_reward_mean': -0.026908637530681106, 'train_rejected_reward_mean': -0.0360155354606949, 'train_reward_diff': 0.009106897543965568, 'step': 310}
2025-12-06 00:41:58,979 - utils - INFO - Step 320: {'train_loss': 0.9870385171845555, 'train_accuracy': 0.5421875, 'train_chosen_reward_mean': -0.02524086327321129, 'train_rejected_reward_mean': -0.03820234592058114, 'train_reward_diff': 0.012961482273385627, 'step': 320}
2025-12-06 00:41:59,794 - utils - INFO - Step 330: {'train_loss': 0.9816889054847486, 'train_accuracy': 0.5431818181818182, 'train_chosen_reward_mean': -0.018312509737513735, 'train_rejected_reward_mean': -0.03688363434224756, 'train_reward_diff': 0.01857112397115226, 'step': 330}
2025-12-06 00:42:00,619 - utils - INFO - Step 340: {'train_loss': 0.9811150822569342, 'train_accuracy': 0.5426470588235294, 'train_chosen_reward_mean': -0.020380686635754125, 'train_rejected_reward_mean': -0.040055767328286654, 'train_reward_diff': 0.019675080395331057, 'step': 340}
2025-12-06 00:42:01,530 - utils - INFO - Step 350: {'train_loss': 0.9811655254023416, 'train_accuracy': 0.5407142857142857, 'train_chosen_reward_mean': -0.02204884288167315, 'train_rejected_reward_mean': -0.04207779940949487, 'train_reward_diff': 0.020028956260399095, 'step': 350}
2025-12-06 00:42:02,355 - utils - INFO - Step 360: {'train_loss': 0.9776685550808907, 'train_accuracy': 0.5402777777777777, 'train_chosen_reward_mean': -0.007870678165151428, 'train_rejected_reward_mean': -0.03220156128194907, 'train_reward_diff': 0.02433088271193103, 'step': 360}
2025-12-06 00:42:03,168 - utils - INFO - Step 370: {'train_loss': 0.9752102176885347, 'train_accuracy': 0.5391891891891892, 'train_chosen_reward_mean': 0.006123795122461947, 'train_rejected_reward_mean': -0.02148328495174143, 'train_reward_diff': 0.02760708016356, 'step': 370}
2025-12-06 00:42:03,951 - utils - INFO - Step 380: {'train_loss': 0.9768648668339378, 'train_accuracy': 0.5407894736842105, 'train_chosen_reward_mean': 0.01642861780342891, 'train_rejected_reward_mean': -0.009449673906630394, 'train_reward_diff': 0.025878291463748992, 'step': 380}
2025-12-06 00:42:04,734 - utils - INFO - Step 390: {'train_loss': 0.9768401011442527, 'train_accuracy': 0.541025641025641, 'train_chosen_reward_mean': 0.027904951327647535, 'train_rejected_reward_mean': 0.0020722319377968327, 'train_reward_diff': 0.025832719493728992, 'step': 390}
2025-12-06 00:42:05,494 - utils - INFO - Step 400: {'train_loss': 0.9753973460197449, 'train_accuracy': 0.545, 'train_chosen_reward_mean': 0.0396007962373551, 'train_rejected_reward_mean': 0.012365650244173593, 'train_reward_diff': 0.027235146243474447, 'step': 400}
2025-12-06 00:42:06,416 - utils - INFO - Step 410: {'train_loss': 0.9732128154940721, 'train_accuracy': 0.5445121951219513, 'train_chosen_reward_mean': 0.04973275289280204, 'train_rejected_reward_mean': 0.01997251880252961, 'train_reward_diff': 0.02976023420725563, 'step': 410}
2025-12-06 00:42:07,287 - utils - INFO - Step 420: {'train_loss': 0.9704345139719192, 'train_accuracy': 0.5476190476190477, 'train_chosen_reward_mean': 0.05562567429151386, 'train_rejected_reward_mean': 0.022465331593550564, 'train_reward_diff': 0.033160342741203275, 'step': 420}
2025-12-06 00:42:08,064 - utils - INFO - Step 430: {'train_loss': 0.9648980744356332, 'train_accuracy': 0.5505813953488372, 'train_chosen_reward_mean': 0.06094884008147516, 'train_rejected_reward_mean': 0.02126609363192476, 'train_reward_diff': 0.03968274643114053, 'step': 430}
2025-12-06 00:42:08,865 - utils - INFO - Step 440: {'train_loss': 0.9607023287225853, 'train_accuracy': 0.5517045454545455, 'train_chosen_reward_mean': 0.06877818089296026, 'train_rejected_reward_mean': 0.02397818930119022, 'train_reward_diff': 0.04479999198017388, 'step': 440}
2025-12-06 00:42:09,781 - utils - INFO - Step 450: {'train_loss': 0.9602204021480348, 'train_accuracy': 0.5516666666666666, 'train_chosen_reward_mean': 0.07792098100297153, 'train_rejected_reward_mean': 0.03183513329105658, 'train_reward_diff': 0.04608584782677806, 'step': 450}
2025-12-06 00:42:10,516 - utils - INFO - Step 460: {'train_loss': 0.9596192784283473, 'train_accuracy': 0.5505434782608696, 'train_chosen_reward_mean': 0.08669024357956874, 'train_rejected_reward_mean': 0.03980462368749811, 'train_reward_diff': 0.046885619810073755, 'step': 460}
2025-12-06 00:42:11,269 - utils - INFO - Step 470: {'train_loss': 0.9579034771690977, 'train_accuracy': 0.5521276595744681, 'train_chosen_reward_mean': 0.09553587597081477, 'train_rejected_reward_mean': 0.04681076904253519, 'train_reward_diff': 0.04872510700655031, 'step': 470}
2025-12-06 00:42:12,085 - utils - INFO - Step 480: {'train_loss': 0.9568590172256033, 'train_accuracy': 0.5520833333333334, 'train_chosen_reward_mean': 0.10192689698790976, 'train_rejected_reward_mean': 0.05194639013158545, 'train_reward_diff': 0.04998050718131708, 'step': 480}
2025-12-06 00:42:12,882 - utils - INFO - Step 490: {'train_loss': 0.9556519246223022, 'train_accuracy': 0.5525510204081633, 'train_chosen_reward_mean': 0.11189554098290297, 'train_rejected_reward_mean': 0.06008869302221479, 'train_reward_diff': 0.05180684818781684, 'step': 490}
2025-12-06 00:42:13,628 - utils - INFO - Step 500: {'train_loss': 0.9557602369189262, 'train_accuracy': 0.5555, 'train_chosen_reward_mean': 0.11748776833992451, 'train_rejected_reward_mean': 0.0659031235636212, 'train_reward_diff': 0.05158464489458129, 'step': 500}
2025-12-06 00:42:14,438 - utils - INFO - Step 510: {'train_loss': 0.953854342009507, 'train_accuracy': 0.5563725490196079, 'train_chosen_reward_mean': 0.12473580789314036, 'train_rejected_reward_mean': 0.07019003729619012, 'train_reward_diff': 0.054545770522992254, 'step': 510}
2025-12-06 00:42:15,301 - utils - INFO - Step 520: {'train_loss': 0.9521062186131111, 'train_accuracy': 0.5567307692307693, 'train_chosen_reward_mean': 0.13025208918216566, 'train_rejected_reward_mean': 0.07269747243486703, 'train_reward_diff': 0.05755461678938725, 'step': 520}
2025-12-06 00:42:16,038 - utils - INFO - Step 530: {'train_loss': 0.9525196686105908, 'train_accuracy': 0.5570754716981132, 'train_chosen_reward_mean': 0.13110745562117476, 'train_rejected_reward_mean': 0.07414856833397007, 'train_reward_diff': 0.056958887265239545, 'step': 530}
2025-12-06 00:42:16,861 - utils - INFO - Step 540: {'train_loss': 0.9510162373935734, 'train_accuracy': 0.5606481481481481, 'train_chosen_reward_mean': 0.13158620906631566, 'train_rejected_reward_mean': 0.0732272028289218, 'train_reward_diff': 0.058359006229632845, 'step': 540}
2025-12-06 00:42:17,727 - utils - INFO - Step 550: {'train_loss': 0.9504459545287219, 'train_accuracy': 0.5613636363636364, 'train_chosen_reward_mean': 0.13200399441051888, 'train_rejected_reward_mean': 0.0731225280112333, 'train_reward_diff': 0.05888146637473255, 'step': 550}
2025-12-06 00:42:18,516 - utils - INFO - Step 560: {'train_loss': 0.9479468615459544, 'train_accuracy': 0.5629464285714286, 'train_chosen_reward_mean': 0.13193135396161648, 'train_rejected_reward_mean': 0.07039398987918892, 'train_reward_diff': 0.06153736436431895, 'step': 560}
2025-12-06 00:42:19,217 - utils - INFO - Step 570: {'train_loss': 0.9459718617953752, 'train_accuracy': 0.5644736842105263, 'train_chosen_reward_mean': 0.13249981925136556, 'train_rejected_reward_mean': 0.06843345725230807, 'train_reward_diff': 0.06406636224986104, 'step': 570}
2025-12-06 00:42:20,009 - utils - INFO - Step 580: {'train_loss': 0.9447102887363269, 'train_accuracy': 0.5637931034482758, 'train_chosen_reward_mean': 0.13570093200622318, 'train_rejected_reward_mean': 0.06992851975414068, 'train_reward_diff': 0.0657724123829494, 'step': 580}
2025-12-06 00:42:20,801 - utils - INFO - Step 590: {'train_loss': 0.943212869965424, 'train_accuracy': 0.5648305084745763, 'train_chosen_reward_mean': 0.13901068193411803, 'train_rejected_reward_mean': 0.07180715636942157, 'train_reward_diff': 0.06720352560494852, 'step': 590}
2025-12-06 00:42:21,644 - utils - INFO - Step 600: {'train_loss': 0.9418180848658085, 'train_accuracy': 0.5645833333333333, 'train_chosen_reward_mean': 0.14144806356712555, 'train_rejected_reward_mean': 0.07300915403175168, 'train_reward_diff': 0.0684389096556697, 'step': 600}
2025-12-06 00:42:22,650 - utils - INFO - Step 610: {'train_loss': 0.9435544620283315, 'train_accuracy': 0.5643442622950819, 'train_chosen_reward_mean': 0.1444266536097485, 'train_rejected_reward_mean': 0.07788203153950086, 'train_reward_diff': 0.06654462235956835, 'step': 610}
2025-12-06 00:42:23,604 - utils - INFO - Step 620: {'train_loss': 0.9422876795934093, 'train_accuracy': 0.5653225806451613, 'train_chosen_reward_mean': 0.14604276272303035, 'train_rejected_reward_mean': 0.07807302589625902, 'train_reward_diff': 0.06796973715949382, 'step': 620}
2025-12-06 00:42:24,423 - utils - INFO - Step 630: {'train_loss': 0.943504123318763, 'train_accuracy': 0.5642857142857143, 'train_chosen_reward_mean': 0.1471672499485846, 'train_rejected_reward_mean': 0.08057163801110749, 'train_reward_diff': 0.06659561225900515, 'step': 630}
2025-12-06 00:42:25,306 - utils - INFO - Step 640: {'train_loss': 0.9409524016082287, 'train_accuracy': 0.566015625, 'train_chosen_reward_mean': 0.15103875535060068, 'train_rejected_reward_mean': 0.08152663858963934, 'train_reward_diff': 0.06951211706582398, 'step': 640}
2025-12-06 00:42:25,992 - utils - INFO - Step 650: {'train_loss': 0.9394117742318373, 'train_accuracy': 0.5661538461538461, 'train_chosen_reward_mean': 0.15611214607022703, 'train_rejected_reward_mean': 0.08423787208596388, 'train_reward_diff': 0.07187427403226208, 'step': 650}
2025-12-06 00:42:26,812 - utils - INFO - Step 660: {'train_loss': 0.9405962154720768, 'train_accuracy': 0.565530303030303, 'train_chosen_reward_mean': 0.15853967024507284, 'train_rejected_reward_mean': 0.08795296252796878, 'train_reward_diff': 0.07058670793370711, 'step': 660}
2025-12-06 00:42:27,746 - utils - INFO - Step 670: {'train_loss': 0.9408696665692685, 'train_accuracy': 0.567910447761194, 'train_chosen_reward_mean': 0.15145480560708735, 'train_rejected_reward_mean': 0.08130845837746817, 'train_reward_diff': 0.0701463475430718, 'step': 670}
2025-12-06 00:42:28,608 - utils - INFO - Step 680: {'train_loss': 0.9397712449817096, 'train_accuracy': 0.5691176470588235, 'train_chosen_reward_mean': 0.14310878183459863, 'train_rejected_reward_mean': 0.07202601357096095, 'train_reward_diff': 0.07108276858343743, 'step': 680}
2025-12-06 00:42:29,503 - utils - INFO - Step 690: {'train_loss': 0.9392357302748638, 'train_accuracy': 0.5681159420289855, 'train_chosen_reward_mean': 0.1348294719318063, 'train_rejected_reward_mean': 0.06315031052614306, 'train_reward_diff': 0.07167916165604053, 'step': 690}
2025-12-06 00:42:30,283 - utils - INFO - Step 700: {'train_loss': 0.9381277665070125, 'train_accuracy': 0.5696428571428571, 'train_chosen_reward_mean': 0.1319092113757506, 'train_rejected_reward_mean': 0.05886693891570238, 'train_reward_diff': 0.07304227250461866, 'step': 700}
2025-12-06 00:42:31,037 - utils - INFO - Step 710: {'train_loss': 0.9377686495512304, 'train_accuracy': 0.5690140845070423, 'train_chosen_reward_mean': 0.13092935537775113, 'train_rejected_reward_mean': 0.05753757476078635, 'train_reward_diff': 0.07339178056646348, 'step': 710}
2025-12-06 00:42:31,944 - utils - INFO - Step 720: {'train_loss': 0.9358924426138401, 'train_accuracy': 0.5704861111111111, 'train_chosen_reward_mean': 0.1335028085773552, 'train_rejected_reward_mean': 0.05750539103011963, 'train_reward_diff': 0.07599741742499949, 'step': 720}
2025-12-06 00:42:32,718 - utils - INFO - Step 730: {'train_loss': 0.9369118387976738, 'train_accuracy': 0.5705479452054795, 'train_chosen_reward_mean': 0.13187213294297354, 'train_rejected_reward_mean': 0.05514598199874418, 'train_reward_diff': 0.07672615070119244, 'step': 730}
2025-12-06 00:42:33,507 - utils - INFO - Step 740: {'train_loss': 0.9364990525551744, 'train_accuracy': 0.5712837837837837, 'train_chosen_reward_mean': 0.1269719210648406, 'train_rejected_reward_mean': 0.049841387921352745, 'train_reward_diff': 0.07713053283325673, 'step': 740}
2025-12-06 00:42:34,392 - utils - INFO - Step 750: {'train_loss': 0.9361823636293412, 'train_accuracy': 0.572, 'train_chosen_reward_mean': 0.12340078717656433, 'train_rejected_reward_mean': 0.04582196627960851, 'train_reward_diff': 0.07757882051138829, 'step': 750}
2025-12-06 00:42:35,215 - utils - INFO - Step 760: {'train_loss': 0.9356764862019765, 'train_accuracy': 0.5713815789473684, 'train_chosen_reward_mean': 0.12022167673322225, 'train_rejected_reward_mean': 0.04212047013509283, 'train_reward_diff': 0.0781012062911606, 'step': 760}
2025-12-06 00:42:36,115 - utils - INFO - Step 770: {'train_loss': 0.9359332484471333, 'train_accuracy': 0.5694805194805195, 'train_chosen_reward_mean': 0.11715809066852483, 'train_rejected_reward_mean': 0.03943044249022791, 'train_reward_diff': 0.07772764785596255, 'step': 770}
2025-12-06 00:42:37,010 - utils - INFO - Step 780: {'train_loss': 0.9346548696741079, 'train_accuracy': 0.5708333333333333, 'train_chosen_reward_mean': 0.11833721278653217, 'train_rejected_reward_mean': 0.03907510112785997, 'train_reward_diff': 0.07926211144554261, 'step': 780}
2025-12-06 00:42:37,855 - utils - INFO - Step 790: {'train_loss': 0.9328242751993711, 'train_accuracy': 0.5724683544303798, 'train_chosen_reward_mean': 0.11864093817192825, 'train_rejected_reward_mean': 0.03725262201196644, 'train_reward_diff': 0.08138831594953007, 'step': 790}
2025-12-06 00:42:38,623 - utils - INFO - Step 800: {'train_loss': 0.9307848995923996, 'train_accuracy': 0.5740625, 'train_chosen_reward_mean': 0.12056414767808747, 'train_rejected_reward_mean': 0.035956634300819135, 'train_reward_diff': 0.08460751321603312, 'step': 800}
2025-12-06 00:42:39,360 - utils - INFO - Step 810: {'train_loss': 0.9286268923385643, 'train_accuracy': 0.5746913580246914, 'train_chosen_reward_mean': 0.1232167764917522, 'train_rejected_reward_mean': 0.034746258953344766, 'train_reward_diff': 0.08847051726878379, 'step': 810}
2025-12-06 00:42:40,224 - utils - INFO - Step 820: {'train_loss': 0.9271748186248104, 'train_accuracy': 0.5759146341463415, 'train_chosen_reward_mean': 0.12920671804728576, 'train_rejected_reward_mean': 0.037158883289468085, 'train_reward_diff': 0.09204783469137577, 'step': 820}
2025-12-06 00:42:40,985 - utils - INFO - Step 830: {'train_loss': 0.927335296158331, 'train_accuracy': 0.5762048192771084, 'train_chosen_reward_mean': 0.12774276316603533, 'train_rejected_reward_mean': 0.03400739813700363, 'train_reward_diff': 0.09373536494543709, 'step': 830}
2025-12-06 00:42:41,915 - utils - INFO - Step 840: {'train_loss': 0.9265838148693244, 'train_accuracy': 0.5770833333333333, 'train_chosen_reward_mean': 0.12057222846973066, 'train_rejected_reward_mean': 0.025872167252236976, 'train_reward_diff': 0.0947000608954113, 'step': 840}
2025-12-06 00:42:42,756 - utils - INFO - Step 850: {'train_loss': 0.9284708085130243, 'train_accuracy': 0.5755882352941176, 'train_chosen_reward_mean': 0.11156163239029838, 'train_rejected_reward_mean': 0.018887015667963115, 'train_reward_diff': 0.09267461643910364, 'step': 850}
2025-12-06 00:42:43,661 - utils - INFO - Step 860: {'train_loss': 0.9289196066731631, 'train_accuracy': 0.575, 'train_chosen_reward_mean': 0.1044264314365898, 'train_rejected_reward_mean': 0.012446489704090583, 'train_reward_diff': 0.09197994130095034, 'step': 860}
2025-12-06 00:42:44,638 - utils - INFO - Step 870: {'train_loss': 0.9275781553024534, 'train_accuracy': 0.5764367816091954, 'train_chosen_reward_mean': 0.09782203604338754, 'train_rejected_reward_mean': 0.004740867446091069, 'train_reward_diff': 0.0930811681492982, 'step': 870}
2025-12-06 00:42:45,433 - utils - INFO - Step 880: {'train_loss': 0.9272001682696017, 'train_accuracy': 0.5761363636363637, 'train_chosen_reward_mean': 0.09100403903126293, 'train_rejected_reward_mean': -0.0023677537564336408, 'train_reward_diff': 0.09337179237865546, 'step': 880}
2025-12-06 00:42:46,145 - utils - INFO - Step 890: {'train_loss': 0.9275166096647134, 'train_accuracy': 0.575561797752809, 'train_chosen_reward_mean': 0.08572218460554068, 'train_rejected_reward_mean': -0.00754617231693956, 'train_reward_diff': 0.09326835647199219, 'step': 890}
2025-12-06 00:42:46,917 - utils - INFO - Step 900: {'train_loss': 0.926751920150386, 'train_accuracy': 0.5752777777777778, 'train_chosen_reward_mean': 0.08203968255625417, 'train_rejected_reward_mean': -0.012341505356081243, 'train_reward_diff': 0.09438118741718224, 'step': 900}
2025-12-06 00:42:47,770 - utils - INFO - Step 910: {'train_loss': 0.9250823117546982, 'train_accuracy': 0.5763736263736263, 'train_chosen_reward_mean': 0.07589931614686746, 'train_rejected_reward_mean': -0.020536082852785322, 'train_reward_diff': 0.09643539864094007, 'step': 910}
2025-12-06 00:42:48,563 - utils - INFO - Step 920: {'train_loss': 0.9252800450052904, 'train_accuracy': 0.5752717391304348, 'train_chosen_reward_mean': 0.07221788091574917, 'train_rejected_reward_mean': -0.024086728134020435, 'train_reward_diff': 0.09630460869495595, 'step': 920}
2025-12-06 00:42:49,328 - utils - INFO - Step 930: {'train_loss': 0.9259565746591937, 'train_accuracy': 0.5744623655913978, 'train_chosen_reward_mean': 0.0705281026115621, 'train_rejected_reward_mean': -0.024911753391416405, 'train_reward_diff': 0.09543985564597152, 'step': 930}
2025-12-06 00:42:50,119 - utils - INFO - Step 940: {'train_loss': 0.9255781389614369, 'train_accuracy': 0.5736702127659574, 'train_chosen_reward_mean': 0.06981164202480478, 'train_rejected_reward_mean': -0.025805013340234044, 'train_reward_diff': 0.09561665497418056, 'step': 940}
2025-12-06 00:42:51,023 - utils - INFO - Step 950: {'train_loss': 0.9256042117507834, 'train_accuracy': 0.5736842105263158, 'train_chosen_reward_mean': 0.06978839524237342, 'train_rejected_reward_mean': -0.025595936256362813, 'train_reward_diff': 0.0953843311276777, 'step': 950}
2025-12-06 00:42:51,981 - utils - INFO - Step 960: {'train_loss': 0.9243155277489374, 'train_accuracy': 0.5739583333333333, 'train_chosen_reward_mean': 0.07190475154736002, 'train_rejected_reward_mean': -0.025495710509858327, 'train_reward_diff': 0.09740046171330809, 'step': 960}
2025-12-06 00:42:52,832 - utils - INFO - Step 970: {'train_loss': 0.9237509366009653, 'train_accuracy': 0.5747422680412371, 'train_chosen_reward_mean': 0.07491700636731825, 'train_rejected_reward_mean': -0.023309920550343224, 'train_reward_diff': 0.0982269265926587, 'step': 970}
2025-12-06 00:42:53,619 - utils - INFO - Step 980: {'train_loss': 0.9224499363680275, 'train_accuracy': 0.5744897959183674, 'train_chosen_reward_mean': 0.07615827590141598, 'train_rejected_reward_mean': -0.024027248067847853, 'train_reward_diff': 0.1001855236703853, 'step': 980}
2025-12-06 00:42:54,370 - utils - INFO - Step 990: {'train_loss': 0.9233150862684154, 'train_accuracy': 0.5739898989898989, 'train_chosen_reward_mean': 0.07537748808125881, 'train_rejected_reward_mean': -0.024053049372330382, 'train_reward_diff': 0.09943053721793636, 'step': 990}
2025-12-06 00:42:55,176 - utils - INFO - Step 1000: {'train_loss': 0.9223212713599205, 'train_accuracy': 0.5755, 'train_chosen_reward_mean': 0.07384596802061423, 'train_rejected_reward_mean': -0.02645205386611633, 'train_reward_diff': 0.10029802157520316, 'step': 1000}
2025-12-06 00:42:56,006 - utils - INFO - Step 1010: {'train_loss': 0.9230631076758451, 'train_accuracy': 0.5747524752475247, 'train_chosen_reward_mean': 0.0710633063794916, 'train_rejected_reward_mean': -0.028519639482325183, 'train_reward_diff': 0.09958294548698249, 'step': 1010}
2025-12-06 00:42:56,748 - utils - INFO - Step 1020: {'train_loss': 0.9219649306407162, 'train_accuracy': 0.5745098039215686, 'train_chosen_reward_mean': 0.07106687377033499, 'train_rejected_reward_mean': -0.0295744977003493, 'train_reward_diff': 0.10064137126022366, 'step': 1020}
2025-12-06 00:42:57,579 - utils - INFO - Step 1030: {'train_loss': 0.9210578236475732, 'train_accuracy': 0.575, 'train_chosen_reward_mean': 0.07519131544570538, 'train_rejected_reward_mean': -0.027026917227290715, 'train_reward_diff': 0.10221823251521378, 'step': 1030}
2025-12-06 00:42:58,369 - utils - INFO - Step 1040: {'train_loss': 0.9218163760522238, 'train_accuracy': 0.5737980769230769, 'train_chosen_reward_mean': 0.08053047420734612, 'train_rejected_reward_mean': -0.02084034185458082, 'train_reward_diff': 0.10137081587700568, 'step': 1040}
2025-12-06 00:42:59,125 - utils - INFO - Step 1050: {'train_loss': 0.9215303504750842, 'train_accuracy': 0.5745238095238095, 'train_chosen_reward_mean': 0.08582769605508518, 'train_rejected_reward_mean': -0.015618642695203779, 'train_reward_diff': 0.10144633856712885, 'step': 1050}
2025-12-06 00:42:59,898 - utils - INFO - Step 1060: {'train_loss': 0.9200520651239269, 'train_accuracy': 0.5754716981132075, 'train_chosen_reward_mean': 0.09021377251527431, 'train_rejected_reward_mean': -0.012887612504243218, 'train_reward_diff': 0.10310138471156605, 'step': 1060}
2025-12-06 00:43:00,934 - utils - INFO - Step 1070: {'train_loss': 0.9193814599625418, 'train_accuracy': 0.5754672897196261, 'train_chosen_reward_mean': 0.09441392356399272, 'train_rejected_reward_mean': -0.009852208265660453, 'train_reward_diff': 0.10426613145146658, 'step': 1070}
2025-12-06 00:43:01,745 - utils - INFO - Step 1080: {'train_loss': 0.9208617925092026, 'train_accuracy': 0.5740740740740741, 'train_chosen_reward_mean': 0.09440910478286377, 'train_rejected_reward_mean': -0.008676202121596024, 'train_reward_diff': 0.10308530661600848, 'step': 1080}
2025-12-06 00:43:02,565 - utils - INFO - Step 1090: {'train_loss': 0.919747427926151, 'train_accuracy': 0.575, 'train_chosen_reward_mean': 0.09232710338573595, 'train_rejected_reward_mean': -0.011833657511219451, 'train_reward_diff': 0.10416076055988499, 'step': 1090}
2025-12-06 00:43:03,278 - utils - INFO - Step 1100: {'train_loss': 0.9195493612235243, 'train_accuracy': 0.5747727272727273, 'train_chosen_reward_mean': 0.09144132586831058, 'train_rejected_reward_mean': -0.012983203383628279, 'train_reward_diff': 0.1044245288908397, 'step': 1100}
2025-12-06 00:43:04,126 - utils - INFO - Step 1110: {'train_loss': 0.918998500865859, 'train_accuracy': 0.5756756756756757, 'train_chosen_reward_mean': 0.09034312496775644, 'train_rejected_reward_mean': -0.01480271734595131, 'train_reward_diff': 0.10514584206996973, 'step': 1110}
2025-12-06 00:43:04,808 - utils - INFO - Step 1120: {'train_loss': 0.9179478091054729, 'train_accuracy': 0.5758928571428571, 'train_chosen_reward_mean': 0.09097534109231284, 'train_rejected_reward_mean': -0.015442312291582182, 'train_reward_diff': 0.10641765315563784, 'step': 1120}
2025-12-06 00:43:05,538 - utils - INFO - Step 1130: {'train_loss': 0.9151596259754315, 'train_accuracy': 0.5776548672566372, 'train_chosen_reward_mean': 0.09068872407532041, 'train_rejected_reward_mean': -0.01989892832831834, 'train_reward_diff': 0.11058765212465407, 'step': 1130}
2025-12-06 00:43:06,329 - utils - INFO - Step 1140: {'train_loss': 0.9155305879680734, 'train_accuracy': 0.5774122807017544, 'train_chosen_reward_mean': 0.09467075553175323, 'train_rejected_reward_mean': -0.015893920898854143, 'train_reward_diff': 0.11056467632399546, 'step': 1140}
2025-12-06 00:43:07,059 - utils - INFO - Step 1150: {'train_loss': 0.9152183703106382, 'train_accuracy': 0.5782608695652174, 'train_chosen_reward_mean': 0.09876286282285077, 'train_rejected_reward_mean': -0.01275240495375803, 'train_reward_diff': 0.11151526770331775, 'step': 1150}
2025-12-06 00:43:07,830 - utils - INFO - Step 1160: {'train_loss': 0.9140272609889507, 'train_accuracy': 0.5790948275862069, 'train_chosen_reward_mean': 0.10344438868663113, 'train_rejected_reward_mean': -0.009689606445769234, 'train_reward_diff': 0.11313399516893069, 'step': 1160}
2025-12-06 00:43:08,573 - utils - INFO - Step 1170: {'train_loss': 0.9132669133253587, 'train_accuracy': 0.57991452991453, 'train_chosen_reward_mean': 0.10515693120268356, 'train_rejected_reward_mean': -0.008871690065074617, 'train_reward_diff': 0.11402862139312853, 'step': 1170}
2025-12-06 00:43:09,498 - utils - INFO - Step 1180: {'train_loss': 0.9131805694456828, 'train_accuracy': 0.5790254237288136, 'train_chosen_reward_mean': 0.10809482397724701, 'train_rejected_reward_mean': -0.006342359331349637, 'train_reward_diff': 0.11443718341396238, 'step': 1180}
2025-12-06 00:43:10,311 - utils - INFO - Step 1190: {'train_loss': 0.9143551721542823, 'train_accuracy': 0.5785714285714286, 'train_chosen_reward_mean': 0.10974157725993011, 'train_rejected_reward_mean': -0.0033369216463379875, 'train_reward_diff': 0.11307849891996402, 'step': 1190}
2025-12-06 00:43:11,201 - utils - INFO - Step 1200: {'train_loss': 0.9146815584848325, 'train_accuracy': 0.5785416666666666, 'train_chosen_reward_mean': 0.11153284957438397, 'train_rejected_reward_mean': -0.0012517544493312017, 'train_reward_diff': 0.11278460406834104, 'step': 1200}
2025-12-06 00:43:12,066 - utils - INFO - Step 1210: {'train_loss': 0.9150350158618501, 'train_accuracy': 0.5774793388429752, 'train_chosen_reward_mean': 0.11252189239617899, 'train_rejected_reward_mean': 0.0003177388896395968, 'train_reward_diff': 0.11220415349537892, 'step': 1210}
2025-12-06 00:43:12,926 - utils - INFO - Step 1220: {'train_loss': 0.9152738798104348, 'train_accuracy': 0.5766393442622951, 'train_chosen_reward_mean': 0.11218522531018577, 'train_rejected_reward_mean': 5.540749550506961e-05, 'train_reward_diff': 0.11212981777918357, 'step': 1220}
2025-12-06 00:43:13,714 - utils - INFO - Step 1230: {'train_loss': 0.9153968312633716, 'train_accuracy': 0.5764227642276423, 'train_chosen_reward_mean': 0.11387848235416885, 'train_rejected_reward_mean': 0.0020117217517738057, 'train_reward_diff': 0.11186676062776033, 'step': 1230}
2025-12-06 00:43:14,546 - utils - INFO - Step 1240: {'train_loss': 0.9153526091527554, 'train_accuracy': 0.5766129032258065, 'train_chosen_reward_mean': 0.11585392558819524, 'train_rejected_reward_mean': 0.00409065661144503, 'train_reward_diff': 0.11176326899590242, 'step': 1240}
2025-12-06 00:43:15,368 - utils - INFO - Step 1250: {'train_loss': 0.9142739785432815, 'train_accuracy': 0.5772, 'train_chosen_reward_mean': 0.12015030258707703, 'train_rejected_reward_mean': 0.007207065142132342, 'train_reward_diff': 0.11294323755335063, 'step': 1250}
2025-12-06 00:43:16,198 - utils - INFO - Step 1260: {'train_loss': 0.9137775937597903, 'train_accuracy': 0.5773809523809523, 'train_chosen_reward_mean': 0.12418995203768154, 'train_rejected_reward_mean': 0.010502528139973976, 'train_reward_diff': 0.11368742399342684, 'step': 1260}
2025-12-06 00:43:17,103 - utils - INFO - Step 1270: {'train_loss': 0.9135904645708602, 'train_accuracy': 0.577755905511811, 'train_chosen_reward_mean': 0.12814380991580623, 'train_rejected_reward_mean': 0.013955557106730096, 'train_reward_diff': 0.11418825296857431, 'step': 1270}
2025-12-06 00:43:17,871 - utils - INFO - Step 1280: {'train_loss': 0.9119377068360336, 'train_accuracy': 0.578515625, 'train_chosen_reward_mean': 0.13188256397079384, 'train_rejected_reward_mean': 0.015258063394321652, 'train_reward_diff': 0.11662450087442267, 'step': 1280}
2025-12-06 00:43:18,764 - utils - INFO - Step 1290: {'train_loss': 0.9115560384337292, 'train_accuracy': 0.5786821705426357, 'train_chosen_reward_mean': 0.13569045819219405, 'train_rejected_reward_mean': 0.018177035405632657, 'train_reward_diff': 0.11751342320349067, 'step': 1290}
2025-12-06 00:43:19,466 - utils - INFO - Step 1300: {'train_loss': 0.9127233239435233, 'train_accuracy': 0.578076923076923, 'train_chosen_reward_mean': 0.13643600270546113, 'train_rejected_reward_mean': 0.020053049601936858, 'train_reward_diff': 0.11638295350578398, 'step': 1300}
2025-12-06 00:43:20,364 - utils - INFO - Step 1310: {'train_loss': 0.9126533532529387, 'train_accuracy': 0.5778625954198473, 'train_chosen_reward_mean': 0.13649845920496032, 'train_rejected_reward_mean': 0.02018278450545151, 'train_reward_diff': 0.11631567512144768, 'step': 1310}
2025-12-06 00:43:21,175 - utils - INFO - Step 1320: {'train_loss': 0.9124202424942544, 'train_accuracy': 0.5778409090909091, 'train_chosen_reward_mean': 0.13538500968980688, 'train_rejected_reward_mean': 0.018954393562021186, 'train_reward_diff': 0.11643061655781684, 'step': 1320}
2025-12-06 00:43:22,038 - utils - INFO - Step 1330: {'train_loss': 0.9122607031823101, 'train_accuracy': 0.5780075187969925, 'train_chosen_reward_mean': 0.13491649330327554, 'train_rejected_reward_mean': 0.01833852134116302, 'train_reward_diff': 0.11657797238891034, 'step': 1330}
2025-12-06 00:43:22,781 - utils - INFO - Step 1340: {'train_loss': 0.9121639189546678, 'train_accuracy': 0.5777985074626866, 'train_chosen_reward_mean': 0.1338814523748692, 'train_rejected_reward_mean': 0.016995044520520954, 'train_reward_diff': 0.11688640828630123, 'step': 1340}
2025-12-06 00:43:23,694 - utils - INFO - Step 1350: {'train_loss': 0.9118461748736876, 'train_accuracy': 0.5768518518518518, 'train_chosen_reward_mean': 0.13525973854896922, 'train_rejected_reward_mean': 0.018057277965083444, 'train_reward_diff': 0.1172024610678286, 'step': 1350}
2025-12-06 00:43:24,434 - utils - INFO - Step 1360: {'train_loss': 0.9100660543998375, 'train_accuracy': 0.578125, 'train_chosen_reward_mean': 0.137253930738456, 'train_rejected_reward_mean': 0.017618708959814874, 'train_reward_diff': 0.11963522212206633, 'step': 1360}
2025-12-06 00:43:25,330 - utils - INFO - Step 1370: {'train_loss': 0.9096801822964292, 'train_accuracy': 0.5782846715328467, 'train_chosen_reward_mean': 0.14291255922315058, 'train_rejected_reward_mean': 0.022588040234595808, 'train_reward_diff': 0.12032451934034998, 'step': 1370}
2025-12-06 00:43:26,156 - utils - INFO - Step 1380: {'train_loss': 0.9088169780006443, 'train_accuracy': 0.5788043478260869, 'train_chosen_reward_mean': 0.14781222462323426, 'train_rejected_reward_mean': 0.025597006520695065, 'train_reward_diff': 0.12221521828981602, 'step': 1380}
2025-12-06 00:43:26,957 - utils - INFO - Step 1390: {'train_loss': 0.9084458993171617, 'train_accuracy': 0.5793165467625899, 'train_chosen_reward_mean': 0.15045789615385127, 'train_rejected_reward_mean': 0.027860300334860578, 'train_reward_diff': 0.1225975960585215, 'step': 1390}
2025-12-06 00:43:27,725 - utils - INFO - Step 1400: {'train_loss': 0.907563819576587, 'train_accuracy': 0.5798214285714286, 'train_chosen_reward_mean': 0.1515045658615418, 'train_rejected_reward_mean': 0.027302280532229425, 'train_reward_diff': 0.1242022856629254, 'step': 1400}
2025-12-06 00:43:28,513 - utils - INFO - Step 1410: {'train_loss': 0.9064726129385596, 'train_accuracy': 0.5806737588652482, 'train_chosen_reward_mean': 0.152646108131182, 'train_rejected_reward_mean': 0.027118812687199643, 'train_reward_diff': 0.12552729574880886, 'step': 1410}
2025-12-06 00:43:29,266 - utils - INFO - Step 1420: {'train_loss': 0.9058365308273006, 'train_accuracy': 0.5809859154929577, 'train_chosen_reward_mean': 0.15492762689852535, 'train_rejected_reward_mean': 0.028514817394611335, 'train_reward_diff': 0.1264128098748034, 'step': 1420}
2025-12-06 00:43:30,013 - utils - INFO - Step 1430: {'train_loss': 0.9059259006610283, 'train_accuracy': 0.580944055944056, 'train_chosen_reward_mean': 0.15643108836831068, 'train_rejected_reward_mean': 0.030086412979778345, 'train_reward_diff': 0.1263446757411975, 'step': 1430}
2025-12-06 00:43:30,871 - utils - INFO - Step 1440: {'train_loss': 0.9062477373414569, 'train_accuracy': 0.5809027777777778, 'train_chosen_reward_mean': 0.1579865381545258, 'train_rejected_reward_mean': 0.032122982268305754, 'train_reward_diff': 0.12586355639165656, 'step': 1440}
2025-12-06 00:43:31,548 - utils - INFO - Step 1450: {'train_loss': 0.9056947705252417, 'train_accuracy': 0.581551724137931, 'train_chosen_reward_mean': 0.16059767353219975, 'train_rejected_reward_mean': 0.03395616466452464, 'train_reward_diff': 0.12664150942357835, 'step': 1450}
2025-12-06 00:43:32,266 - utils - INFO - Step 1460: {'train_loss': 0.9048051829003307, 'train_accuracy': 0.5823630136986301, 'train_chosen_reward_mean': 0.16388638094163258, 'train_rejected_reward_mean': 0.036183410475496204, 'train_reward_diff': 0.12770297094423655, 'step': 1460}
2025-12-06 00:43:33,099 - utils - INFO - Step 1470: {'train_loss': 0.9061925162466204, 'train_accuracy': 0.5811224489795919, 'train_chosen_reward_mean': 0.16776504673817683, 'train_rejected_reward_mean': 0.041535555668409635, 'train_reward_diff': 0.12622949144324655, 'step': 1470}
2025-12-06 00:43:34,019 - utils - INFO - Step 1480: {'train_loss': 0.9041829051802287, 'train_accuracy': 0.5824324324324325, 'train_chosen_reward_mean': 0.1707742879428347, 'train_rejected_reward_mean': 0.04185489128246224, 'train_reward_diff': 0.12891939689540555, 'step': 1480}
2025-12-06 00:43:34,981 - utils - INFO - Step 1490: {'train_loss': 0.9032053428808314, 'train_accuracy': 0.5822147651006712, 'train_chosen_reward_mean': 0.1755219998085034, 'train_rejected_reward_mean': 0.04515762203169874, 'train_reward_diff': 0.13036437805026344, 'step': 1490}
2025-12-06 00:43:35,690 - utils - INFO - Step 1500: {'train_loss': 0.9028627276221911, 'train_accuracy': 0.5818333333333333, 'train_chosen_reward_mean': 0.17940985864990702, 'train_rejected_reward_mean': 0.047553206742585945, 'train_reward_diff': 0.13185665229319904, 'step': 1500}
2025-12-06 00:43:36,416 - utils - INFO - Step 1510: {'train_loss': 0.9028145221684942, 'train_accuracy': 0.5812913907284768, 'train_chosen_reward_mean': 0.18158921244714582, 'train_rejected_reward_mean': 0.04865171227508552, 'train_reward_diff': 0.1329375007034076, 'step': 1510}
2025-12-06 00:43:37,224 - utils - INFO - Step 1520: {'train_loss': 0.9014386291272546, 'train_accuracy': 0.5819078947368421, 'train_chosen_reward_mean': 0.1834458274040739, 'train_rejected_reward_mean': 0.04855012863362821, 'train_reward_diff': 0.13489569912183613, 'step': 1520}
2025-12-06 00:43:38,036 - utils - INFO - Step 1530: {'train_loss': 0.9014204331764988, 'train_accuracy': 0.5818627450980393, 'train_chosen_reward_mean': 0.18261672690407268, 'train_rejected_reward_mean': 0.04759801221612744, 'train_reward_diff': 0.13501871499564694, 'step': 1530}
2025-12-06 00:43:38,846 - utils - INFO - Step 1540: {'train_loss': 0.9008167010332857, 'train_accuracy': 0.5819805194805194, 'train_chosen_reward_mean': 0.18016178506916364, 'train_rejected_reward_mean': 0.04456190601937691, 'train_reward_diff': 0.13559987936032838, 'step': 1540}
2025-12-06 00:43:39,781 - utils - INFO - Step 1550: {'train_loss': 0.8996651391156258, 'train_accuracy': 0.5829032258064516, 'train_chosen_reward_mean': 0.17883385938832597, 'train_rejected_reward_mean': 0.04182101448291853, 'train_reward_diff': 0.1370128452499968, 'step': 1550}
2025-12-06 00:43:40,553 - utils - INFO - Step 1560: {'train_loss': 0.8997312082598606, 'train_accuracy': 0.5830128205128206, 'train_chosen_reward_mean': 0.1766871230661845, 'train_rejected_reward_mean': 0.03951861482570306, 'train_reward_diff': 0.13716850863539806, 'step': 1560}
2025-12-06 00:43:41,292 - utils - INFO - Step 1570: {'train_loss': 0.8990203718755655, 'train_accuracy': 0.5837579617834395, 'train_chosen_reward_mean': 0.17578279185108842, 'train_rejected_reward_mean': 0.03690507768424951, 'train_reward_diff': 0.138877714478565, 'step': 1570}
2025-12-06 00:43:42,329 - utils - INFO - Step 1580: {'train_loss': 0.9004254285576223, 'train_accuracy': 0.582753164556962, 'train_chosen_reward_mean': 0.17318657996763676, 'train_rejected_reward_mean': 0.035886052020536616, 'train_reward_diff': 0.13730052827099998, 'step': 1580}
2025-12-06 00:43:43,076 - utils - INFO - Step 1590: {'train_loss': 0.899590772793353, 'train_accuracy': 0.5834905660377359, 'train_chosen_reward_mean': 0.1718424798355514, 'train_rejected_reward_mean': 0.0335227401993009, 'train_reward_diff': 0.13831973996279914, 'step': 1590}
2025-12-06 00:43:43,884 - utils - INFO - Step 1600: {'train_loss': 0.8990098662208765, 'train_accuracy': 0.58375, 'train_chosen_reward_mean': 0.17188432675640797, 'train_rejected_reward_mean': 0.032552490165253405, 'train_reward_diff': 0.13933183687375275, 'step': 1600}
2025-12-06 00:43:44,724 - utils - INFO - Step 1610: {'train_loss': 0.8988170677367945, 'train_accuracy': 0.5835403726708075, 'train_chosen_reward_mean': 0.1727049354541908, 'train_rejected_reward_mean': 0.03287106775606387, 'train_reward_diff': 0.13983386791649605, 'step': 1610}
2025-12-06 00:43:45,606 - utils - INFO - Step 1620: {'train_loss': 0.8986839996535837, 'train_accuracy': 0.5836419753086419, 'train_chosen_reward_mean': 0.17324181533056415, 'train_rejected_reward_mean': 0.033509201731929485, 'train_reward_diff': 0.13973261376046633, 'step': 1620}
2025-12-06 00:43:46,479 - utils - INFO - Step 1630: {'train_loss': 0.8981591185817689, 'train_accuracy': 0.5842024539877301, 'train_chosen_reward_mean': 0.17340523152714996, 'train_rejected_reward_mean': 0.032734165638485246, 'train_reward_diff': 0.14067106611349625, 'step': 1630}
2025-12-06 00:43:47,146 - utils - INFO - Step 1640: {'train_loss': 0.8976983902930487, 'train_accuracy': 0.5847560975609756, 'train_chosen_reward_mean': 0.17322933826589865, 'train_rejected_reward_mean': 0.03190844792307627, 'train_reward_diff': 0.14132089049359442, 'step': 1640}
2025-12-06 00:43:47,916 - utils - INFO - Step 1650: {'train_loss': 0.897532608969645, 'train_accuracy': 0.5846969696969697, 'train_chosen_reward_mean': 0.1727349063401308, 'train_rejected_reward_mean': 0.03057098832390638, 'train_reward_diff': 0.14216391815027843, 'step': 1650}
2025-12-06 00:43:48,666 - utils - INFO - Step 1660: {'train_loss': 0.8973974444690239, 'train_accuracy': 0.5849397590361446, 'train_chosen_reward_mean': 0.17018735350519193, 'train_rejected_reward_mean': 0.027761226940299776, 'train_reward_diff': 0.14242612673404503, 'step': 1660}
2025-12-06 00:43:49,359 - utils - INFO - Step 1670: {'train_loss': 0.8969183302121961, 'train_accuracy': 0.5850299401197605, 'train_chosen_reward_mean': 0.1678592674576393, 'train_rejected_reward_mean': 0.024303095302165314, 'train_reward_diff': 0.14355617230353754, 'step': 1670}
2025-12-06 00:43:50,192 - utils - INFO - Step 1680: {'train_loss': 0.897293588297353, 'train_accuracy': 0.5849702380952381, 'train_chosen_reward_mean': 0.16459446668353242, 'train_rejected_reward_mean': 0.021324162024012324, 'train_reward_diff': 0.1432703047867454, 'step': 1680}
2025-12-06 00:43:51,081 - utils - INFO - Step 1690: {'train_loss': 0.896713025938477, 'train_accuracy': 0.5850591715976331, 'train_chosen_reward_mean': 0.16369355991565396, 'train_rejected_reward_mean': 0.019858101335045546, 'train_reward_diff': 0.14383545880847937, 'step': 1690}
2025-12-06 00:43:51,786 - utils - INFO - Step 1700: {'train_loss': 0.895550410475801, 'train_accuracy': 0.5858823529411765, 'train_chosen_reward_mean': 0.16465613035238622, 'train_rejected_reward_mean': 0.019510477043496555, 'train_reward_diff': 0.14514565349816727, 'step': 1700}
2025-12-06 00:43:52,456 - utils - INFO - Step 1710: {'train_loss': 0.8943047745273127, 'train_accuracy': 0.5865497076023392, 'train_chosen_reward_mean': 0.16753109593832136, 'train_rejected_reward_mean': 0.020568275532946646, 'train_reward_diff': 0.14696282057611718, 'step': 1710}
2025-12-06 00:43:53,349 - utils - INFO - Step 1720: {'train_loss': 0.8936420799427948, 'train_accuracy': 0.5869186046511627, 'train_chosen_reward_mean': 0.1713864431962869, 'train_rejected_reward_mean': 0.02315553865831367, 'train_reward_diff': 0.148230904772699, 'step': 1720}
2025-12-06 00:43:54,309 - utils - INFO - Step 1730: {'train_loss': 0.8926371303855339, 'train_accuracy': 0.5880057803468208, 'train_chosen_reward_mean': 0.1762637364863811, 'train_rejected_reward_mean': 0.026310858447669946, 'train_reward_diff': 0.14995287834529394, 'step': 1730}
2025-12-06 00:43:55,108 - utils - INFO - Step 1740: {'train_loss': 0.8926499216635336, 'train_accuracy': 0.5879310344827586, 'train_chosen_reward_mean': 0.17908831017450483, 'train_rejected_reward_mean': 0.02880264578732373, 'train_reward_diff': 0.1502856647305394, 'step': 1740}
2025-12-06 00:43:55,988 - utils - INFO - Step 1750: {'train_loss': 0.8929288417356355, 'train_accuracy': 0.5885714285714285, 'train_chosen_reward_mean': 0.17914176694064268, 'train_rejected_reward_mean': 0.02899833849351853, 'train_reward_diff': 0.1501434289077297, 'step': 1750}
2025-12-06 00:43:56,768 - utils - INFO - Step 1760: {'train_loss': 0.8919688377952711, 'train_accuracy': 0.5894886363636364, 'train_chosen_reward_mean': 0.1801224234183213, 'train_rejected_reward_mean': 0.02844898417785192, 'train_reward_diff': 0.1516734396053256, 'step': 1760}
2025-12-06 00:43:57,638 - utils - INFO - Step 1770: {'train_loss': 0.8916799037890919, 'train_accuracy': 0.5896892655367232, 'train_chosen_reward_mean': 0.18221573323342885, 'train_rejected_reward_mean': 0.03007330707008661, 'train_reward_diff': 0.15214242640827483, 'step': 1770}
2025-12-06 00:43:58,474 - utils - INFO - Step 1780: {'train_loss': 0.8908269126344932, 'train_accuracy': 0.5901685393258427, 'train_chosen_reward_mean': 0.18588527473333302, 'train_rejected_reward_mean': 0.0327161471439222, 'train_reward_diff': 0.15316912776181013, 'step': 1780}
2025-12-06 00:43:59,123 - utils - INFO - Step 1790: {'train_loss': 0.8905488502130162, 'train_accuracy': 0.5906424581005587, 'train_chosen_reward_mean': 0.18834196232212447, 'train_rejected_reward_mean': 0.03428486436462373, 'train_reward_diff': 0.15405709810812526, 'step': 1790}
2025-12-06 00:43:59,939 - utils - INFO - Step 1800: {'train_loss': 0.8898915214753813, 'train_accuracy': 0.5911111111111111, 'train_chosen_reward_mean': 0.19066925985609284, 'train_rejected_reward_mean': 0.03556126695811852, 'train_reward_diff': 0.1551079930684581, 'step': 1800}
2025-12-06 00:44:06,949 - utils - INFO - Epoch 1 Results:
2025-12-06 00:44:06,949 - utils - INFO -   Train Loss: 0.8899
2025-12-06 00:44:06,949 - utils - INFO -   Train Accuracy: 0.5911
2025-12-06 00:44:06,949 - utils - INFO -   Val Loss: 0.8323
2025-12-06 00:44:06,949 - utils - INFO -   Val Accuracy: 0.6051
2025-12-06 00:44:07,470 - reward_model - INFO - Saved reward model to outputs/reward_model/best_reward_model.pt
2025-12-06 00:44:07,471 - utils - INFO - Saved new best model with accuracy: 0.6051
2025-12-06 00:44:07,471 - utils - INFO - Epoch 2/3
2025-12-06 00:44:08,177 - utils - INFO - Step 1810: {'train_loss': 0.6930361658334732, 'train_accuracy': 0.675, 'train_chosen_reward_mean': 0.6115917980670929, 'train_rejected_reward_mean': 0.1418340254575014, 'train_reward_diff': 0.4697577551007271, 'step': 1810}
2025-12-06 00:44:08,776 - utils - INFO - Step 1820: {'train_loss': 0.6223421901464462, 'train_accuracy': 0.7625, 'train_chosen_reward_mean': 0.7312950164079666, 'train_rejected_reward_mean': 0.20445269402116537, 'train_reward_diff': 0.5268423102796078, 'step': 1820}
2025-12-06 00:44:09,731 - utils - INFO - Step 1830: {'train_loss': 0.6669813831647237, 'train_accuracy': 0.7333333333333333, 'train_chosen_reward_mean': 0.715877894560496, 'train_rejected_reward_mean': 0.2671078409999609, 'train_reward_diff': 0.44877004822095234, 'step': 1830}
2025-12-06 00:44:10,503 - utils - INFO - Step 1840: {'train_loss': 0.6419619984924794, 'train_accuracy': 0.75625, 'train_chosen_reward_mean': 0.6963384602218866, 'train_rejected_reward_mean': 0.20457532750442625, 'train_reward_diff': 0.4917631223797798, 'step': 1840}
2025-12-06 00:44:11,377 - utils - INFO - Step 1850: {'train_loss': 0.6625803178548813, 'train_accuracy': 0.745, 'train_chosen_reward_mean': 0.7275821527838707, 'train_rejected_reward_mean': 0.2511790702491999, 'train_reward_diff': 0.47640307813882826, 'step': 1850}
2025-12-06 00:44:12,188 - utils - INFO - Step 1860: {'train_loss': 0.6659242202838261, 'train_accuracy': 0.7458333333333333, 'train_chosen_reward_mean': 0.771721446265777, 'train_rejected_reward_mean': 0.2900599973276258, 'train_reward_diff': 0.48166144664088884, 'step': 1860}
2025-12-06 00:44:12,979 - utils - INFO - Step 1870: {'train_loss': 0.6928234281284469, 'train_accuracy': 0.725, 'train_chosen_reward_mean': 0.7792653594698224, 'train_rejected_reward_mean': 0.3252170727189098, 'train_reward_diff': 0.4540482810033219, 'step': 1870}
2025-12-06 00:44:13,841 - utils - INFO - Step 1880: {'train_loss': 0.7035663560032844, 'train_accuracy': 0.721875, 'train_chosen_reward_mean': 0.7366229277104139, 'train_rejected_reward_mean': 0.30678031579591336, 'train_reward_diff': 0.42984260390512646, 'step': 1880}
2025-12-06 00:44:14,738 - utils - INFO - Step 1890: {'train_loss': 0.6985326889488432, 'train_accuracy': 0.7166666666666667, 'train_chosen_reward_mean': 0.6924207422468397, 'train_rejected_reward_mean': 0.25084819052782326, 'train_reward_diff': 0.44157254493070974, 'step': 1890}
2025-12-06 00:44:15,634 - utils - INFO - Step 1900: {'train_loss': 0.7130721959471703, 'train_accuracy': 0.71, 'train_chosen_reward_mean': 0.6911235782504082, 'train_rejected_reward_mean': 0.27374421183019876, 'train_reward_diff': 0.4173793622478843, 'step': 1900}
2025-12-06 00:44:16,428 - utils - INFO - Step 1910: {'train_loss': 0.7113233086737719, 'train_accuracy': 0.7113636363636363, 'train_chosen_reward_mean': 0.7519439326091246, 'train_rejected_reward_mean': 0.3302915876900608, 'train_reward_diff': 0.421652342480692, 'step': 1910}
2025-12-06 00:44:17,218 - utils - INFO - Step 1920: {'train_loss': 0.7110572037597497, 'train_accuracy': 0.7020833333333333, 'train_chosen_reward_mean': 0.7874730897446474, 'train_rejected_reward_mean': 0.36470475646977624, 'train_reward_diff': 0.4227683328402539, 'step': 1920}
2025-12-06 00:44:18,185 - utils - INFO - Step 1930: {'train_loss': 0.7205071328924253, 'train_accuracy': 0.7, 'train_chosen_reward_mean': 0.8085453077577628, 'train_rejected_reward_mean': 0.4010318827457153, 'train_reward_diff': 0.40751342283418546, 'step': 1930}
2025-12-06 00:44:18,904 - utils - INFO - Step 1940: {'train_loss': 0.7321710789842265, 'train_accuracy': 0.6910714285714286, 'train_chosen_reward_mean': 0.7729456729654754, 'train_rejected_reward_mean': 0.3838081094037209, 'train_reward_diff': 0.3891375621248569, 'step': 1940}
2025-12-06 00:44:19,734 - utils - INFO - Step 1950: {'train_loss': 0.7343516527613004, 'train_accuracy': 0.6933333333333334, 'train_chosen_reward_mean': 0.7557887317240238, 'train_rejected_reward_mean': 0.37067250398298107, 'train_reward_diff': 0.38511622736851375, 'step': 1950}
2025-12-06 00:44:20,409 - utils - INFO - Step 1960: {'train_loss': 0.7286798038519919, 'train_accuracy': 0.6984375, 'train_chosen_reward_mean': 0.7455573779996485, 'train_rejected_reward_mean': 0.3478482174454257, 'train_reward_diff': 0.3977091603912413, 'step': 1960}
2025-12-06 00:44:21,271 - utils - INFO - Step 1970: {'train_loss': 0.7320008543484351, 'train_accuracy': 0.6941176470588235, 'train_chosen_reward_mean': 0.7240026654127766, 'train_rejected_reward_mean': 0.32572543399737164, 'train_reward_diff': 0.39827723248916513, 'step': 1970}
2025-12-06 00:44:22,043 - utils - INFO - Step 1980: {'train_loss': 0.7276141453948286, 'train_accuracy': 0.6986111111111111, 'train_chosen_reward_mean': 0.6753800039903985, 'train_rejected_reward_mean': 0.2727882462864121, 'train_reward_diff': 0.40259176053934626, 'step': 1980}
2025-12-06 00:44:22,869 - utils - INFO - Step 1990: {'train_loss': 0.7302262150143323, 'train_accuracy': 0.6947368421052632, 'train_chosen_reward_mean': 0.6419174771952002, 'train_rejected_reward_mean': 0.24030124431868133, 'train_reward_diff': 0.40161623546951697, 'step': 1990}
2025-12-06 00:44:23,665 - utils - INFO - Step 2000: {'train_loss': 0.7235611896961928, 'train_accuracy': 0.695, 'train_chosen_reward_mean': 0.6222016024962067, 'train_rejected_reward_mean': 0.21043984037358313, 'train_reward_diff': 0.41176176436245443, 'step': 2000}
2025-12-06 00:44:24,355 - utils - INFO - Step 2010: {'train_loss': 0.7348741962086587, 'train_accuracy': 0.6904761904761905, 'train_chosen_reward_mean': 0.6199025067899908, 'train_rejected_reward_mean': 0.21417840794172316, 'train_reward_diff': 0.4057241004847345, 'step': 2010}
2025-12-06 00:44:25,171 - utils - INFO - Step 2020: {'train_loss': 0.7348700053312561, 'train_accuracy': 0.6875, 'train_chosen_reward_mean': 0.6050034420903433, 'train_rejected_reward_mean': 0.1979854756500572, 'train_reward_diff': 0.4070179675790397, 'step': 2020}
2025-12-06 00:44:26,191 - utils - INFO - Step 2030: {'train_loss': 0.7326156143261039, 'train_accuracy': 0.6880434782608695, 'train_chosen_reward_mean': 0.6001935508750055, 'train_rejected_reward_mean': 0.19133441688330924, 'train_reward_diff': 0.4088591346922128, 'step': 2030}
2025-12-06 00:44:26,771 - utils - INFO - Step 2040: {'train_loss': 0.7283474321166674, 'train_accuracy': 0.6947916666666667, 'train_chosen_reward_mean': 0.5891722491476685, 'train_rejected_reward_mean': 0.17570623482655112, 'train_reward_diff': 0.4134660144646963, 'step': 2040}
2025-12-06 00:44:27,562 - utils - INFO - Step 2050: {'train_loss': 0.7313167653083801, 'train_accuracy': 0.692, 'train_chosen_reward_mean': 0.5921881407946348, 'train_rejected_reward_mean': 0.17407912004366516, 'train_reward_diff': 0.4181090207695961, 'step': 2050}
2025-12-06 00:44:28,370 - utils - INFO - Step 2060: {'train_loss': 0.7349171217817526, 'train_accuracy': 0.6894230769230769, 'train_chosen_reward_mean': 0.6042112253463039, 'train_rejected_reward_mean': 0.18706991137005388, 'train_reward_diff': 0.41714131350700673, 'step': 2060}
2025-12-06 00:44:29,258 - utils - INFO - Step 2070: {'train_loss': 0.7330300796914984, 'train_accuracy': 0.6916666666666667, 'train_chosen_reward_mean': 0.6168523334104705, 'train_rejected_reward_mean': 0.19729349042323452, 'train_reward_diff': 0.4195588428389143, 'step': 2070}
2025-12-06 00:44:30,044 - utils - INFO - Step 2080: {'train_loss': 0.7285894920783383, 'train_accuracy': 0.6910714285714286, 'train_chosen_reward_mean': 0.6181019636536284, 'train_rejected_reward_mean': 0.19594361008078393, 'train_reward_diff': 0.422158353323383, 'step': 2080}
2025-12-06 00:44:30,721 - utils - INFO - Step 2090: {'train_loss': 0.7338750128088326, 'train_accuracy': 0.6887931034482758, 'train_chosen_reward_mean': 0.6066509586341422, 'train_rejected_reward_mean': 0.18597634828103513, 'train_reward_diff': 0.42067461098576414, 'step': 2090}
2025-12-06 00:44:31,480 - utils - INFO - Step 2100: {'train_loss': 0.7343329807122548, 'train_accuracy': 0.6891666666666667, 'train_chosen_reward_mean': 0.5987217024341226, 'train_rejected_reward_mean': 0.1764540104350696, 'train_reward_diff': 0.4222676928093036, 'step': 2100}
2025-12-06 00:44:32,373 - utils - INFO - Step 2110: {'train_loss': 0.738903276189681, 'train_accuracy': 0.6830645161290323, 'train_chosen_reward_mean': 0.5935552781988536, 'train_rejected_reward_mean': 0.17657134309711475, 'train_reward_diff': 0.41698393545323803, 'step': 2110}
2025-12-06 00:44:33,121 - utils - INFO - Step 2120: {'train_loss': 0.7359830517321825, 'train_accuracy': 0.6875, 'train_chosen_reward_mean': 0.591203459573444, 'train_rejected_reward_mean': 0.17414267345156986, 'train_reward_diff': 0.41706078650895506, 'step': 2120}
2025-12-06 00:44:33,891 - utils - INFO - Step 2130: {'train_loss': 0.7345821712053183, 'train_accuracy': 0.6878787878787879, 'train_chosen_reward_mean': 0.5879293168020068, 'train_rejected_reward_mean': 0.16787876706062393, 'train_reward_diff': 0.4200505498006488, 'step': 2130}
2025-12-06 00:44:34,723 - utils - INFO - Step 2140: {'train_loss': 0.734413822170566, 'train_accuracy': 0.6867647058823529, 'train_chosen_reward_mean': 0.5704493384917869, 'train_rejected_reward_mean': 0.1477867195081404, 'train_reward_diff': 0.4226626195232658, 'step': 2140}
2025-12-06 00:44:35,630 - utils - INFO - Step 2150: {'train_loss': 0.7305514656645911, 'train_accuracy': 0.6907142857142857, 'train_chosen_reward_mean': 0.5556024086368936, 'train_rejected_reward_mean': 0.12680932558274696, 'train_reward_diff': 0.42879308323775017, 'step': 2150}
2025-12-06 00:44:36,416 - utils - INFO - Step 2160: {'train_loss': 0.7277703675958845, 'train_accuracy': 0.69375, 'train_chosen_reward_mean': 0.5476423662052387, 'train_rejected_reward_mean': 0.10980009509302262, 'train_reward_diff': 0.4378422712079353, 'step': 2160}
2025-12-06 00:44:37,268 - utils - INFO - Step 2170: {'train_loss': 0.729524810048374, 'train_accuracy': 0.6932432432432433, 'train_chosen_reward_mean': 0.5450194744141521, 'train_rejected_reward_mean': 0.10857261534327188, 'train_reward_diff': 0.4364468592848327, 'step': 2170}
2025-12-06 00:44:38,002 - utils - INFO - Step 2180: {'train_loss': 0.7340221417185507, 'train_accuracy': 0.6907894736842105, 'train_chosen_reward_mean': 0.5377888109829081, 'train_rejected_reward_mean': 0.10345378524231676, 'train_reward_diff': 0.4343350256940252, 'step': 2180}
2025-12-06 00:44:38,855 - utils - INFO - Step 2190: {'train_loss': 0.7332073558981602, 'train_accuracy': 0.691025641025641, 'train_chosen_reward_mean': 0.5343759328986589, 'train_rejected_reward_mean': 0.10189860686898614, 'train_reward_diff': 0.4324773255831156, 'step': 2190}
2025-12-06 00:44:39,708 - utils - INFO - Step 2200: {'train_loss': 0.7329073712602258, 'train_accuracy': 0.6875, 'train_chosen_reward_mean': 0.5336229323316366, 'train_rejected_reward_mean': 0.10215642044553533, 'train_reward_diff': 0.43146651051938534, 'step': 2200}
2025-12-06 00:44:40,492 - utils - INFO - Step 2210: {'train_loss': 0.7330935466580275, 'train_accuracy': 0.6859756097560976, 'train_chosen_reward_mean': 0.5291634962053561, 'train_rejected_reward_mean': 0.0951432987706872, 'train_reward_diff': 0.4340201966646241, 'step': 2210}
2025-12-06 00:44:41,208 - utils - INFO - Step 2220: {'train_loss': 0.7276577694075448, 'train_accuracy': 0.6898809523809524, 'train_chosen_reward_mean': 0.5263758368878847, 'train_rejected_reward_mean': 0.08237622125029918, 'train_reward_diff': 0.4439996147794383, 'step': 2220}
2025-12-06 00:44:42,148 - utils - INFO - Step 2230: {'train_loss': 0.7288197620316993, 'train_accuracy': 0.688953488372093, 'train_chosen_reward_mean': 0.526005304942644, 'train_rejected_reward_mean': 0.08205900934070003, 'train_reward_diff': 0.4439462952142538, 'step': 2230}
2025-12-06 00:44:43,030 - utils - INFO - Step 2240: {'train_loss': 0.727787125821818, 'train_accuracy': 0.6903409090909091, 'train_chosen_reward_mean': 0.5323672489771112, 'train_rejected_reward_mean': 0.08670420516493985, 'train_reward_diff': 0.4456630433994261, 'step': 2240}
2025-12-06 00:44:43,802 - utils - INFO - Step 2250: {'train_loss': 0.7250328310661845, 'train_accuracy': 0.6927777777777778, 'train_chosen_reward_mean': 0.5430054387864139, 'train_rejected_reward_mean': 0.09281956104975608, 'train_reward_diff': 0.45018587723374365, 'step': 2250}
2025-12-06 00:44:44,671 - utils - INFO - Step 2260: {'train_loss': 0.7252361077653325, 'train_accuracy': 0.6934782608695652, 'train_chosen_reward_mean': 0.5509461926458322, 'train_rejected_reward_mean': 0.09859974240357786, 'train_reward_diff': 0.45234644924007034, 'step': 2260}
2025-12-06 00:44:45,613 - utils - INFO - Step 2270: {'train_loss': 0.7256130362761781, 'train_accuracy': 0.6930851063829787, 'train_chosen_reward_mean': 0.5619123061999995, 'train_rejected_reward_mean': 0.11059214078246596, 'train_reward_diff': 0.4513201641513312, 'step': 2270}
2025-12-06 00:44:46,481 - utils - INFO - Step 2280: {'train_loss': 0.7262369182271262, 'train_accuracy': 0.69375, 'train_chosen_reward_mean': 0.5655360139984017, 'train_rejected_reward_mean': 0.11416516746588362, 'train_reward_diff': 0.45137084495120994, 'step': 2280}
2025-12-06 00:44:47,097 - utils - INFO - Step 2290: {'train_loss': 0.7256423839196867, 'train_accuracy': 0.6933673469387756, 'train_chosen_reward_mean': 0.5624129571020603, 'train_rejected_reward_mean': 0.10953178510868124, 'train_reward_diff': 0.4528811707712558, 'step': 2290}
2025-12-06 00:44:47,860 - utils - INFO - Step 2300: {'train_loss': 0.7256603632867337, 'train_accuracy': 0.693, 'train_chosen_reward_mean': 0.5573380952477455, 'train_rejected_reward_mean': 0.10577000484056771, 'train_reward_diff': 0.451568089209497, 'step': 2300}
2025-12-06 00:44:48,745 - utils - INFO - Step 2310: {'train_loss': 0.7253436275264796, 'train_accuracy': 0.6931372549019608, 'train_chosen_reward_mean': 0.5500469246769653, 'train_rejected_reward_mean': 0.10007815668724623, 'train_reward_diff': 0.4499687668885671, 'step': 2310}
2025-12-06 00:44:49,402 - utils - INFO - Step 2320: {'train_loss': 0.7270111404645901, 'train_accuracy': 0.6918269230769231, 'train_chosen_reward_mean': 0.5496463682359227, 'train_rejected_reward_mean': 0.10259241631720215, 'train_reward_diff': 0.4470539510894853, 'step': 2320}
2025-12-06 00:44:50,249 - utils - INFO - Step 2330: {'train_loss': 0.7308770889100039, 'train_accuracy': 0.6910377358490566, 'train_chosen_reward_mean': 0.5463566249412186, 'train_rejected_reward_mean': 0.1020346068636567, 'train_reward_diff': 0.4443220179949729, 'step': 2330}
2025-12-06 00:44:51,121 - utils - INFO - Step 2340: {'train_loss': 0.7317337115053777, 'train_accuracy': 0.6907407407407408, 'train_chosen_reward_mean': 0.5453361909284636, 'train_rejected_reward_mean': 0.10180949909026148, 'train_reward_diff': 0.4435266920054952, 'step': 2340}
2025-12-06 00:44:51,890 - utils - INFO - Step 2350: {'train_loss': 0.7293482734127478, 'train_accuracy': 0.6931818181818182, 'train_chosen_reward_mean': 0.5484151935170998, 'train_rejected_reward_mean': 0.09992677167904648, 'train_reward_diff': 0.4484884223409674, 'step': 2350}
2025-12-06 00:44:52,885 - utils - INFO - Step 2360: {'train_loss': 0.7287002869216459, 'train_accuracy': 0.6924107142857143, 'train_chosen_reward_mean': 0.5518277688883245, 'train_rejected_reward_mean': 0.10219188507679584, 'train_reward_diff': 0.44963588467799126, 'step': 2360}
2025-12-06 00:44:53,751 - utils - INFO - Step 2370: {'train_loss': 0.730542043452723, 'train_accuracy': 0.6907894736842105, 'train_chosen_reward_mean': 0.5582412628358916, 'train_rejected_reward_mean': 0.10871033385690106, 'train_reward_diff': 0.44953092989560806, 'step': 2370}
2025-12-06 00:44:54,720 - utils - INFO - Step 2380: {'train_loss': 0.7300104961569966, 'train_accuracy': 0.6913793103448276, 'train_chosen_reward_mean': 0.5632118392478803, 'train_rejected_reward_mean': 0.11454280591248696, 'train_reward_diff': 0.4486690345573528, 'step': 2380}
2025-12-06 00:44:55,603 - utils - INFO - Step 2390: {'train_loss': 0.7316016661161083, 'train_accuracy': 0.6915254237288135, 'train_chosen_reward_mean': 0.5649752081324488, 'train_rejected_reward_mean': 0.12028618876238244, 'train_reward_diff': 0.4446890207733643, 'step': 2390}
2025-12-06 00:44:56,484 - utils - INFO - Step 2400: {'train_loss': 0.7308370935171843, 'train_accuracy': 0.6916666666666667, 'train_chosen_reward_mean': 0.5667459070806702, 'train_rejected_reward_mean': 0.12058592669200152, 'train_reward_diff': 0.446159981880337, 'step': 2400}
2025-12-06 00:44:57,393 - utils - INFO - Step 2410: {'train_loss': 0.7276107829369483, 'train_accuracy': 0.6918032786885245, 'train_chosen_reward_mean': 0.57473469592753, 'train_rejected_reward_mean': 0.12100330016682627, 'train_reward_diff': 0.453731397130206, 'step': 2410}
2025-12-06 00:44:58,044 - utils - INFO - Step 2420: {'train_loss': 0.726894883114484, 'train_accuracy': 0.6919354838709677, 'train_chosen_reward_mean': 0.5704384600082713, 'train_rejected_reward_mean': 0.11736310962737809, 'train_reward_diff': 0.45307535187251147, 'step': 2420}
2025-12-06 00:44:58,741 - utils - INFO - Step 2430: {'train_loss': 0.7231342893507745, 'train_accuracy': 0.6932539682539682, 'train_chosen_reward_mean': 0.5743122259421009, 'train_rejected_reward_mean': 0.11198767113336731, 'train_reward_diff': 0.462324557009907, 'step': 2430}
2025-12-06 00:44:59,606 - utils - INFO - Step 2440: {'train_loss': 0.7220522992312908, 'train_accuracy': 0.69453125, 'train_chosen_reward_mean': 0.5755134632694535, 'train_rejected_reward_mean': 0.10867889646469849, 'train_reward_diff': 0.4668345695536118, 'step': 2440}
2025-12-06 00:45:00,585 - utils - INFO - Step 2450: {'train_loss': 0.7215649506220451, 'train_accuracy': 0.6946153846153846, 'train_chosen_reward_mean': 0.5672961354141052, 'train_rejected_reward_mean': 0.10021549873197308, 'train_reward_diff': 0.4670806392052999, 'step': 2450}
2025-12-06 00:45:01,407 - utils - INFO - Step 2460: {'train_loss': 0.7254978852741646, 'train_accuracy': 0.6920454545454545, 'train_chosen_reward_mean': 0.5652191215505202, 'train_rejected_reward_mean': 0.10150771558312982, 'train_reward_diff': 0.4637114087232586, 'step': 2460}
2025-12-06 00:45:02,108 - utils - INFO - Step 2470: {'train_loss': 0.7253044477149622, 'train_accuracy': 0.692910447761194, 'train_chosen_reward_mean': 0.5637031201773615, 'train_rejected_reward_mean': 0.09943348869486754, 'train_reward_diff': 0.46426963445299596, 'step': 2470}
2025-12-06 00:45:02,994 - utils - INFO - Step 2480: {'train_loss': 0.7274249889394816, 'train_accuracy': 0.6908088235294118, 'train_chosen_reward_mean': 0.5630774068700917, 'train_rejected_reward_mean': 0.10111955064211917, 'train_reward_diff': 0.46195785893565594, 'step': 2480}
2025-12-06 00:45:03,793 - utils - INFO - Step 2490: {'train_loss': 0.7246803777589315, 'train_accuracy': 0.6931159420289855, 'train_chosen_reward_mean': 0.5631465536096821, 'train_rejected_reward_mean': 0.09989303743088807, 'train_reward_diff': 0.4632535186312769, 'step': 2490}
2025-12-06 00:45:04,625 - utils - INFO - Step 2500: {'train_loss': 0.7248552261718681, 'train_accuracy': 0.6921428571428572, 'train_chosen_reward_mean': 0.5629191467165947, 'train_rejected_reward_mean': 0.09936865269738648, 'train_reward_diff': 0.4635504966069545, 'step': 2500}
2025-12-06 00:45:05,423 - utils - INFO - Step 2510: {'train_loss': 0.7266178842791369, 'train_accuracy': 0.6911971830985916, 'train_chosen_reward_mean': 0.564314075401971, 'train_rejected_reward_mean': 0.10159379839503639, 'train_reward_diff': 0.4627202797261342, 'step': 2510}
2025-12-06 00:45:06,253 - utils - INFO - Step 2520: {'train_loss': 0.7310890518749754, 'train_accuracy': 0.6875, 'train_chosen_reward_mean': 0.5604624242625302, 'train_rejected_reward_mean': 0.10293329276998217, 'train_reward_diff': 0.45752913410154483, 'step': 2520}
2025-12-06 00:45:07,085 - utils - INFO - Step 2530: {'train_loss': 0.7325860345404442, 'train_accuracy': 0.685958904109589, 'train_chosen_reward_mean': 0.555042869658911, 'train_rejected_reward_mean': 0.1007804051207455, 'train_reward_diff': 0.45426246727472297, 'step': 2530}
2025-12-06 00:45:08,105 - utils - INFO - Step 2540: {'train_loss': 0.7331675476117714, 'train_accuracy': 0.6861486486486487, 'train_chosen_reward_mean': 0.5490894405926402, 'train_rejected_reward_mean': 0.0971407932569147, 'train_reward_diff': 0.45194865010578084, 'step': 2540}
2025-12-06 00:45:08,979 - utils - INFO - Step 2550: {'train_loss': 0.7333339408437411, 'train_accuracy': 0.687, 'train_chosen_reward_mean': 0.5485886446634929, 'train_rejected_reward_mean': 0.09821567205215494, 'train_reward_diff': 0.45037297511597474, 'step': 2550}
2025-12-06 00:45:09,683 - utils - INFO - Step 2560: {'train_loss': 0.7360737808636929, 'train_accuracy': 0.6848684210526316, 'train_chosen_reward_mean': 0.5468811923932088, 'train_rejected_reward_mean': 0.10032652322031362, 'train_reward_diff': 0.446554671389688, 'step': 2560}
2025-12-06 00:45:10,568 - utils - INFO - Step 2570: {'train_loss': 0.7341955215512932, 'train_accuracy': 0.6873376623376624, 'train_chosen_reward_mean': 0.5482936893384178, 'train_rejected_reward_mean': 0.09940214682152712, 'train_reward_diff': 0.44889154498550027, 'step': 2570}
2025-12-06 00:45:11,334 - utils - INFO - Step 2580: {'train_loss': 0.7340766267898755, 'train_accuracy': 0.6881410256410256, 'train_chosen_reward_mean': 0.5460535533535175, 'train_rejected_reward_mean': 0.09643856207840144, 'train_reward_diff': 0.44961499367864466, 'step': 2580}
2025-12-06 00:45:12,082 - utils - INFO - Step 2590: {'train_loss': 0.7323596188916436, 'train_accuracy': 0.6882911392405063, 'train_chosen_reward_mean': 0.5399480425670177, 'train_rejected_reward_mean': 0.0882014032512243, 'train_reward_diff': 0.45174664176434653, 'step': 2590}
2025-12-06 00:45:12,958 - utils - INFO - Step 2600: {'train_loss': 0.7311573018319905, 'train_accuracy': 0.6884375, 'train_chosen_reward_mean': 0.5409079439006745, 'train_rejected_reward_mean': 0.08689192691002973, 'train_reward_diff': 0.45401601925957946, 'step': 2600}
2025-12-06 00:45:13,677 - utils - INFO - Step 2610: {'train_loss': 0.7294308628748964, 'train_accuracy': 0.6895061728395062, 'train_chosen_reward_mean': 0.5360532677467958, 'train_rejected_reward_mean': 0.07940040318249368, 'train_reward_diff': 0.45665286673163924, 'step': 2610}
2025-12-06 00:45:14,450 - utils - INFO - Step 2620: {'train_loss': 0.7268053450962392, 'train_accuracy': 0.6905487804878049, 'train_chosen_reward_mean': 0.5332583075616418, 'train_rejected_reward_mean': 0.07111765138191603, 'train_reward_diff': 0.4621406588839685, 'step': 2620}
2025-12-06 00:45:15,205 - utils - INFO - Step 2630: {'train_loss': 0.7284952305347087, 'train_accuracy': 0.6903614457831325, 'train_chosen_reward_mean': 0.5254455193697688, 'train_rejected_reward_mean': 0.06381365598617009, 'train_reward_diff': 0.46163186618093266, 'step': 2630}
2025-12-06 00:45:16,130 - utils - INFO - Step 2640: {'train_loss': 0.7281818689157565, 'train_accuracy': 0.6895833333333333, 'train_chosen_reward_mean': 0.5185687576731046, 'train_rejected_reward_mean': 0.05641411354964865, 'train_reward_diff': 0.46215464675444223, 'step': 2640}
2025-12-06 00:45:16,843 - utils - INFO - Step 2650: {'train_loss': 0.7286050873118288, 'train_accuracy': 0.69, 'train_chosen_reward_mean': 0.5157716810002047, 'train_rejected_reward_mean': 0.052371262426981154, 'train_reward_diff': 0.463400420971653, 'step': 2650}
2025-12-06 00:45:17,590 - utils - INFO - Step 2660: {'train_loss': 0.7307023801949135, 'train_accuracy': 0.6892441860465116, 'train_chosen_reward_mean': 0.5063258279721404, 'train_rejected_reward_mean': 0.04616250389818709, 'train_reward_diff': 0.4601633266524173, 'step': 2660}
2025-12-06 00:45:18,520 - utils - INFO - Step 2670: {'train_loss': 0.7310776079865707, 'train_accuracy': 0.6896551724137931, 'train_chosen_reward_mean': 0.49741427958354184, 'train_rejected_reward_mean': 0.039116282959136814, 'train_reward_diff': 0.45829799937876475, 'step': 2670}
2025-12-06 00:45:19,228 - utils - INFO - Step 2680: {'train_loss': 0.7316428717564453, 'train_accuracy': 0.6900568181818182, 'train_chosen_reward_mean': 0.48906913248991424, 'train_rejected_reward_mean': 0.03245744721392508, 'train_reward_diff': 0.45661168811758135, 'step': 2680}
2025-12-06 00:45:19,920 - utils - INFO - Step 2690: {'train_loss': 0.730358879870913, 'train_accuracy': 0.6910112359550562, 'train_chosen_reward_mean': 0.48546466028757307, 'train_rejected_reward_mean': 0.027416315533513768, 'train_reward_diff': 0.45804834739629474, 'step': 2690}
2025-12-06 00:45:20,814 - utils - INFO - Step 2700: {'train_loss': 0.7299268340071042, 'train_accuracy': 0.6905555555555556, 'train_chosen_reward_mean': 0.4826096124450366, 'train_rejected_reward_mean': 0.024291348292802772, 'train_reward_diff': 0.45831826688100896, 'step': 2700}
2025-12-06 00:45:21,636 - utils - INFO - Step 2710: {'train_loss': 0.7285176826047374, 'train_accuracy': 0.6917582417582417, 'train_chosen_reward_mean': 0.4814398597884964, 'train_rejected_reward_mean': 0.02098657847535643, 'train_reward_diff': 0.4604532841265529, 'step': 2710}
2025-12-06 00:45:22,568 - utils - INFO - Step 2720: {'train_loss': 0.7274921430193859, 'train_accuracy': 0.6923913043478261, 'train_chosen_reward_mean': 0.48119928840061893, 'train_rejected_reward_mean': 0.02006346236043812, 'train_reward_diff': 0.46113582889589927, 'step': 2720}
2025-12-06 00:45:23,325 - utils - INFO - Step 2730: {'train_loss': 0.7273618067945203, 'train_accuracy': 0.6932795698924731, 'train_chosen_reward_mean': 0.47678875836633866, 'train_rejected_reward_mean': 0.013914783404118591, 'train_reward_diff': 0.46287397765904986, 'step': 2730}
2025-12-06 00:45:24,127 - utils - INFO - Step 2740: {'train_loss': 0.7268247405423763, 'train_accuracy': 0.6933510638297873, 'train_chosen_reward_mean': 0.4717066106644083, 'train_rejected_reward_mean': 0.007971406768650768, 'train_reward_diff': 0.4637352063895223, 'step': 2740}
2025-12-06 00:45:24,871 - utils - INFO - Step 2750: {'train_loss': 0.7264910382189249, 'train_accuracy': 0.6944736842105264, 'train_chosen_reward_mean': 0.4702324367981208, 'train_rejected_reward_mean': 0.004748795904023083, 'train_reward_diff': 0.4654836433772978, 'step': 2750}
2025-12-06 00:45:25,765 - utils - INFO - Step 2760: {'train_loss': 0.7270539811657121, 'train_accuracy': 0.6940104166666666, 'train_chosen_reward_mean': 0.47089634770527483, 'train_rejected_reward_mean': 0.005431778140094442, 'train_reward_diff': 0.4654645721466901, 'step': 2760}
2025-12-06 00:45:26,499 - utils - INFO - Step 2770: {'train_loss': 0.7274713713022851, 'train_accuracy': 0.693041237113402, 'train_chosen_reward_mean': 0.46760522856847525, 'train_rejected_reward_mean': 0.003374390596927134, 'train_reward_diff': 0.4642308406800646, 'step': 2770}
2025-12-06 00:45:27,293 - utils - INFO - Step 2780: {'train_loss': 0.7264456168273273, 'train_accuracy': 0.6941326530612245, 'train_chosen_reward_mean': 0.46478255177867045, 'train_rejected_reward_mean': -0.00080813511502834, 'train_reward_diff': 0.46559068949474974, 'step': 2780}
2025-12-06 00:45:28,003 - utils - INFO - Step 2790: {'train_loss': 0.7259490244316332, 'train_accuracy': 0.6946969696969697, 'train_chosen_reward_mean': 0.46164280644646194, 'train_rejected_reward_mean': -0.004581134231064958, 'train_reward_diff': 0.4662239432598304, 'step': 2790}
2025-12-06 00:45:28,874 - utils - INFO - Step 2800: {'train_loss': 0.7270926121473312, 'train_accuracy': 0.694, 'train_chosen_reward_mean': 0.45872976327314974, 'train_rejected_reward_mean': -0.005150417088530958, 'train_reward_diff': 0.4638801830522716, 'step': 2800}
2025-12-06 00:45:29,706 - utils - INFO - Step 2810: {'train_loss': 0.7300625475916532, 'train_accuracy': 0.6928217821782178, 'train_chosen_reward_mean': 0.45196986608944906, 'train_rejected_reward_mean': -0.0078094096457825436, 'train_reward_diff': 0.45977927839918303, 'step': 2810}
2025-12-06 00:45:30,408 - utils - INFO - Step 2820: {'train_loss': 0.7296890470034936, 'train_accuracy': 0.6926470588235294, 'train_chosen_reward_mean': 0.44732177655267363, 'train_rejected_reward_mean': -0.012053673260607849, 'train_reward_diff': 0.45937545250955164, 'step': 2820}
2025-12-06 00:45:31,096 - utils - INFO - Step 2830: {'train_loss': 0.7285807931018107, 'train_accuracy': 0.6929611650485437, 'train_chosen_reward_mean': 0.4441465624653309, 'train_rejected_reward_mean': -0.015362284809025456, 'train_reward_diff': 0.4595088500529528, 'step': 2830}
2025-12-06 00:45:31,848 - utils - INFO - Step 2840: {'train_loss': 0.7277965096613536, 'train_accuracy': 0.692548076923077, 'train_chosen_reward_mean': 0.44206629547720344, 'train_rejected_reward_mean': -0.017814778313578035, 'train_reward_diff': 0.45988107645669235, 'step': 2840}
2025-12-06 00:45:32,758 - utils - INFO - Step 2850: {'train_loss': 0.7282274189733323, 'train_accuracy': 0.6933333333333334, 'train_chosen_reward_mean': 0.43917428579004036, 'train_rejected_reward_mean': -0.019916721020958254, 'train_reward_diff': 0.4590910095224778, 'step': 2850}
2025-12-06 00:45:33,467 - utils - INFO - Step 2860: {'train_loss': 0.7301322585850392, 'train_accuracy': 0.6924528301886792, 'train_chosen_reward_mean': 0.4358543263467134, 'train_rejected_reward_mean': -0.020971202237953273, 'train_reward_diff': 0.45682553142520055, 'step': 2860}
2025-12-06 00:45:34,279 - utils - INFO - Step 2870: {'train_loss': 0.730680262958892, 'train_accuracy': 0.6918224299065421, 'train_chosen_reward_mean': 0.43203362978159265, 'train_rejected_reward_mean': -0.023611062423056252, 'train_reward_diff': 0.4556446950395252, 'step': 2870}
2025-12-06 00:45:35,090 - utils - INFO - Step 2880: {'train_loss': 0.7308164545645316, 'train_accuracy': 0.6918981481481481, 'train_chosen_reward_mean': 0.42575577051482266, 'train_rejected_reward_mean': -0.029079918555604916, 'train_reward_diff': 0.45483569181006817, 'step': 2880}
2025-12-06 00:45:36,010 - utils - INFO - Step 2890: {'train_loss': 0.7306527957867045, 'train_accuracy': 0.6919724770642202, 'train_chosen_reward_mean': 0.41902166897208865, 'train_rejected_reward_mean': -0.03587091873323015, 'train_reward_diff': 0.45489259041982505, 'step': 2890}
2025-12-06 00:45:36,848 - utils - INFO - Step 2900: {'train_loss': 0.730784416320649, 'train_accuracy': 0.6925, 'train_chosen_reward_mean': 0.41329953286796806, 'train_rejected_reward_mean': -0.04122546612454409, 'train_reward_diff': 0.45452500165524806, 'step': 2900}
2025-12-06 00:45:37,588 - utils - INFO - Step 2910: {'train_loss': 0.7304378089201343, 'train_accuracy': 0.6927927927927928, 'train_chosen_reward_mean': 0.40930961501021107, 'train_rejected_reward_mean': -0.04601653221541563, 'train_reward_diff': 0.455326149978482, 'step': 2910}
2025-12-06 00:45:38,336 - utils - INFO - Step 2920: {'train_loss': 0.7308643068186939, 'train_accuracy': 0.6921875, 'train_chosen_reward_mean': 0.4070857395584296, 'train_rejected_reward_mean': -0.049323624471435325, 'train_reward_diff': 0.4564093667182273, 'step': 2920}
2025-12-06 00:45:39,227 - utils - INFO - Step 2930: {'train_loss': 0.7295525581831426, 'train_accuracy': 0.6924778761061947, 'train_chosen_reward_mean': 0.40552109097814665, 'train_rejected_reward_mean': -0.05294261869389267, 'train_reward_diff': 0.4584637123728748, 'step': 2930}
2025-12-06 00:45:39,987 - utils - INFO - Step 2940: {'train_loss': 0.7320009182550405, 'train_accuracy': 0.6912280701754386, 'train_chosen_reward_mean': 0.40148809514613004, 'train_rejected_reward_mean': -0.05326367014643262, 'train_reward_diff': 0.45475176792395744, 'step': 2940}
2025-12-06 00:45:40,804 - utils - INFO - Step 2950: {'train_loss': 0.7318624579517737, 'train_accuracy': 0.6915217391304348, 'train_chosen_reward_mean': 0.4022244631758203, 'train_rejected_reward_mean': -0.05283216708947135, 'train_reward_diff': 0.4550566327377506, 'step': 2950}
2025-12-06 00:45:41,666 - utils - INFO - Step 2960: {'train_loss': 0.7324369259564013, 'train_accuracy': 0.6911637931034482, 'train_chosen_reward_mean': 0.40230246914936035, 'train_rejected_reward_mean': -0.05203198250945144, 'train_reward_diff': 0.45433445403930445, 'step': 2960}
2025-12-06 00:45:42,318 - utils - INFO - Step 2970: {'train_loss': 0.7324973249282593, 'train_accuracy': 0.6912393162393162, 'train_chosen_reward_mean': 0.4002167413536555, 'train_rejected_reward_mean': -0.053808553751685424, 'train_reward_diff': 0.45402529740817527, 'step': 2970}
2025-12-06 00:45:43,076 - utils - INFO - Step 2980: {'train_loss': 0.732748982790163, 'train_accuracy': 0.6915254237288135, 'train_chosen_reward_mean': 0.3979119152304227, 'train_rejected_reward_mean': -0.05512860168513479, 'train_reward_diff': 0.4530405193440995, 'step': 2980}
2025-12-06 00:45:44,017 - utils - INFO - Step 2990: {'train_loss': 0.7321134213639908, 'train_accuracy': 0.6913865546218487, 'train_chosen_reward_mean': 0.3954003982402447, 'train_rejected_reward_mean': -0.05748987065064682, 'train_reward_diff': 0.4528902713491135, 'step': 2990}
2025-12-06 00:45:44,880 - utils - INFO - Step 3000: {'train_loss': 0.7314376073827347, 'train_accuracy': 0.6922916666666666, 'train_chosen_reward_mean': 0.3937827748650064, 'train_rejected_reward_mean': -0.059014392618555574, 'train_reward_diff': 0.452797169846793, 'step': 3000}
2025-12-06 00:45:45,700 - utils - INFO - Step 3010: {'train_loss': 0.7295788977880123, 'train_accuracy': 0.6933884297520662, 'train_chosen_reward_mean': 0.3920946379800227, 'train_rejected_reward_mean': -0.06379791503033239, 'train_reward_diff': 0.4558925553910003, 'step': 3010}
2025-12-06 00:45:46,461 - utils - INFO - Step 3020: {'train_loss': 0.7300049293603076, 'train_accuracy': 0.6928278688524591, 'train_chosen_reward_mean': 0.3880811239821745, 'train_rejected_reward_mean': -0.06850023999978162, 'train_reward_diff': 0.45658136641637226, 'step': 3020}
2025-12-06 00:45:47,371 - utils - INFO - Step 3030: {'train_loss': 0.7295410009419045, 'train_accuracy': 0.693089430894309, 'train_chosen_reward_mean': 0.3889155596827831, 'train_rejected_reward_mean': -0.0700688028352229, 'train_reward_diff': 0.4589843647630234, 'step': 3030}
2025-12-06 00:45:48,182 - utils - INFO - Step 3040: {'train_loss': 0.7308119422005069, 'train_accuracy': 0.6925403225806451, 'train_chosen_reward_mean': 0.3892886073088213, 'train_rejected_reward_mean': -0.06903300004064916, 'train_reward_diff': 0.4583216096124341, 'step': 3040}
2025-12-06 00:45:48,940 - utils - INFO - Step 3050: {'train_loss': 0.7298227741718292, 'train_accuracy': 0.693, 'train_chosen_reward_mean': 0.3914134565085173, 'train_rejected_reward_mean': -0.06861879598423838, 'train_reward_diff': 0.4600322546958923, 'step': 3050}
2025-12-06 00:45:49,886 - utils - INFO - Step 3060: {'train_loss': 0.7300966503128173, 'train_accuracy': 0.6930555555555555, 'train_chosen_reward_mean': 0.39294948142376684, 'train_rejected_reward_mean': -0.06637405500569869, 'train_reward_diff': 0.4593235385559854, 'step': 3060}
2025-12-06 00:45:50,743 - utils - INFO - Step 3070: {'train_loss': 0.7302087063981793, 'train_accuracy': 0.6927165354330709, 'train_chosen_reward_mean': 0.39272736320052093, 'train_rejected_reward_mean': -0.06625012563482865, 'train_reward_diff': 0.45897749070459465, 'step': 3070}
2025-12-06 00:45:51,722 - utils - INFO - Step 3080: {'train_loss': 0.730293501901906, 'train_accuracy': 0.6923828125, 'train_chosen_reward_mean': 0.39622868441219905, 'train_rejected_reward_mean': -0.0626755491241056, 'train_reward_diff': 0.4589042353851255, 'step': 3080}
2025-12-06 00:45:52,584 - utils - INFO - Step 3090: {'train_loss': 0.7309709156090899, 'train_accuracy': 0.6916666666666667, 'train_chosen_reward_mean': 0.39531047614219117, 'train_rejected_reward_mean': -0.0626935234416074, 'train_reward_diff': 0.45800400151647336, 'step': 3090}
2025-12-06 00:45:53,422 - utils - INFO - Step 3100: {'train_loss': 0.7317807483558472, 'train_accuracy': 0.691923076923077, 'train_chosen_reward_mean': 0.3951714417309715, 'train_rejected_reward_mean': -0.06146457524182131, 'train_reward_diff': 0.4566360188848697, 'step': 3100}
2025-12-06 00:45:54,251 - utils - INFO - Step 3110: {'train_loss': 0.7325672714878585, 'train_accuracy': 0.691412213740458, 'train_chosen_reward_mean': 0.3938733522844224, 'train_rejected_reward_mean': -0.061124314105436776, 'train_reward_diff': 0.454997668244684, 'step': 3110}
2025-12-06 00:45:55,036 - utils - INFO - Step 3120: {'train_loss': 0.7320890176363967, 'train_accuracy': 0.6918560606060606, 'train_chosen_reward_mean': 0.3931702038386103, 'train_rejected_reward_mean': -0.06224493207621642, 'train_reward_diff': 0.4554151377160892, 'step': 3120}
2025-12-06 00:45:55,803 - utils - INFO - Step 3130: {'train_loss': 0.7327072764809867, 'train_accuracy': 0.6915413533834587, 'train_chosen_reward_mean': 0.39279248948047935, 'train_rejected_reward_mean': -0.06149943655188707, 'train_reward_diff': 0.4542919279097166, 'step': 3130}
2025-12-06 00:45:56,571 - utils - INFO - Step 3140: {'train_loss': 0.7317589141428471, 'train_accuracy': 0.6923507462686567, 'train_chosen_reward_mean': 0.3923944588138986, 'train_rejected_reward_mean': -0.062566993329257, 'train_reward_diff': 0.454961453973135, 'step': 3140}
2025-12-06 00:45:57,442 - utils - INFO - Step 3150: {'train_loss': 0.732404548338166, 'train_accuracy': 0.692037037037037, 'train_chosen_reward_mean': 0.3915464625204051, 'train_rejected_reward_mean': -0.0640759846561209, 'train_reward_diff': 0.45562244932408685, 'step': 3150}
2025-12-06 00:45:58,298 - utils - INFO - Step 3160: {'train_loss': 0.732842401360326, 'train_accuracy': 0.6915441176470588, 'train_chosen_reward_mean': 0.38993928961674956, 'train_rejected_reward_mean': -0.06562690016032909, 'train_reward_diff': 0.45556619195267556, 'step': 3160}
2025-12-06 00:45:59,034 - utils - INFO - Step 3170: {'train_loss': 0.7332529525578457, 'train_accuracy': 0.6912408759124088, 'train_chosen_reward_mean': 0.3872627952129301, 'train_rejected_reward_mean': -0.06743062116735934, 'train_reward_diff': 0.45469341859438994, 'step': 3170}
2025-12-06 00:45:59,833 - utils - INFO - Step 3180: {'train_loss': 0.7326357121592847, 'train_accuracy': 0.6916666666666667, 'train_chosen_reward_mean': 0.38601099186833354, 'train_rejected_reward_mean': -0.06945154100481042, 'train_reward_diff': 0.45546253495242284, 'step': 3180}
2025-12-06 00:46:00,611 - utils - INFO - Step 3190: {'train_loss': 0.7342200269909214, 'train_accuracy': 0.6908273381294964, 'train_chosen_reward_mean': 0.38639841282324827, 'train_rejected_reward_mean': -0.06709499986735072, 'train_reward_diff': 0.4534934146262759, 'step': 3190}
2025-12-06 00:46:01,469 - utils - INFO - Step 3200: {'train_loss': 0.7350478356331587, 'train_accuracy': 0.6901785714285714, 'train_chosen_reward_mean': 0.38809362886207444, 'train_rejected_reward_mean': -0.06376146766157555, 'train_reward_diff': 0.4518550984135696, 'step': 3200}
2025-12-06 00:46:02,257 - utils - INFO - Step 3210: {'train_loss': 0.7348580412091092, 'train_accuracy': 0.6906028368794326, 'train_chosen_reward_mean': 0.38890193543324236, 'train_rejected_reward_mean': -0.0622557279165068, 'train_reward_diff': 0.45115766527382195, 'step': 3210}
2025-12-06 00:46:02,963 - utils - INFO - Step 3220: {'train_loss': 0.733545263457886, 'train_accuracy': 0.6913732394366198, 'train_chosen_reward_mean': 0.39045219105524076, 'train_rejected_reward_mean': -0.06207539211683185, 'train_reward_diff': 0.45252758507997215, 'step': 3220}
2025-12-06 00:46:03,899 - utils - INFO - Step 3230: {'train_loss': 0.7332991401632349, 'train_accuracy': 0.6909090909090909, 'train_chosen_reward_mean': 0.39109669777896855, 'train_rejected_reward_mean': -0.062202198159314326, 'train_reward_diff': 0.4532988978015793, 'step': 3230}
2025-12-06 00:46:04,709 - utils - INFO - Step 3240: {'train_loss': 0.7331546058671342, 'train_accuracy': 0.6907986111111111, 'train_chosen_reward_mean': 0.394744403515425, 'train_rejected_reward_mean': -0.058286772944524674, 'train_reward_diff': 0.4530311783982648, 'step': 3240}
2025-12-06 00:46:05,543 - utils - INFO - Step 3250: {'train_loss': 0.7347610507956867, 'train_accuracy': 0.6901724137931035, 'train_chosen_reward_mean': 0.3966476334785593, 'train_rejected_reward_mean': -0.05529987342077596, 'train_reward_diff': 0.45194750887052765, 'step': 3250}
2025-12-06 00:46:06,337 - utils - INFO - Step 3260: {'train_loss': 0.7351174178188794, 'train_accuracy': 0.690068493150685, 'train_chosen_reward_mean': 0.39777083460190527, 'train_rejected_reward_mean': -0.054032988562440015, 'train_reward_diff': 0.45180382512713946, 'step': 3260}
2025-12-06 00:46:07,186 - utils - INFO - Step 3270: {'train_loss': 0.735531243793413, 'train_accuracy': 0.6899659863945579, 'train_chosen_reward_mean': 0.3986926645952828, 'train_rejected_reward_mean': -0.05236606651815732, 'train_reward_diff': 0.451058733062882, 'step': 3270}
2025-12-06 00:46:08,096 - utils - INFO - Step 3280: {'train_loss': 0.7360219846806816, 'train_accuracy': 0.6893581081081082, 'train_chosen_reward_mean': 0.39930181479131854, 'train_rejected_reward_mean': -0.051043394209842226, 'train_reward_diff': 0.4503452109676358, 'step': 3280}
2025-12-06 00:46:09,009 - utils - INFO - Step 3290: {'train_loss': 0.736040177231267, 'train_accuracy': 0.6885906040268457, 'train_chosen_reward_mean': 0.40019397724594846, 'train_rejected_reward_mean': -0.049716731417774156, 'train_reward_diff': 0.44991071056699594, 'step': 3290}
2025-12-06 00:46:09,869 - utils - INFO - Step 3300: {'train_loss': 0.7355362596809865, 'train_accuracy': 0.6891666666666667, 'train_chosen_reward_mean': 0.4013145171006521, 'train_rejected_reward_mean': -0.048767355215425294, 'train_reward_diff': 0.45008187399307886, 'step': 3300}
2025-12-06 00:46:10,708 - utils - INFO - Step 3310: {'train_loss': 0.7358271344509346, 'train_accuracy': 0.6887417218543046, 'train_chosen_reward_mean': 0.40272847415003554, 'train_rejected_reward_mean': -0.04626624028796688, 'train_reward_diff': 0.4489947158966633, 'step': 3310}
2025-12-06 00:46:11,622 - utils - INFO - Step 3320: {'train_loss': 0.7353053993594489, 'train_accuracy': 0.6889802631578947, 'train_chosen_reward_mean': 0.4047698896378279, 'train_rejected_reward_mean': -0.044498270526405814, 'train_reward_diff': 0.44926816145644377, 'step': 3320}
2025-12-06 00:46:12,462 - utils - INFO - Step 3330: {'train_loss': 0.7357148469176168, 'train_accuracy': 0.688562091503268, 'train_chosen_reward_mean': 0.40744976121567045, 'train_rejected_reward_mean': -0.04105449392113323, 'train_reward_diff': 0.44850425629639157, 'step': 3330}
2025-12-06 00:46:13,153 - utils - INFO - Step 3340: {'train_loss': 0.735347275000501, 'train_accuracy': 0.6883116883116883, 'train_chosen_reward_mean': 0.40867445046783657, 'train_rejected_reward_mean': -0.040254979079298966, 'train_reward_diff': 0.44892943065081325, 'step': 3340}
2025-12-06 00:46:13,954 - utils - INFO - Step 3350: {'train_loss': 0.7359042952618291, 'train_accuracy': 0.6880645161290323, 'train_chosen_reward_mean': 0.40869159638641345, 'train_rejected_reward_mean': -0.03992169771643896, 'train_reward_diff': 0.44861329517056864, 'step': 3350}
2025-12-06 00:46:14,773 - utils - INFO - Step 3360: {'train_loss': 0.737314645649913, 'train_accuracy': 0.6868589743589744, 'train_chosen_reward_mean': 0.40859415859509357, 'train_rejected_reward_mean': -0.03790413737476159, 'train_reward_diff': 0.4464982971453514, 'step': 3360}
2025-12-06 00:46:15,632 - utils - INFO - Step 3370: {'train_loss': 0.7374192362093622, 'train_accuracy': 0.6867834394904458, 'train_chosen_reward_mean': 0.4073279987498643, 'train_rejected_reward_mean': -0.03807013472067607, 'train_reward_diff': 0.4453981347334613, 'step': 3370}
2025-12-06 00:46:16,381 - utils - INFO - Step 3380: {'train_loss': 0.7379073707268963, 'train_accuracy': 0.6859177215189873, 'train_chosen_reward_mean': 0.4048146973517311, 'train_rejected_reward_mean': -0.039869565202536275, 'train_reward_diff': 0.4446842638704973, 'step': 3380}
2025-12-06 00:46:17,259 - utils - INFO - Step 3390: {'train_loss': 0.7376622295510844, 'train_accuracy': 0.6864779874213837, 'train_chosen_reward_mean': 0.40614164586196533, 'train_rejected_reward_mean': -0.03892281937512493, 'train_reward_diff': 0.445064466591901, 'step': 3390}
2025-12-06 00:46:18,153 - utils - INFO - Step 3400: {'train_loss': 0.738794182119891, 'train_accuracy': 0.68546875, 'train_chosen_reward_mean': 0.4088703383342363, 'train_rejected_reward_mean': -0.03510055810387712, 'train_reward_diff': 0.44397089793812483, 'step': 3400}
2025-12-06 00:46:19,028 - utils - INFO - Step 3410: {'train_loss': 0.7387876927574969, 'train_accuracy': 0.6854037267080745, 'train_chosen_reward_mean': 0.4110920665820378, 'train_rejected_reward_mean': -0.03338733248077102, 'train_reward_diff': 0.44447940061829105, 'step': 3410}
2025-12-06 00:46:19,787 - utils - INFO - Step 3420: {'train_loss': 0.738556135436635, 'train_accuracy': 0.6851851851851852, 'train_chosen_reward_mean': 0.41369531855768993, 'train_rejected_reward_mean': -0.031017823776598147, 'train_reward_diff': 0.44471314381578086, 'step': 3420}
2025-12-06 00:46:20,609 - utils - INFO - Step 3430: {'train_loss': 0.7386924189475417, 'train_accuracy': 0.6852760736196319, 'train_chosen_reward_mean': 0.4148711297341102, 'train_rejected_reward_mean': -0.029716100924836893, 'train_reward_diff': 0.44458723215877644, 'step': 3430}
2025-12-06 00:46:21,376 - utils - INFO - Step 3440: {'train_loss': 0.7388636629755904, 'train_accuracy': 0.6852134146341463, 'train_chosen_reward_mean': 0.41721981774061556, 'train_rejected_reward_mean': -0.027629855022447684, 'train_reward_diff': 0.4448496740538536, 'step': 3440}
2025-12-06 00:46:22,152 - utils - INFO - Step 3450: {'train_loss': 0.7384386482383266, 'train_accuracy': 0.6851515151515152, 'train_chosen_reward_mean': 0.4186554011815425, 'train_rejected_reward_mean': -0.02700792616120342, 'train_reward_diff': 0.44566332858168717, 'step': 3450}
2025-12-06 00:46:22,918 - utils - INFO - Step 3460: {'train_loss': 0.7365007310567132, 'train_accuracy': 0.686144578313253, 'train_chosen_reward_mean': 0.42212580729904303, 'train_rejected_reward_mean': -0.026500736024926405, 'train_reward_diff': 0.44862654442079813, 'step': 3460}
2025-12-06 00:46:23,659 - utils - INFO - Step 3470: {'train_loss': 0.7370351334888778, 'train_accuracy': 0.6860778443113772, 'train_chosen_reward_mean': 0.42295049412209473, 'train_rejected_reward_mean': -0.024892314885391627, 'train_reward_diff': 0.4478428101423615, 'step': 3470}
2025-12-06 00:46:24,245 - utils - INFO - Step 3480: {'train_loss': 0.7371545502472492, 'train_accuracy': 0.6858630952380952, 'train_chosen_reward_mean': 0.4229907619700368, 'train_rejected_reward_mean': -0.025163909647103754, 'train_reward_diff': 0.44815467270091175, 'step': 3480}
2025-12-06 00:46:25,061 - utils - INFO - Step 3490: {'train_loss': 0.7386640140290797, 'train_accuracy': 0.6850591715976332, 'train_chosen_reward_mean': 0.4243772724037163, 'train_rejected_reward_mean': -0.02180864112231241, 'train_reward_diff': 0.4461859146827424, 'step': 3490}
2025-12-06 00:46:25,884 - utils - INFO - Step 3500: {'train_loss': 0.738345941699603, 'train_accuracy': 0.6851470588235294, 'train_chosen_reward_mean': 0.4247725423096734, 'train_rejected_reward_mean': -0.022141374573659372, 'train_reward_diff': 0.44691391798941527, 'step': 3500}
2025-12-06 00:46:26,787 - utils - INFO - Step 3510: {'train_loss': 0.7388272978844699, 'train_accuracy': 0.6849415204678363, 'train_chosen_reward_mean': 0.4246805722580144, 'train_rejected_reward_mean': -0.021559043163814913, 'train_reward_diff': 0.44623961649530114, 'step': 3510}
2025-12-06 00:46:27,643 - utils - INFO - Step 3520: {'train_loss': 0.7388708536967982, 'train_accuracy': 0.6844476744186047, 'train_chosen_reward_mean': 0.4253193234959834, 'train_rejected_reward_mean': -0.02014446897529672, 'train_reward_diff': 0.4454637934605396, 'step': 3520}
2025-12-06 00:46:28,415 - utils - INFO - Step 3530: {'train_loss': 0.7393945163126626, 'train_accuracy': 0.6839595375722544, 'train_chosen_reward_mean': 0.4244116977438589, 'train_rejected_reward_mean': -0.0197782891468721, 'train_reward_diff': 0.44418998779244506, 'step': 3530}
2025-12-06 00:46:29,361 - utils - INFO - Step 3540: {'train_loss': 0.7390584997318942, 'train_accuracy': 0.684051724137931, 'train_chosen_reward_mean': 0.42530573602851435, 'train_rejected_reward_mean': -0.01864104953958471, 'train_reward_diff': 0.44394678642181146, 'step': 3540}
2025-12-06 00:46:30,049 - utils - INFO - Step 3550: {'train_loss': 0.7392934596708842, 'train_accuracy': 0.684, 'train_chosen_reward_mean': 0.42474003158083984, 'train_rejected_reward_mean': -0.01936431690252253, 'train_reward_diff': 0.4441043493832861, 'step': 3550}
2025-12-06 00:46:30,861 - utils - INFO - Step 3560: {'train_loss': 0.7386080550537868, 'train_accuracy': 0.6845170454545455, 'train_chosen_reward_mean': 0.42500840888400987, 'train_rejected_reward_mean': -0.02034714756671085, 'train_reward_diff': 0.4453555573370646, 'step': 3560}
2025-12-06 00:46:31,737 - utils - INFO - Step 3570: {'train_loss': 0.7394663824199956, 'train_accuracy': 0.6838983050847458, 'train_chosen_reward_mean': 0.42127937624641393, 'train_rejected_reward_mean': -0.023672824143037452, 'train_reward_diff': 0.44495220141390623, 'step': 3570}
2025-12-06 00:46:32,565 - utils - INFO - Step 3580: {'train_loss': 0.7404158887903342, 'train_accuracy': 0.6834269662921348, 'train_chosen_reward_mean': 0.4174438222803259, 'train_rejected_reward_mean': -0.026112728687840397, 'train_reward_diff': 0.44355655189477994, 'step': 3580}
2025-12-06 00:46:33,248 - utils - INFO - Step 3590: {'train_loss': 0.7394328749046646, 'train_accuracy': 0.6837988826815642, 'train_chosen_reward_mean': 0.4154423736306376, 'train_rejected_reward_mean': -0.029501190436639766, 'train_reward_diff': 0.44494356495541565, 'step': 3590}
2025-12-06 00:46:34,075 - utils - INFO - Step 3600: {'train_loss': 0.7400922380387783, 'train_accuracy': 0.6831944444444444, 'train_chosen_reward_mean': 0.41257882290209336, 'train_rejected_reward_mean': -0.03119344422024571, 'train_reward_diff': 0.4437722679393159, 'step': 3600}
2025-12-06 00:46:41,147 - utils - INFO - Epoch 2 Results:
2025-12-06 00:46:41,147 - utils - INFO -   Train Loss: 0.7401
2025-12-06 00:46:41,147 - utils - INFO -   Train Accuracy: 0.6832
2025-12-06 00:46:41,147 - utils - INFO -   Val Loss: 0.8423
2025-12-06 00:46:41,148 - utils - INFO -   Val Accuracy: 0.5962
2025-12-06 00:46:41,148 - utils - INFO - Epoch 3/3
2025-12-06 00:46:42,052 - utils - INFO - Step 3610: {'train_loss': 0.4752008616924286, 'train_accuracy': 0.925, 'train_chosen_reward_mean': 0.40651597529649736, 'train_rejected_reward_mean': -0.27219619452953336, 'train_reward_diff': 0.6787121653556824, 'step': 3610}
2025-12-06 00:46:42,883 - utils - INFO - Step 3620: {'train_loss': 0.4032055653631687, 'train_accuracy': 0.925, 'train_chosen_reward_mean': 0.5812203016132116, 'train_rejected_reward_mean': -0.308649505674839, 'train_reward_diff': 0.8898698121309281, 'step': 3620}
2025-12-06 00:46:43,572 - utils - INFO - Step 3630: {'train_loss': 0.41294624159733456, 'train_accuracy': 0.8916666666666667, 'train_chosen_reward_mean': 0.6759005007644494, 'train_rejected_reward_mean': -0.27134597301483154, 'train_reward_diff': 0.9472464750210444, 'step': 3630}
2025-12-06 00:46:44,387 - utils - INFO - Step 3640: {'train_loss': 0.4497140783816576, 'train_accuracy': 0.86875, 'train_chosen_reward_mean': 0.7183933762833477, 'train_rejected_reward_mean': -0.18452743962407112, 'train_reward_diff': 0.9029208138585091, 'step': 3640}
2025-12-06 00:46:45,169 - utils - INFO - Step 3650: {'train_loss': 0.45369577139616013, 'train_accuracy': 0.845, 'train_chosen_reward_mean': 0.7643752555549145, 'train_rejected_reward_mean': -0.15185846120119095, 'train_reward_diff': 0.916233714222908, 'step': 3650}
2025-12-06 00:46:45,983 - utils - INFO - Step 3660: {'train_loss': 0.4543521908422311, 'train_accuracy': 0.8416666666666667, 'train_chosen_reward_mean': 0.8147235526392858, 'train_rejected_reward_mean': -0.1140626162290573, 'train_reward_diff': 0.9287861640254657, 'step': 3660}
2025-12-06 00:46:46,783 - utils - INFO - Step 3670: {'train_loss': 0.4629243669765336, 'train_accuracy': 0.8357142857142857, 'train_chosen_reward_mean': 0.8876147575676441, 'train_rejected_reward_mean': -0.05263320463044303, 'train_reward_diff': 0.9402479584727969, 'step': 3670}
2025-12-06 00:46:47,637 - utils - INFO - Step 3680: {'train_loss': 0.4728206953033805, 'train_accuracy': 0.825, 'train_chosen_reward_mean': 0.9385210081003607, 'train_rejected_reward_mean': -0.029158267378807067, 'train_reward_diff': 0.9676792711019516, 'step': 3680}
2025-12-06 00:46:48,442 - utils - INFO - Step 3690: {'train_loss': 0.4729550919599003, 'train_accuracy': 0.8305555555555556, 'train_chosen_reward_mean': 0.9579238430493408, 'train_rejected_reward_mean': -0.03358503778775533, 'train_reward_diff': 0.9915088839001126, 'step': 3690}
2025-12-06 00:46:49,314 - utils - INFO - Step 3700: {'train_loss': 0.49098460987210274, 'train_accuracy': 0.8125, 'train_chosen_reward_mean': 0.9037253504246473, 'train_rejected_reward_mean': -0.05240914136171341, 'train_reward_diff': 0.9561344954371452, 'step': 3700}
2025-12-06 00:46:50,140 - utils - INFO - Step 3710: {'train_loss': 0.49146930426359176, 'train_accuracy': 0.8113636363636364, 'train_chosen_reward_mean': 0.8522688878530805, 'train_rejected_reward_mean': -0.08592988510023464, 'train_reward_diff': 0.9381987762722102, 'step': 3710}
2025-12-06 00:46:50,920 - utils - INFO - Step 3720: {'train_loss': 0.4953834440559149, 'train_accuracy': 0.8083333333333333, 'train_chosen_reward_mean': 0.8140864434962471, 'train_rejected_reward_mean': -0.10151548950622478, 'train_reward_diff': 0.9156019366035859, 'step': 3720}
2025-12-06 00:46:51,711 - utils - INFO - Step 3730: {'train_loss': 0.5081258606452208, 'train_accuracy': 0.7961538461538461, 'train_chosen_reward_mean': 0.7730987835388917, 'train_rejected_reward_mean': -0.1270484614257629, 'train_reward_diff': 0.9001472502946853, 'step': 3730}
2025-12-06 00:46:52,466 - utils - INFO - Step 3740: {'train_loss': 0.494848017181669, 'train_accuracy': 0.8017857142857143, 'train_chosen_reward_mean': 0.7579465601061072, 'train_rejected_reward_mean': -0.16927730850875378, 'train_reward_diff': 0.9272238746285438, 'step': 3740}
2025-12-06 00:46:53,311 - utils - INFO - Step 3750: {'train_loss': 0.49576301127672195, 'train_accuracy': 0.8016666666666666, 'train_chosen_reward_mean': 0.7880765218536059, 'train_rejected_reward_mean': -0.1772709300617377, 'train_reward_diff': 0.9653474527597428, 'step': 3750}
2025-12-06 00:46:54,303 - utils - INFO - Step 3760: {'train_loss': 0.49975382992997763, 'train_accuracy': 0.7953125, 'train_chosen_reward_mean': 0.8376411494798959, 'train_rejected_reward_mean': -0.14224174818955362, 'train_reward_diff': 0.979882900044322, 'step': 3760}
2025-12-06 00:46:55,134 - utils - INFO - Step 3770: {'train_loss': 0.5051207164631171, 'train_accuracy': 0.7911764705882353, 'train_chosen_reward_mean': 0.897392329836593, 'train_rejected_reward_mean': -0.07538386421168551, 'train_reward_diff': 0.972776195932837, 'step': 3770}
2025-12-06 00:46:55,985 - utils - INFO - Step 3780: {'train_loss': 0.49785170662734246, 'train_accuracy': 0.7958333333333333, 'train_chosen_reward_mean': 0.9324336685240269, 'train_rejected_reward_mean': -0.060455504266752134, 'train_reward_diff': 0.9928891746534242, 'step': 3780}
2025-12-06 00:46:56,807 - utils - INFO - Step 3790: {'train_loss': 0.4942139367523946, 'train_accuracy': 0.8, 'train_chosen_reward_mean': 0.9780599518041861, 'train_rejected_reward_mean': -0.0190645353182366, 'train_reward_diff': 0.9971244887301797, 'step': 3790}
2025-12-06 00:46:57,639 - utils - INFO - Step 3800: {'train_loss': 0.48561932682991027, 'train_accuracy': 0.805, 'train_chosen_reward_mean': 0.9997020944952965, 'train_rejected_reward_mean': -0.006997187025845051, 'train_reward_diff': 1.006699285209179, 'step': 3800}
2025-12-06 00:46:58,528 - utils - INFO - Step 3810: {'train_loss': 0.48674587791874296, 'train_accuracy': 0.8047619047619048, 'train_chosen_reward_mean': 1.0032351833014261, 'train_rejected_reward_mean': -0.009245791782935461, 'train_reward_diff': 1.0124809795192309, 'step': 3810}
2025-12-06 00:46:59,304 - utils - INFO - Step 3820: {'train_loss': 0.48602167598225854, 'train_accuracy': 0.8056818181818182, 'train_chosen_reward_mean': 0.9887173098173331, 'train_rejected_reward_mean': -0.026149833033030683, 'train_reward_diff': 1.014867147735574, 'step': 3820}
2025-12-06 00:47:00,087 - utils - INFO - Step 3830: {'train_loss': 0.48302341356225637, 'train_accuracy': 0.808695652173913, 'train_chosen_reward_mean': 0.9727716350280072, 'train_rejected_reward_mean': -0.04528411714279133, 'train_reward_diff': 1.0180557561309442, 'step': 3830}
2025-12-06 00:47:00,975 - utils - INFO - Step 3840: {'train_loss': 0.4767852367212375, 'train_accuracy': 0.809375, 'train_chosen_reward_mean': 0.976724564555722, 'train_rejected_reward_mean': -0.05754894884303212, 'train_reward_diff': 1.0342735160763066, 'step': 3840}
2025-12-06 00:47:01,801 - utils - INFO - Step 3850: {'train_loss': 0.470564700126648, 'train_accuracy': 0.812, 'train_chosen_reward_mean': 1.0033986642584205, 'train_rejected_reward_mean': -0.04674810335040092, 'train_reward_diff': 1.0501467698216438, 'step': 3850}
2025-12-06 00:47:02,602 - utils - INFO - Step 3860: {'train_loss': 0.46257477454268014, 'train_accuracy': 0.8163461538461538, 'train_chosen_reward_mean': 1.0353350930703946, 'train_rejected_reward_mean': -0.033751559916597146, 'train_reward_diff': 1.0690866539684625, 'step': 3860}
2025-12-06 00:47:03,340 - utils - INFO - Step 3870: {'train_loss': 0.4645053047824789, 'train_accuracy': 0.8166666666666667, 'train_chosen_reward_mean': 1.03217650157296, 'train_rejected_reward_mean': -0.039989395025703645, 'train_reward_diff': 1.0721658987579523, 'step': 3870}
2025-12-06 00:47:04,059 - utils - INFO - Step 3880: {'train_loss': 0.46419391046677316, 'train_accuracy': 0.8160714285714286, 'train_chosen_reward_mean': 1.017006207862869, 'train_rejected_reward_mean': -0.05868067142686673, 'train_reward_diff': 1.0756868820903556, 'step': 3880}
2025-12-06 00:47:04,859 - utils - INFO - Step 3890: {'train_loss': 0.4611020284480062, 'train_accuracy': 0.8198275862068966, 'train_chosen_reward_mean': 0.9877116205556126, 'train_rejected_reward_mean': -0.08770788114132552, 'train_reward_diff': 1.0754195044523682, 'step': 3890}
2025-12-06 00:47:05,630 - utils - INFO - Step 3900: {'train_loss': 0.46065157900253934, 'train_accuracy': 0.8183333333333334, 'train_chosen_reward_mean': 0.9797245711274445, 'train_rejected_reward_mean': -0.10324004230399926, 'train_reward_diff': 1.0829646150022745, 'step': 3900}
2025-12-06 00:47:06,541 - utils - INFO - Step 3910: {'train_loss': 0.459672425302767, 'train_accuracy': 0.8193548387096774, 'train_chosen_reward_mean': 0.9853879683620987, 'train_rejected_reward_mean': -0.10303762379673219, 'train_reward_diff': 1.0884255947364916, 'step': 3910}
2025-12-06 00:47:07,443 - utils - INFO - Step 3920: {'train_loss': 0.46283507528714835, 'train_accuracy': 0.81796875, 'train_chosen_reward_mean': 0.9668903362180572, 'train_rejected_reward_mean': -0.11493155846837907, 'train_reward_diff': 1.0818218976026401, 'step': 3920}
2025-12-06 00:47:08,230 - utils - INFO - Step 3930: {'train_loss': 0.46070064423662244, 'train_accuracy': 0.8174242424242424, 'train_chosen_reward_mean': 0.9696561712828098, 'train_rejected_reward_mean': -0.11241631282098366, 'train_reward_diff': 1.08207248717998, 'step': 3930}
2025-12-06 00:47:09,057 - utils - INFO - Step 3940: {'train_loss': 0.45557879752972547, 'train_accuracy': 0.8191176470588235, 'train_chosen_reward_mean': 0.9794598802650237, 'train_rejected_reward_mean': -0.11596354079597136, 'train_reward_diff': 1.0954234243973213, 'step': 3940}
2025-12-06 00:47:09,798 - utils - INFO - Step 3950: {'train_loss': 0.45813971962247574, 'train_accuracy': 0.8171428571428572, 'train_chosen_reward_mean': 0.9937881569085376, 'train_rejected_reward_mean': -0.0971896298442568, 'train_reward_diff': 1.090977790334395, 'step': 3950}
2025-12-06 00:47:10,597 - utils - INFO - Step 3960: {'train_loss': 0.45556197377542657, 'train_accuracy': 0.8173611111111111, 'train_chosen_reward_mean': 1.0232626213536908, 'train_rejected_reward_mean': -0.08205223207672437, 'train_reward_diff': 1.1053148570780953, 'step': 3960}
2025-12-06 00:47:11,380 - utils - INFO - Step 3970: {'train_loss': 0.46732981595638634, 'train_accuracy': 0.8121621621621622, 'train_chosen_reward_mean': 1.0338290311748515, 'train_rejected_reward_mean': -0.05821010857015043, 'train_reward_diff': 1.0920391437773769, 'step': 3970}
2025-12-06 00:47:12,152 - utils - INFO - Step 3980: {'train_loss': 0.4657073578552196, 'train_accuracy': 0.8125, 'train_chosen_reward_mean': 1.0405632126243098, 'train_rejected_reward_mean': -0.04890214294979447, 'train_reward_diff': 1.089465358598452, 'step': 3980}
2025-12-06 00:47:12,901 - utils - INFO - Step 3990: {'train_loss': 0.46897445955337624, 'train_accuracy': 0.8115384615384615, 'train_chosen_reward_mean': 1.0292173808345046, 'train_rejected_reward_mean': -0.0487434745599062, 'train_reward_diff': 1.0779608587615002, 'step': 3990}
2025-12-06 00:47:13,797 - utils - INFO - Step 4000: {'train_loss': 0.47271189983934164, 'train_accuracy': 0.81, 'train_chosen_reward_mean': 1.0241381229599937, 'train_rejected_reward_mean': -0.03982790436595678, 'train_reward_diff': 1.0639660304225982, 'step': 4000}
2025-12-06 00:47:14,486 - utils - INFO - Step 4010: {'train_loss': 0.4727658450966928, 'train_accuracy': 0.8103658536585366, 'train_chosen_reward_mean': 1.028078695491138, 'train_rejected_reward_mean': -0.03747280458124672, 'train_reward_diff': 1.0655515029117828, 'step': 4010}
2025-12-06 00:47:15,355 - utils - INFO - Step 4020: {'train_loss': 0.47533766208660033, 'train_accuracy': 0.8095238095238095, 'train_chosen_reward_mean': 1.0250203193076663, 'train_rejected_reward_mean': -0.03351276367902756, 'train_reward_diff': 1.0585330861842348, 'step': 4020}
2025-12-06 00:47:16,176 - utils - INFO - Step 4030: {'train_loss': 0.47406647825656933, 'train_accuracy': 0.8116279069767441, 'train_chosen_reward_mean': 1.0307546944942239, 'train_rejected_reward_mean': -0.03209911285098209, 'train_reward_diff': 1.0628538097233273, 'step': 4030}
2025-12-06 00:47:16,924 - utils - INFO - Step 4040: {'train_loss': 0.4802817968820984, 'train_accuracy': 0.8073863636363636, 'train_chosen_reward_mean': 1.0379859266929667, 'train_rejected_reward_mean': -0.021594555388120086, 'train_reward_diff': 1.0595804849978199, 'step': 4040}
2025-12-06 00:47:17,646 - utils - INFO - Step 4050: {'train_loss': 0.48344601071543164, 'train_accuracy': 0.8055555555555556, 'train_chosen_reward_mean': 1.0448792236670852, 'train_rejected_reward_mean': -0.009490055657095379, 'train_reward_diff': 1.0543692828052573, 'step': 4050}
2025-12-06 00:47:18,425 - utils - INFO - Step 4060: {'train_loss': 0.4848567891704, 'train_accuracy': 0.8059782608695653, 'train_chosen_reward_mean': 1.0442093710819988, 'train_rejected_reward_mean': -0.0033497265337601952, 'train_reward_diff': 1.0475591011831293, 'step': 4060}
2025-12-06 00:47:19,247 - utils - INFO - Step 4070: {'train_loss': 0.484265010756381, 'train_accuracy': 0.8063829787234043, 'train_chosen_reward_mean': 1.0520248339491638, 'train_rejected_reward_mean': 0.006672252571963249, 'train_reward_diff': 1.0453525839175315, 'step': 4070}
2025-12-06 00:47:20,069 - utils - INFO - Step 4080: {'train_loss': 0.4860760479234159, 'train_accuracy': 0.8052083333333333, 'train_chosen_reward_mean': 1.047835457600498, 'train_rejected_reward_mean': 0.007920304453000427, 'train_reward_diff': 1.03991515597639, 'step': 4080}
2025-12-06 00:47:20,861 - utils - INFO - Step 4090: {'train_loss': 0.48577535769769126, 'train_accuracy': 0.8045918367346939, 'train_chosen_reward_mean': 1.0463395011934395, 'train_rejected_reward_mean': 0.00923837090329248, 'train_reward_diff': 1.037101132148991, 'step': 4090}
2025-12-06 00:47:21,467 - utils - INFO - Step 4100: {'train_loss': 0.4862802645266056, 'train_accuracy': 0.804, 'train_chosen_reward_mean': 1.0422237226627766, 'train_rejected_reward_mean': 0.005837597742676735, 'train_reward_diff': 1.0363861265033483, 'step': 4100}
2025-12-06 00:47:22,328 - utils - INFO - Step 4110: {'train_loss': 0.48342642386754353, 'train_accuracy': 0.8053921568627451, 'train_chosen_reward_mean': 1.0481627851980282, 'train_rejected_reward_mean': 0.008424970580666673, 'train_reward_diff': 1.0397378165201814, 'step': 4110}
2025-12-06 00:47:23,172 - utils - INFO - Step 4120: {'train_loss': 0.4838547964795278, 'train_accuracy': 0.8052884615384616, 'train_chosen_reward_mean': 1.0523765702337886, 'train_rejected_reward_mean': 0.015532395644829824, 'train_reward_diff': 1.0368441768993553, 'step': 4120}
2025-12-06 00:47:24,138 - utils - INFO - Step 4130: {'train_loss': 0.48738715853893533, 'train_accuracy': 0.8028301886792453, 'train_chosen_reward_mean': 1.0448930983378921, 'train_rejected_reward_mean': 0.01741912043038404, 'train_reward_diff': 1.0274739799353312, 'step': 4130}
2025-12-06 00:47:24,939 - utils - INFO - Step 4140: {'train_loss': 0.48815043598965363, 'train_accuracy': 0.8032407407407407, 'train_chosen_reward_mean': 1.0323056425864774, 'train_rejected_reward_mean': 0.007897327136662271, 'train_reward_diff': 1.0244083176884387, 'step': 4140}
2025-12-06 00:47:25,705 - utils - INFO - Step 4150: {'train_loss': 0.4885831624811346, 'train_accuracy': 0.8022727272727272, 'train_chosen_reward_mean': 1.0265587805177678, 'train_rejected_reward_mean': 0.0033729664439504795, 'train_reward_diff': 1.023185816786506, 'step': 4150}
2025-12-06 00:47:26,668 - utils - INFO - Step 4160: {'train_loss': 0.4876582765153476, 'train_accuracy': 0.8017857142857143, 'train_chosen_reward_mean': 1.0190250220143102, 'train_rejected_reward_mean': -0.0058841715300721785, 'train_reward_diff': 1.0249091962618486, 'step': 4160}
2025-12-06 00:47:27,389 - utils - INFO - Step 4170: {'train_loss': 0.49556849567513717, 'train_accuracy': 0.7986842105263158, 'train_chosen_reward_mean': 1.0048460717362009, 'train_rejected_reward_mean': -0.010505276199495582, 'train_reward_diff': 1.0153513514159018, 'step': 4170}
2025-12-06 00:47:28,114 - utils - INFO - Step 4180: {'train_loss': 0.4968865540520898, 'train_accuracy': 0.7969827586206897, 'train_chosen_reward_mean': 0.9918678985683825, 'train_rejected_reward_mean': -0.021884965447002445, 'train_reward_diff': 1.0137528675897367, 'step': 4180}
2025-12-06 00:47:29,099 - utils - INFO - Step 4190: {'train_loss': 0.49998659410719143, 'train_accuracy': 0.7957627118644067, 'train_chosen_reward_mean': 0.9830150462908007, 'train_rejected_reward_mean': -0.0236462195167097, 'train_reward_diff': 1.0066612695233297, 'step': 4190}
2025-12-06 00:47:29,842 - utils - INFO - Step 4200: {'train_loss': 0.49751017580429713, 'train_accuracy': 0.7966666666666666, 'train_chosen_reward_mean': 0.9723850281753887, 'train_rejected_reward_mean': -0.03761563175668319, 'train_reward_diff': 1.010000663548708, 'step': 4200}
2025-12-06 00:47:30,695 - utils - INFO - Step 4210: {'train_loss': 0.4967375428461638, 'train_accuracy': 0.796311475409836, 'train_chosen_reward_mean': 0.9622482167862234, 'train_rejected_reward_mean': -0.04538310063911266, 'train_reward_diff': 1.0076313212513923, 'step': 4210}
2025-12-06 00:47:31,572 - utils - INFO - Step 4220: {'train_loss': 0.4991124692703447, 'train_accuracy': 0.7959677419354839, 'train_chosen_reward_mean': 0.957547682664928, 'train_rejected_reward_mean': -0.045823389688326464, 'train_reward_diff': 1.0033710765502146, 'step': 4220}
2025-12-06 00:47:32,363 - utils - INFO - Step 4230: {'train_loss': 0.4980675766865412, 'train_accuracy': 0.796031746031746, 'train_chosen_reward_mean': 0.959288982783873, 'train_rejected_reward_mean': -0.04722398847105011, 'train_reward_diff': 1.0065129757873597, 'step': 4230}
2025-12-06 00:47:33,240 - utils - INFO - Step 4240: {'train_loss': 0.49601180804893374, 'train_accuracy': 0.796875, 'train_chosen_reward_mean': 0.9635094153200043, 'train_rejected_reward_mean': -0.04520916905021295, 'train_reward_diff': 1.0087185885524377, 'step': 4240}
2025-12-06 00:47:34,043 - utils - INFO - Step 4250: {'train_loss': 0.49772096569721513, 'train_accuracy': 0.7953846153846154, 'train_chosen_reward_mean': 0.9665730941725464, 'train_rejected_reward_mean': -0.040919278940329186, 'train_reward_diff': 1.0074923774600029, 'step': 4250}
2025-12-06 00:47:34,827 - utils - INFO - Step 4260: {'train_loss': 0.4969216144446171, 'train_accuracy': 0.7958333333333333, 'train_chosen_reward_mean': 0.9826540012674575, 'train_rejected_reward_mean': -0.028871494813850433, 'train_reward_diff': 1.0115255005206123, 'step': 4260}
2025-12-06 00:47:35,558 - utils - INFO - Step 4270: {'train_loss': 0.496819879492717, 'train_accuracy': 0.7962686567164179, 'train_chosen_reward_mean': 0.989516536377148, 'train_rejected_reward_mean': -0.023322938738474207, 'train_reward_diff': 1.012839478988256, 'step': 4270}
2025-12-06 00:47:36,450 - utils - INFO - Step 4280: {'train_loss': 0.49931703413672307, 'train_accuracy': 0.7955882352941176, 'train_chosen_reward_mean': 0.9895975219387123, 'train_rejected_reward_mean': -0.022466305928195224, 'train_reward_diff': 1.0120638320770334, 'step': 4280}
2025-12-06 00:47:37,239 - utils - INFO - Step 4290: {'train_loss': 0.49996169650036354, 'train_accuracy': 0.7949275362318841, 'train_chosen_reward_mean': 0.986691850680264, 'train_rejected_reward_mean': -0.024233235440392426, 'train_reward_diff': 1.0109250902049782, 'step': 4290}
2025-12-06 00:47:38,145 - utils - INFO - Step 4300: {'train_loss': 0.5025283515879087, 'train_accuracy': 0.7935714285714286, 'train_chosen_reward_mean': 0.9804995591486139, 'train_rejected_reward_mean': -0.025894745886325836, 'train_reward_diff': 1.0063943090183394, 'step': 4300}
2025-12-06 00:47:38,944 - utils - INFO - Step 4310: {'train_loss': 0.5047742229532188, 'train_accuracy': 0.7919014084507042, 'train_chosen_reward_mean': 0.9753568956602208, 'train_rejected_reward_mean': -0.02588289801923322, 'train_reward_diff': 1.0012397971476468, 'step': 4310}
2025-12-06 00:47:39,877 - utils - INFO - Step 4320: {'train_loss': 0.5065940988974439, 'train_accuracy': 0.7909722222222222, 'train_chosen_reward_mean': 0.9755526594455457, 'train_rejected_reward_mean': -0.023520879281891716, 'train_reward_diff': 0.9990735426027741, 'step': 4320}
2025-12-06 00:47:40,703 - utils - INFO - Step 4330: {'train_loss': 0.5052180393101418, 'train_accuracy': 0.791095890410959, 'train_chosen_reward_mean': 0.9817316707938093, 'train_rejected_reward_mean': -0.019105941302155795, 'train_reward_diff': 1.0008376159794528, 'step': 4330}
2025-12-06 00:47:41,487 - utils - INFO - Step 4340: {'train_loss': 0.5039018452167511, 'train_accuracy': 0.7918918918918919, 'train_chosen_reward_mean': 0.9858498641214258, 'train_rejected_reward_mean': -0.015642580631616953, 'train_reward_diff': 1.0014924487048709, 'step': 4340}
2025-12-06 00:47:42,357 - utils - INFO - Step 4350: {'train_loss': 0.5037669704755148, 'train_accuracy': 0.7913333333333333, 'train_chosen_reward_mean': 0.9982190761814514, 'train_rejected_reward_mean': -0.010007889330387116, 'train_reward_diff': 1.008226969430844, 'step': 4350}
2025-12-06 00:47:43,115 - utils - INFO - Step 4360: {'train_loss': 0.5043373228295853, 'train_accuracy': 0.7911184210526315, 'train_chosen_reward_mean': 0.9989563093618735, 'train_rejected_reward_mean': -0.01244454521097635, 'train_reward_diff': 1.0114008584991097, 'step': 4360}
2025-12-06 00:47:43,945 - utils - INFO - Step 4370: {'train_loss': 0.5049367119352539, 'train_accuracy': 0.7905844155844156, 'train_chosen_reward_mean': 0.9892721919705728, 'train_rejected_reward_mean': -0.019398639457566397, 'train_reward_diff': 1.0086708356372334, 'step': 4370}
2025-12-06 00:47:44,767 - utils - INFO - Step 4380: {'train_loss': 0.505761683694063, 'train_accuracy': 0.7897435897435897, 'train_chosen_reward_mean': 0.9822883995918509, 'train_rejected_reward_mean': -0.02388052909802168, 'train_reward_diff': 1.0061689325584433, 'step': 4380}
2025-12-06 00:47:45,639 - utils - INFO - Step 4390: {'train_loss': 0.5066195041507106, 'train_accuracy': 0.7895569620253164, 'train_chosen_reward_mean': 0.9745397521583717, 'train_rejected_reward_mean': -0.030113165401205233, 'train_reward_diff': 1.0046529218130096, 'step': 4390}
2025-12-06 00:47:46,511 - utils - INFO - Step 4400: {'train_loss': 0.50575673436746, 'train_accuracy': 0.7890625, 'train_chosen_reward_mean': 0.9698700971947983, 'train_rejected_reward_mean': -0.03525390475988388, 'train_reward_diff': 1.0051240066206082, 'step': 4400}
2025-12-06 00:47:47,550 - utils - INFO - Step 4410: {'train_loss': 0.5061121629712022, 'train_accuracy': 0.7888888888888889, 'train_chosen_reward_mean': 0.9666202521664493, 'train_rejected_reward_mean': -0.03662531786356811, 'train_reward_diff': 1.0032455748384013, 'step': 4410}
2025-12-06 00:47:48,296 - utils - INFO - Step 4420: {'train_loss': 0.5074600188470468, 'train_accuracy': 0.7878048780487805, 'train_chosen_reward_mean': 0.9531765486999619, 'train_rejected_reward_mean': -0.04644962978299435, 'train_reward_diff': 0.9996261830873242, 'step': 4420}
2025-12-06 00:47:49,045 - utils - INFO - Step 4430: {'train_loss': 0.507031408419092, 'train_accuracy': 0.7876506024096386, 'train_chosen_reward_mean': 0.940624646146793, 'train_rejected_reward_mean': -0.057155036605355966, 'train_reward_diff': 0.9977796872830894, 'step': 4430}
2025-12-06 00:47:49,989 - utils - INFO - Step 4440: {'train_loss': 0.5079729180605639, 'train_accuracy': 0.7875, 'train_chosen_reward_mean': 0.9370489322580398, 'train_rejected_reward_mean': -0.05854054250577021, 'train_reward_diff': 0.9955894792496803, 'step': 4440}
2025-12-06 00:47:50,759 - utils - INFO - Step 4450: {'train_loss': 0.5095613495391957, 'train_accuracy': 0.7867647058823529, 'train_chosen_reward_mean': 0.931255951177548, 'train_rejected_reward_mean': -0.06125862240133917, 'train_reward_diff': 0.9925145779418595, 'step': 4450}
2025-12-06 00:47:51,567 - utils - INFO - Step 4460: {'train_loss': 0.5104547568878463, 'train_accuracy': 0.7863372093023255, 'train_chosen_reward_mean': 0.9299563937105758, 'train_rejected_reward_mean': -0.05926319446717931, 'train_reward_diff': 0.9892195923340529, 'step': 4460}
2025-12-06 00:47:52,343 - utils - INFO - Step 4470: {'train_loss': 0.5129902130570905, 'train_accuracy': 0.7853448275862069, 'train_chosen_reward_mean': 0.9247090739123095, 'train_rejected_reward_mean': -0.060144306490219186, 'train_reward_diff': 0.984853384956375, 'step': 4470}
2025-12-06 00:47:53,220 - utils - INFO - Step 4480: {'train_loss': 0.5139763030646877, 'train_accuracy': 0.7846590909090909, 'train_chosen_reward_mean': 0.922809021670202, 'train_rejected_reward_mean': -0.05996474128597501, 'train_reward_diff': 0.9827737677292052, 'step': 4480}
2025-12-06 00:47:53,953 - utils - INFO - Step 4490: {'train_loss': 0.5129652671264798, 'train_accuracy': 0.7856741573033708, 'train_chosen_reward_mean': 0.9247304438414533, 'train_rejected_reward_mean': -0.06072965802813179, 'train_reward_diff': 0.9854601070159272, 'step': 4490}
2025-12-06 00:47:54,687 - utils - INFO - Step 4500: {'train_loss': 0.5128543069793119, 'train_accuracy': 0.7852777777777777, 'train_chosen_reward_mean': 0.9240985831825269, 'train_rejected_reward_mean': -0.06253393212333322, 'train_reward_diff': 0.9866325206268165, 'step': 4500}
2025-12-06 00:47:55,329 - utils - INFO - Step 4510: {'train_loss': 0.5143834369686934, 'train_accuracy': 0.7854395604395604, 'train_chosen_reward_mean': 0.9243303745862219, 'train_rejected_reward_mean': -0.06036205707056509, 'train_reward_diff': 0.9846924369520211, 'step': 4510}
2025-12-06 00:47:56,238 - utils - INFO - Step 4520: {'train_loss': 0.5137777581325044, 'train_accuracy': 0.7864130434782609, 'train_chosen_reward_mean': 0.9267097348347306, 'train_rejected_reward_mean': -0.060132318793836494, 'train_reward_diff': 0.9868420584410753, 'step': 4520}
2025-12-06 00:47:57,115 - utils - INFO - Step 4530: {'train_loss': 0.5140926405146558, 'train_accuracy': 0.7862903225806451, 'train_chosen_reward_mean': 0.9229119549435313, 'train_rejected_reward_mean': -0.06265932308129406, 'train_reward_diff': 0.9855712831060413, 'step': 4530}
2025-12-06 00:47:57,931 - utils - INFO - Step 4540: {'train_loss': 0.5122494498307401, 'train_accuracy': 0.7872340425531915, 'train_chosen_reward_mean': 0.9224544933898018, 'train_rejected_reward_mean': -0.06536751376227179, 'train_reward_diff': 0.987822012131677, 'step': 4540}
2025-12-06 00:47:58,701 - utils - INFO - Step 4550: {'train_loss': 0.513173016811672, 'train_accuracy': 0.7871052631578948, 'train_chosen_reward_mean': 0.9294670743142304, 'train_rejected_reward_mean': -0.059212977676407284, 'train_reward_diff': 0.9886800568393971, 'step': 4550}
2025-12-06 00:47:59,483 - utils - INFO - Step 4560: {'train_loss': 0.5149624416294197, 'train_accuracy': 0.7864583333333334, 'train_chosen_reward_mean': 0.9415920581746225, 'train_rejected_reward_mean': -0.0497582999310301, 'train_reward_diff': 0.9913503629504703, 'step': 4560}
2025-12-06 00:48:00,423 - utils - INFO - Step 4570: {'train_loss': 0.5165484125159451, 'train_accuracy': 0.7860824742268041, 'train_chosen_reward_mean': 0.9583763421273108, 'train_rejected_reward_mean': -0.03155490282308502, 'train_reward_diff': 0.9899312495301986, 'step': 4570}
2025-12-06 00:48:01,319 - utils - INFO - Step 4580: {'train_loss': 0.5168469448478854, 'train_accuracy': 0.7857142857142857, 'train_chosen_reward_mean': 0.9744165502108482, 'train_rejected_reward_mean': -0.012537150961175865, 'train_reward_diff': 0.9869537052033203, 'step': 4580}
2025-12-06 00:48:02,118 - utils - INFO - Step 4590: {'train_loss': 0.5171386648458663, 'train_accuracy': 0.7861111111111111, 'train_chosen_reward_mean': 0.983473674945458, 'train_rejected_reward_mean': -0.0007062715506463339, 'train_reward_diff': 0.9841799503512154, 'step': 4590}
2025-12-06 00:48:02,963 - utils - INFO - Step 4600: {'train_loss': 0.5156327174156904, 'train_accuracy': 0.786, 'train_chosen_reward_mean': 0.9906575331762433, 'train_rejected_reward_mean': 0.004746562285348773, 'train_reward_diff': 0.9859109744913876, 'step': 4600}
2025-12-06 00:48:03,814 - utils - INFO - Step 4610: {'train_loss': 0.5156866366910462, 'train_accuracy': 0.7861386138613862, 'train_chosen_reward_mean': 0.9956175794179487, 'train_rejected_reward_mean': 0.009929387210545563, 'train_reward_diff': 0.985688196155842, 'step': 4610}
2025-12-06 00:48:04,724 - utils - INFO - Step 4620: {'train_loss': 0.5152192372609588, 'train_accuracy': 0.7862745098039216, 'train_chosen_reward_mean': 0.9983174705183974, 'train_rejected_reward_mean': 0.012402174430077567, 'train_reward_diff': 0.9859152998154362, 'step': 4620}
2025-12-06 00:48:05,627 - utils - INFO - Step 4630: {'train_loss': 0.517164093473004, 'train_accuracy': 0.7849514563106796, 'train_chosen_reward_mean': 0.9978079990131183, 'train_rejected_reward_mean': 0.014181757246333998, 'train_reward_diff': 0.9836262452696423, 'step': 4630}
2025-12-06 00:48:06,408 - utils - INFO - Step 4640: {'train_loss': 0.516017015894445, 'train_accuracy': 0.7853365384615385, 'train_chosen_reward_mean': 0.9984100307982702, 'train_rejected_reward_mean': 0.015232352213934064, 'train_reward_diff': 0.9831776820875417, 'step': 4640}
2025-12-06 00:48:07,278 - utils - INFO - Step 4650: {'train_loss': 0.5159852244882357, 'train_accuracy': 0.7857142857142857, 'train_chosen_reward_mean': 1.0053182744979858, 'train_rejected_reward_mean': 0.021402581962091584, 'train_reward_diff': 0.9839156960483109, 'step': 4650}
2025-12-06 00:48:08,218 - utils - INFO - Step 4660: {'train_loss': 0.5152360670268535, 'train_accuracy': 0.7856132075471698, 'train_chosen_reward_mean': 1.0196626620472602, 'train_rejected_reward_mean': 0.03326783734461609, 'train_reward_diff': 0.9863948281116361, 'step': 4660}
2025-12-06 00:48:09,051 - utils - INFO - Step 4670: {'train_loss': 0.5137454260314737, 'train_accuracy': 0.7866822429906543, 'train_chosen_reward_mean': 1.0335765352873045, 'train_rejected_reward_mean': 0.04298358401196582, 'train_reward_diff': 0.9905929545967657, 'step': 4670}
2025-12-06 00:48:09,869 - utils - INFO - Step 4680: {'train_loss': 0.5152323176463445, 'train_accuracy': 0.7865740740740741, 'train_chosen_reward_mean': 1.0422859718402226, 'train_rejected_reward_mean': 0.0504388928723832, 'train_reward_diff': 0.9918470824516757, 'step': 4680}
2025-12-06 00:48:10,606 - utils - INFO - Step 4690: {'train_loss': 0.5162095636949626, 'train_accuracy': 0.7862385321100918, 'train_chosen_reward_mean': 1.0415316235308254, 'train_rejected_reward_mean': 0.04996627801943809, 'train_reward_diff': 0.9915653492093359, 'step': 4690}
2025-12-06 00:48:11,594 - utils - INFO - Step 4700: {'train_loss': 0.5165373940901323, 'train_accuracy': 0.7861363636363636, 'train_chosen_reward_mean': 1.0406663637946953, 'train_rejected_reward_mean': 0.052175587039779536, 'train_reward_diff': 0.9884907803244212, 'step': 4700}
2025-12-06 00:48:12,386 - utils - INFO - Step 4710: {'train_loss': 0.5153112493656777, 'train_accuracy': 0.7867117117117117, 'train_chosen_reward_mean': 1.037294427674633, 'train_rejected_reward_mean': 0.04737045814929245, 'train_reward_diff': 0.98992397288817, 'step': 4710}
2025-12-06 00:48:13,218 - utils - INFO - Step 4720: {'train_loss': 0.5158733424464507, 'train_accuracy': 0.7863839285714286, 'train_chosen_reward_mean': 1.0325829121084618, 'train_rejected_reward_mean': 0.04384445355473352, 'train_reward_diff': 0.9887384619530556, 'step': 4720}
2025-12-06 00:48:14,208 - utils - INFO - Step 4730: {'train_loss': 0.5168340017442155, 'train_accuracy': 0.7858407079646018, 'train_chosen_reward_mean': 1.0246042409104057, 'train_rejected_reward_mean': 0.038809957233282316, 'train_reward_diff': 0.9857942869144994, 'step': 4730}
2025-12-06 00:48:14,947 - utils - INFO - Step 4740: {'train_loss': 0.5167437197215724, 'train_accuracy': 0.7857456140350877, 'train_chosen_reward_mean': 1.017745076231005, 'train_rejected_reward_mean': 0.03248517164601046, 'train_reward_diff': 0.9852599080423252, 'step': 4740}
2025-12-06 00:48:15,671 - utils - INFO - Step 4750: {'train_loss': 0.5146128798826881, 'train_accuracy': 0.7867391304347826, 'train_chosen_reward_mean': 1.0180377781585508, 'train_rejected_reward_mean': 0.02745339053156583, 'train_reward_diff': 0.9905843914041053, 'step': 4750}
2025-12-06 00:48:16,457 - utils - INFO - Step 4760: {'train_loss': 0.5141329733976002, 'train_accuracy': 0.7870689655172414, 'train_chosen_reward_mean': 1.0211796125654002, 'train_rejected_reward_mean': 0.02683999071154615, 'train_reward_diff': 0.9943396254057257, 'step': 4760}
2025-12-06 00:48:17,353 - utils - INFO - Step 4770: {'train_loss': 0.5135301633013619, 'train_accuracy': 0.786965811965812, 'train_chosen_reward_mean': 1.0224281825507298, 'train_rejected_reward_mean': 0.02597286942231859, 'train_reward_diff': 0.9964553162423718, 'step': 4770}
2025-12-06 00:48:18,058 - utils - INFO - Step 4780: {'train_loss': 0.5138250552370387, 'train_accuracy': 0.7866525423728814, 'train_chosen_reward_mean': 1.0233556595078463, 'train_rejected_reward_mean': 0.025189848373628268, 'train_reward_diff': 0.998165814196533, 'step': 4780}
2025-12-06 00:48:18,966 - utils - INFO - Step 4790: {'train_loss': 0.5129273187588242, 'train_accuracy': 0.7873949579831933, 'train_chosen_reward_mean': 1.0297563346681975, 'train_rejected_reward_mean': 0.03115299885325572, 'train_reward_diff': 0.9986033392271825, 'step': 4790}
2025-12-06 00:48:19,764 - utils - INFO - Step 4800: {'train_loss': 0.5132030553122362, 'train_accuracy': 0.7870833333333334, 'train_chosen_reward_mean': 1.0342139189504087, 'train_rejected_reward_mean': 0.03384818375421067, 'train_reward_diff': 1.0003657388656089, 'step': 4800}
2025-12-06 00:48:20,550 - utils - INFO - Step 4810: {'train_loss': 0.5135614229627877, 'train_accuracy': 0.7869834710743802, 'train_chosen_reward_mean': 1.0322907885675094, 'train_rejected_reward_mean': 0.03333944706938976, 'train_reward_diff': 0.9989513452849851, 'step': 4810}
2025-12-06 00:48:21,416 - utils - INFO - Step 4820: {'train_loss': 0.5134473744108051, 'train_accuracy': 0.7877049180327869, 'train_chosen_reward_mean': 1.0296200402203153, 'train_rejected_reward_mean': 0.03128224342878236, 'train_reward_diff': 0.9983378006267499, 'step': 4820}
2025-12-06 00:48:22,247 - utils - INFO - Step 4830: {'train_loss': 0.511770741617292, 'train_accuracy': 0.7886178861788617, 'train_chosen_reward_mean': 1.0254657037949901, 'train_rejected_reward_mean': 0.026599597909707364, 'train_reward_diff': 0.9988661098498397, 'step': 4830}
2025-12-06 00:48:23,090 - utils - INFO - Step 4840: {'train_loss': 0.5119977768029897, 'train_accuracy': 0.7887096774193548, 'train_chosen_reward_mean': 1.0210337897552357, 'train_rejected_reward_mean': 0.023760968125275065, 'train_reward_diff': 0.9972728255985965, 'step': 4840}
2025-12-06 00:48:24,037 - utils - INFO - Step 4850: {'train_loss': 0.5132315233588218, 'train_accuracy': 0.7882, 'train_chosen_reward_mean': 1.0178204688638448, 'train_rejected_reward_mean': 0.020540570643544198, 'train_reward_diff': 0.997279902240634, 'step': 4850}
2025-12-06 00:48:24,721 - utils - INFO - Step 4860: {'train_loss': 0.5134047355207186, 'train_accuracy': 0.7882936507936508, 'train_chosen_reward_mean': 1.011105170145276, 'train_rejected_reward_mean': 0.013737939667725374, 'train_reward_diff': 0.9973672345724134, 'step': 4860}
2025-12-06 00:48:25,666 - utils - INFO - Step 4870: {'train_loss': 0.5125544156380526, 'train_accuracy': 0.7885826771653544, 'train_chosen_reward_mean': 1.0053369564275572, 'train_rejected_reward_mean': 0.007176436392927733, 'train_reward_diff': 0.998160524064983, 'step': 4870}
2025-12-06 00:48:26,508 - utils - INFO - Step 4880: {'train_loss': 0.5118007104028948, 'train_accuracy': 0.7892578125, 'train_chosen_reward_mean': 0.9997406062029768, 'train_rejected_reward_mean': 0.0009258207079255954, 'train_reward_diff': 0.9988147896685404, 'step': 4880}
2025-12-06 00:48:27,116 - utils - INFO - Step 4890: {'train_loss': 0.5124706577654032, 'train_accuracy': 0.788953488372093, 'train_chosen_reward_mean': 0.9928632008763709, 'train_rejected_reward_mean': -0.004705010074400162, 'train_reward_diff': 0.9975682149186383, 'step': 4890}
2025-12-06 00:48:27,667 - utils - INFO - Step 4900: {'train_loss': 0.5135335267965611, 'train_accuracy': 0.7882692307692307, 'train_chosen_reward_mean': 0.9807008837965818, 'train_rejected_reward_mean': -0.01480387777949755, 'train_reward_diff': 0.9955047653816067, 'step': 4900}
2025-12-06 00:48:28,635 - utils - INFO - Step 4910: {'train_loss': 0.5127035016094456, 'train_accuracy': 0.7885496183206107, 'train_chosen_reward_mean': 0.9733982990261253, 'train_rejected_reward_mean': -0.023426594474274694, 'train_reward_diff': 0.996824897185878, 'step': 4910}
2025-12-06 00:48:29,443 - utils - INFO - Step 4920: {'train_loss': 0.511960090121085, 'train_accuracy': 0.7888257575757576, 'train_chosen_reward_mean': 0.9658994725425587, 'train_rejected_reward_mean': -0.03141489501647425, 'train_reward_diff': 0.9973143711545025, 'step': 4920}
2025-12-06 00:48:30,331 - utils - INFO - Step 4930: {'train_loss': 0.5132772226978962, 'train_accuracy': 0.7879699248120301, 'train_chosen_reward_mean': 0.9597468376775882, 'train_rejected_reward_mean': -0.036197769347774356, 'train_reward_diff': 0.9959446106442159, 'step': 4930}
2025-12-06 00:48:31,038 - utils - INFO - Step 4940: {'train_loss': 0.5124336877643172, 'train_accuracy': 0.7880597014925373, 'train_chosen_reward_mean': 0.955428167115619, 'train_rejected_reward_mean': -0.04417215498692509, 'train_reward_diff': 0.9996003254163843, 'step': 4940}
2025-12-06 00:48:31,927 - utils - INFO - Step 4950: {'train_loss': 0.5130499024854765, 'train_accuracy': 0.7877777777777778, 'train_chosen_reward_mean': 0.9476351068251663, 'train_rejected_reward_mean': -0.0514397027729838, 'train_reward_diff': 0.9990748129536708, 'step': 4950}
2025-12-06 00:48:32,735 - utils - INFO - Step 4960: {'train_loss': 0.512708073624355, 'train_accuracy': 0.7878676470588235, 'train_chosen_reward_mean': 0.9408665414844803, 'train_rejected_reward_mean': -0.05952330178800313, 'train_reward_diff': 1.0003898469429902, 'step': 4960}
2025-12-06 00:48:33,466 - utils - INFO - Step 4970: {'train_loss': 0.513537226813118, 'train_accuracy': 0.7874087591240876, 'train_chosen_reward_mean': 0.9291279401331052, 'train_rejected_reward_mean': -0.07009612006155679, 'train_reward_diff': 0.9992240637785544, 'step': 4970}
2025-12-06 00:48:34,178 - utils - INFO - Step 4980: {'train_loss': 0.5143223931284054, 'train_accuracy': 0.7871376811594203, 'train_chosen_reward_mean': 0.9188033025063899, 'train_rejected_reward_mean': -0.07908179469244636, 'train_reward_diff': 0.9978851011400853, 'step': 4980}
2025-12-06 00:48:34,999 - utils - INFO - Step 4990: {'train_loss': 0.5136401055635308, 'train_accuracy': 0.7879496402877698, 'train_chosen_reward_mean': 0.9127855726980049, 'train_rejected_reward_mean': -0.08432845242535897, 'train_reward_diff': 0.9971140289826573, 'step': 4990}
2025-12-06 00:48:35,894 - utils - INFO - Step 5000: {'train_loss': 0.5140524190557855, 'train_accuracy': 0.7880357142857143, 'train_chosen_reward_mean': 0.9075430680332439, 'train_rejected_reward_mean': -0.08705667402861374, 'train_reward_diff': 0.9945997460106654, 'step': 5000}
2025-12-06 00:48:36,616 - utils - INFO - Step 5010: {'train_loss': 0.5131771745199852, 'train_accuracy': 0.7882978723404256, 'train_chosen_reward_mean': 0.9028837948667665, 'train_rejected_reward_mean': -0.09137317358337818, 'train_reward_diff': 0.9942569722177078, 'step': 5010}
2025-12-06 00:48:37,515 - utils - INFO - Step 5020: {'train_loss': 0.51417626312501, 'train_accuracy': 0.7876760563380282, 'train_chosen_reward_mean': 0.8984602399327806, 'train_rejected_reward_mean': -0.09312545780722105, 'train_reward_diff': 0.9915857014075761, 'step': 5020}
2025-12-06 00:48:38,321 - utils - INFO - Step 5030: {'train_loss': 0.5150027467029078, 'train_accuracy': 0.7872377622377622, 'train_chosen_reward_mean': 0.8940722114400014, 'train_rejected_reward_mean': -0.09550416079590787, 'train_reward_diff': 0.989576375919518, 'step': 5030}
2025-12-06 00:48:39,193 - utils - INFO - Step 5040: {'train_loss': 0.5150481661885149, 'train_accuracy': 0.7868055555555555, 'train_chosen_reward_mean': 0.8884105938641975, 'train_rejected_reward_mean': -0.10018080009095785, 'train_reward_diff': 0.988591397799448, 'step': 5040}
2025-12-06 00:48:40,023 - utils - INFO - Step 5050: {'train_loss': 0.515591370288668, 'train_accuracy': 0.7867241379310345, 'train_chosen_reward_mean': 0.8852768723563901, 'train_rejected_reward_mean': -0.10197727534020769, 'train_reward_diff': 0.9872541514424414, 'step': 5050}
2025-12-06 00:48:40,842 - utils - INFO - Step 5060: {'train_loss': 0.5167347677460272, 'train_accuracy': 0.785958904109589, 'train_chosen_reward_mean': 0.8827026744768636, 'train_rejected_reward_mean': -0.10109438731603018, 'train_reward_diff': 0.9837970654926684, 'step': 5060}
2025-12-06 00:48:41,534 - utils - INFO - Step 5070: {'train_loss': 0.5167514256980954, 'train_accuracy': 0.7858843537414966, 'train_chosen_reward_mean': 0.8812957616231474, 'train_rejected_reward_mean': -0.10159628332218751, 'train_reward_diff': 0.9828920487719937, 'step': 5070}
2025-12-06 00:48:42,502 - utils - INFO - Step 5080: {'train_loss': 0.5171260188862279, 'train_accuracy': 0.7861486486486486, 'train_chosen_reward_mean': 0.8792019359717095, 'train_rejected_reward_mean': -0.10159209325053804, 'train_reward_diff': 0.9807940330230505, 'step': 5080}
2025-12-06 00:48:43,456 - utils - INFO - Step 5090: {'train_loss': 0.5169027764825213, 'train_accuracy': 0.786744966442953, 'train_chosen_reward_mean': 0.8760694814158366, 'train_rejected_reward_mean': -0.1042341058561266, 'train_reward_diff': 0.9803035910072543, 'step': 5090}
2025-12-06 00:48:44,284 - utils - INFO - Step 5100: {'train_loss': 0.5160824052790801, 'train_accuracy': 0.787, 'train_chosen_reward_mean': 0.8746223391741514, 'train_rejected_reward_mean': -0.10596542418748141, 'train_reward_diff': 0.9805877671614289, 'step': 5100}
2025-12-06 00:48:45,231 - utils - INFO - Step 5110: {'train_loss': 0.5163048858378108, 'train_accuracy': 0.7870860927152318, 'train_chosen_reward_mean': 0.874659854010833, 'train_rejected_reward_mean': -0.1048139343864673, 'train_reward_diff': 0.979473792102854, 'step': 5110}
2025-12-06 00:48:45,941 - utils - INFO - Step 5120: {'train_loss': 0.514489876616158, 'train_accuracy': 0.7879934210526316, 'train_chosen_reward_mean': 0.8754654288242915, 'train_rejected_reward_mean': -0.10712763759503631, 'train_reward_diff': 0.9825930699485501, 'step': 5120}
2025-12-06 00:48:46,625 - utils - INFO - Step 5130: {'train_loss': 0.5134646824859326, 'train_accuracy': 0.788235294117647, 'train_chosen_reward_mean': 0.8757755890829501, 'train_rejected_reward_mean': -0.1102724154425018, 'train_reward_diff': 0.9860480081387399, 'step': 5130}
2025-12-06 00:48:47,441 - utils - INFO - Step 5140: {'train_loss': 0.5144146437285009, 'train_accuracy': 0.7878246753246754, 'train_chosen_reward_mean': 0.8753449724334014, 'train_rejected_reward_mean': -0.11070041754948241, 'train_reward_diff': 0.9860453936162513, 'step': 5140}
2025-12-06 00:48:48,164 - utils - INFO - Step 5150: {'train_loss': 0.5142898992088534, 'train_accuracy': 0.7880645161290323, 'train_chosen_reward_mean': 0.8751423184958197, 'train_rejected_reward_mean': -0.11171906195100277, 'train_reward_diff': 0.9868613842009537, 'step': 5150}
2025-12-06 00:48:49,012 - utils - INFO - Step 5160: {'train_loss': 0.5145749171670431, 'train_accuracy': 0.7879807692307692, 'train_chosen_reward_mean': 0.8753825178131079, 'train_rejected_reward_mean': -0.11046298090129708, 'train_reward_diff': 0.9858455025399916, 'step': 5160}
2025-12-06 00:48:49,851 - utils - INFO - Step 5170: {'train_loss': 0.5144997350824108, 'train_accuracy': 0.7880573248407643, 'train_chosen_reward_mean': 0.8786981532907789, 'train_rejected_reward_mean': -0.10629636122590037, 'train_reward_diff': 0.9849945185456875, 'step': 5170}
2025-12-06 00:48:50,748 - utils - INFO - Step 5180: {'train_loss': 0.5128131108287769, 'train_accuracy': 0.7892405063291139, 'train_chosen_reward_mean': 0.8828313777341118, 'train_rejected_reward_mean': -0.10411623293133099, 'train_reward_diff': 0.986947614499191, 'step': 5180}
2025-12-06 00:48:51,482 - utils - INFO - Step 5190: {'train_loss': 0.5119080798243577, 'train_accuracy': 0.789937106918239, 'train_chosen_reward_mean': 0.88248529027468, 'train_rejected_reward_mean': -0.10537523255455045, 'train_reward_diff': 0.9878605266388669, 'step': 5190}
2025-12-06 00:48:52,262 - utils - INFO - Step 5200: {'train_loss': 0.51127874921076, 'train_accuracy': 0.7903125, 'train_chosen_reward_mean': 0.8828985526040196, 'train_rejected_reward_mean': -0.10668385102646426, 'train_reward_diff': 0.9895824072114192, 'step': 5200}
2025-12-06 00:48:53,019 - utils - INFO - Step 5210: {'train_loss': 0.5122245092477117, 'train_accuracy': 0.7897515527950311, 'train_chosen_reward_mean': 0.8860480893102491, 'train_rejected_reward_mean': -0.10379817192413793, 'train_reward_diff': 0.9898462648879482, 'step': 5210}
2025-12-06 00:48:53,904 - utils - INFO - Step 5220: {'train_loss': 0.5133852616228439, 'train_accuracy': 0.7890432098765432, 'train_chosen_reward_mean': 0.8911928133464154, 'train_rejected_reward_mean': -0.0971937055113139, 'train_reward_diff': 0.9883865228934604, 'step': 5220}
2025-12-06 00:48:54,937 - utils - INFO - Step 5230: {'train_loss': 0.514312397546929, 'train_accuracy': 0.7881901840490797, 'train_chosen_reward_mean': 0.8974304393025264, 'train_rejected_reward_mean': -0.09015448862241089, 'train_reward_diff': 0.987584932155313, 'step': 5230}
2025-12-06 00:48:55,602 - utils - INFO - Step 5240: {'train_loss': 0.5141262724087006, 'train_accuracy': 0.7884146341463415, 'train_chosen_reward_mean': 0.9011119304815444, 'train_rejected_reward_mean': -0.08613204406347216, 'train_reward_diff': 0.9872439786223922, 'step': 5240}
2025-12-06 00:48:56,545 - utils - INFO - Step 5250: {'train_loss': 0.514247494412191, 'train_accuracy': 0.7883333333333333, 'train_chosen_reward_mean': 0.9038862279328433, 'train_rejected_reward_mean': -0.08259209307757291, 'train_reward_diff': 0.9864783246928093, 'step': 5250}
2025-12-06 00:48:57,258 - utils - INFO - Step 5260: {'train_loss': 0.5152099789445659, 'train_accuracy': 0.7875, 'train_chosen_reward_mean': 0.9019306047135088, 'train_rejected_reward_mean': -0.08242954711418554, 'train_reward_diff': 0.9843601553532553, 'step': 5260}
2025-12-06 00:48:57,951 - utils - INFO - Step 5270: {'train_loss': 0.5150989382477578, 'train_accuracy': 0.7877245508982036, 'train_chosen_reward_mean': 0.900431487910048, 'train_rejected_reward_mean': -0.08223971866383524, 'train_reward_diff': 0.9826712099177216, 'step': 5270}
2025-12-06 00:48:58,814 - utils - INFO - Step 5280: {'train_loss': 0.5148442430333012, 'train_accuracy': 0.7879464285714286, 'train_chosen_reward_mean': 0.902621076043163, 'train_rejected_reward_mean': -0.07975688088419182, 'train_reward_diff': 0.9823779602468546, 'step': 5280}
2025-12-06 00:48:59,573 - utils - INFO - Step 5290: {'train_loss': 0.5154049037828954, 'train_accuracy': 0.7877218934911243, 'train_chosen_reward_mean': 0.9048672208419213, 'train_rejected_reward_mean': -0.0772340106849487, 'train_reward_diff': 0.9821012348619967, 'step': 5290}
2025-12-06 00:49:00,449 - utils - INFO - Step 5300: {'train_loss': 0.5146876658411587, 'train_accuracy': 0.7883823529411764, 'train_chosen_reward_mean': 0.9073163584400625, 'train_rejected_reward_mean': -0.07686173047651262, 'train_reward_diff': 0.9841780922320835, 'step': 5300}
2025-12-06 00:49:01,284 - utils - INFO - Step 5310: {'train_loss': 0.5170970078971651, 'train_accuracy': 0.7872807017543859, 'train_chosen_reward_mean': 0.905401195001881, 'train_rejected_reward_mean': -0.07539690178301599, 'train_reward_diff': 0.9807981001681577, 'step': 5310}
2025-12-06 00:49:02,094 - utils - INFO - Step 5320: {'train_loss': 0.5177660565996586, 'train_accuracy': 0.7866279069767442, 'train_chosen_reward_mean': 0.9032010882919611, 'train_rejected_reward_mean': -0.07623038025529578, 'train_reward_diff': 0.979431472032136, 'step': 5320}
2025-12-06 00:49:02,958 - utils - INFO - Step 5330: {'train_loss': 0.5184999573609732, 'train_accuracy': 0.7861271676300579, 'train_chosen_reward_mean': 0.9012505838464451, 'train_rejected_reward_mean': -0.07594795410946614, 'train_reward_diff': 0.9771985414464867, 'step': 5330}
2025-12-06 00:49:03,732 - utils - INFO - Step 5340: {'train_loss': 0.5189573800769346, 'train_accuracy': 0.7857758620689655, 'train_chosen_reward_mean': 0.8988462295897048, 'train_rejected_reward_mean': -0.07650650489176142, 'train_reward_diff': 0.9753527378363684, 'step': 5340}
2025-12-06 00:49:04,396 - utils - INFO - Step 5350: {'train_loss': 0.51794905597823, 'train_accuracy': 0.7864285714285715, 'train_chosen_reward_mean': 0.8968056094284569, 'train_rejected_reward_mean': -0.07853598621487617, 'train_reward_diff': 0.9753415988662413, 'step': 5350}
2025-12-06 00:49:05,152 - utils - INFO - Step 5360: {'train_loss': 0.518121724279428, 'train_accuracy': 0.7862215909090909, 'train_chosen_reward_mean': 0.895322206241756, 'train_rejected_reward_mean': -0.08062870981256393, 'train_reward_diff': 0.975950919360515, 'step': 5360}
2025-12-06 00:49:06,018 - utils - INFO - Step 5370: {'train_loss': 0.5174004605176759, 'train_accuracy': 0.786723163841808, 'train_chosen_reward_mean': 0.8948390434164617, 'train_rejected_reward_mean': -0.08173321448056038, 'train_reward_diff': 0.9765722611845381, 'step': 5370}
2025-12-06 00:49:06,897 - utils - INFO - Step 5380: {'train_loss': 0.5187883804102292, 'train_accuracy': 0.7860955056179775, 'train_chosen_reward_mean': 0.8933921830017078, 'train_rejected_reward_mean': -0.08257631558213341, 'train_reward_diff': 0.9759685017398736, 'step': 5380}
2025-12-06 00:49:07,662 - utils - INFO - Step 5390: {'train_loss': 0.5186249468662886, 'train_accuracy': 0.7864525139664804, 'train_chosen_reward_mean': 0.8920306236030503, 'train_rejected_reward_mean': -0.08462419280959241, 'train_reward_diff': 0.976654819517745, 'step': 5390}
2025-12-06 00:49:08,331 - utils - INFO - Step 5400: {'train_loss': 0.5183147753443983, 'train_accuracy': 0.7865277777777778, 'train_chosen_reward_mean': 0.8872014089156356, 'train_rejected_reward_mean': -0.08977563915153344, 'train_reward_diff': 0.9769770509811739, 'step': 5400}
2025-12-06 00:49:15,405 - utils - INFO - Epoch 3 Results:
2025-12-06 00:49:15,405 - utils - INFO -   Train Loss: 0.5183
2025-12-06 00:49:15,405 - utils - INFO -   Train Accuracy: 0.7865
2025-12-06 00:49:15,405 - utils - INFO -   Val Loss: 0.9496
2025-12-06 00:49:15,405 - utils - INFO -   Val Accuracy: 0.5763
2025-12-06 00:49:15,405 - utils - INFO - Training completed in 463.12 seconds
2025-12-06 00:49:15,406 - utils - INFO - Evaluating on test set...
2025-12-06 00:49:21,930 - utils - INFO - Test Results:
2025-12-06 00:49:21,930 - utils - INFO -   Test Loss: 0.8615
2025-12-06 00:49:21,930 - utils - INFO -   Test Accuracy: 0.6162
2025-12-06 00:49:21,930 - utils - INFO - Saved 3 entries to logs/reward_model_metrics.json
2025-12-06 00:49:21,930 - utils - INFO - Saved metrics history to logs/reward_model_metrics.json
2025-12-06 00:49:22,888 - utils - INFO - Saved training curves to logs/reward_model_training_curves.png
2025-12-06 00:49:23,319 - reward_model - INFO - Saved reward model to outputs/reward_model/final_reward_model.pt
2025-12-06 00:49:23,319 - utils - INFO - Training completed successfully!
2025-12-06 00:49:23,320 - utils - INFO - Best validation accuracy: 0.6051
2025-12-06 00:49:23,320 - utils - INFO - Final test accuracy: 0.6162
2025-12-06 00:49:23,320 - utils - INFO - Models saved to: outputs/reward_model
