2025-12-06 01:22:31,695 - utils - INFO - Logging configured. Log file: logs/rlhf_training_20251206_012231.log
2025-12-06 01:22:31,697 - utils - INFO - Set random seed to 42
2025-12-06 01:22:31,697 - utils - INFO - Using device: cuda
2025-12-06 01:22:31,697 - utils - INFO - Loading training data...
2025-12-06 01:22:31,740 - utils - INFO - Loaded 8997 entries from data/train_prompts.json
2025-12-06 01:22:31,742 - utils - INFO - Loaded 500 entries from data/eval_prompts.json
2025-12-06 01:22:31,743 - utils - INFO - Loaded 8997 training prompts
2025-12-06 01:22:31,743 - utils - INFO - Loaded 500 evaluation prompts
2025-12-06 01:22:31,743 - utils - INFO - Loading reward model from outputs/reward_model/best_reward_model.pt
2025-12-06 01:22:32,994 - reward_model - INFO - Created reward model based on distilbert-base-uncased
2025-12-06 01:22:32,995 - reward_model - INFO - Model parameters: 67,249,153
2025-12-06 01:22:33,370 - reward_model - INFO - Loaded reward model from outputs/reward_model/best_reward_model.pt
2025-12-06 01:22:33,371 - utils - INFO - Creating RLHF trainer with model: gpt2
2025-12-06 01:22:34,876 - rlhf_trainer - INFO - Created RLHF trainer with model: gpt2
2025-12-06 01:22:34,877 - rlhf_trainer - INFO - Policy model parameters: 124,439,808
2025-12-06 01:22:34,877 - utils - INFO - Evaluating base model...
2025-12-06 01:36:09,050 - utils - INFO - Base model evaluation results:
2025-12-06 01:36:09,050 - utils - INFO -   mean_reward: 0.0456
2025-12-06 01:36:09,050 - utils - INFO -   std_reward: 0.7532
2025-12-06 01:36:09,050 - utils - INFO -   min_reward: -1.3153
2025-12-06 01:36:09,050 - utils - INFO -   max_reward: 2.1230
2025-12-06 01:36:09,050 - utils - INFO -   mean_response_length: 116.5787
2025-12-06 01:36:09,050 - utils - INFO -   num_evaluations: 1500.0000
2025-12-06 01:36:09,050 - utils - INFO - Generating baseline samples...
2025-12-06 01:36:10,935 - utils - INFO - Starting RLHF training...
2025-12-06 01:36:10,935 - utils - INFO - RLHF Epoch 1/2
2025-12-06 01:36:13,669 - rlhf_trainer - WARNING - Early stopping due to large KL divergence: 4.456797122955322
2025-12-06 01:36:16,288 - rlhf_trainer - WARNING - Early stopping due to large KL divergence: 175.51222229003906
2025-12-06 01:36:18,651 - rlhf_trainer - WARNING - Early stopping due to large KL divergence: 1.6521763801574707
2025-12-06 01:36:21,039 - rlhf_trainer - WARNING - Early stopping due to large KL divergence: 2.2284083366394043
2025-12-06 01:36:23,464 - rlhf_trainer - WARNING - Early stopping due to large KL divergence: 2.1743383407592773
2025-12-06 01:36:26,193 - rlhf_trainer - WARNING - Early stopping due to large KL divergence: 0.060720860958099365
2025-12-06 01:36:28,630 - rlhf_trainer - WARNING - Early stopping due to large KL divergence: 1.535054087638855
2025-12-06 01:36:31,028 - rlhf_trainer - WARNING - Early stopping due to large KL divergence: 2.1085612773895264
2025-12-06 01:36:33,647 - rlhf_trainer - WARNING - Early stopping due to large KL divergence: 2.1888279914855957
2025-12-06 01:36:36,012 - rlhf_trainer - WARNING - Early stopping due to large KL divergence: 2.3370847702026367
2025-12-06 01:36:36,014 - utils - INFO - Step 10:
2025-12-06 01:36:36,014 - utils - INFO -   Policy Loss: 0.0000
2025-12-06 01:36:36,014 - utils - INFO -   Value Loss: 0.2217
2025-12-06 01:36:36,014 - utils - INFO -   Reward Mean: -0.0000
2025-12-06 01:36:36,014 - utils - INFO -   KL Divergence: 0.0000
2025-12-06 01:36:38,337 - rlhf_trainer - WARNING - Early stopping due to large KL divergence: 0.0317886620759964
2025-12-06 01:36:41,167 - rlhf_trainer - WARNING - Early stopping due to large KL divergence: 1.858710527420044
2025-12-06 01:36:43,497 - rlhf_trainer - WARNING - Early stopping due to large KL divergence: 0.9704513549804688
2025-12-06 01:36:45,854 - rlhf_trainer - WARNING - Early stopping due to large KL divergence: 3.691038131713867
2025-12-06 01:36:48,226 - rlhf_trainer - WARNING - Early stopping due to large KL divergence: 1.3954684734344482
2025-12-06 01:36:50,604 - rlhf_trainer - WARNING - Early stopping due to large KL divergence: 1.672095775604248
2025-12-06 01:36:52,989 - rlhf_trainer - WARNING - Early stopping due to large KL divergence: 0.8633650541305542
2025-12-06 01:36:55,384 - rlhf_trainer - WARNING - Early stopping due to large KL divergence: 0.37803423404693604
2025-12-06 01:36:57,789 - rlhf_trainer - WARNING - Early stopping due to large KL divergence: 0.5769503116607666
2025-12-06 01:37:00,196 - rlhf_trainer - WARNING - Early stopping due to large KL divergence: 1.1877331733703613
2025-12-06 01:37:00,200 - utils - INFO - Step 20:
2025-12-06 01:37:00,200 - utils - INFO -   Policy Loss: -0.0000
2025-12-06 01:37:00,200 - utils - INFO -   Value Loss: 0.1857
2025-12-06 01:37:00,200 - utils - INFO -   Reward Mean: 0.0000
2025-12-06 01:37:00,200 - utils - INFO -   KL Divergence: 0.0000
2025-12-06 01:37:02,603 - rlhf_trainer - WARNING - Early stopping due to large KL divergence: 2.4305241107940674
2025-12-06 01:37:04,970 - rlhf_trainer - WARNING - Early stopping due to large KL divergence: 3.3056933879852295
2025-12-06 01:37:07,371 - rlhf_trainer - WARNING - Early stopping due to large KL divergence: 2.7280075550079346
2025-12-06 01:37:09,771 - rlhf_trainer - WARNING - Early stopping due to large KL divergence: 2.3694546222686768
2025-12-06 01:37:12,227 - rlhf_trainer - WARNING - Early stopping due to large KL divergence: 3.6232728958129883
2025-12-06 01:37:14,734 - rlhf_trainer - WARNING - Early stopping due to large KL divergence: 1.8974342346191406
2025-12-06 01:37:17,442 - rlhf_trainer - WARNING - Early stopping due to large KL divergence: 4.743344306945801
2025-12-06 01:37:21,715 - rlhf_trainer - WARNING - Early stopping due to large KL divergence: 1.3885451555252075
2025-12-06 01:37:24,104 - rlhf_trainer - WARNING - Early stopping due to large KL divergence: 3.3199760913848877
2025-12-06 01:37:26,483 - rlhf_trainer - WARNING - Early stopping due to large KL divergence: 0.751842200756073
2025-12-06 01:37:26,486 - utils - INFO - Step 30:
2025-12-06 01:37:26,486 - utils - INFO -   Policy Loss: 0.0000
2025-12-06 01:37:26,486 - utils - INFO -   Value Loss: 0.3856
2025-12-06 01:37:26,486 - utils - INFO -   Reward Mean: -0.0000
2025-12-06 01:37:26,486 - utils - INFO -   KL Divergence: 0.0000
2025-12-06 01:37:28,841 - rlhf_trainer - WARNING - Early stopping due to large KL divergence: 2.8851747512817383
2025-12-06 01:37:31,278 - rlhf_trainer - WARNING - Early stopping due to large KL divergence: 1.8989638090133667
2025-12-06 01:37:33,641 - rlhf_trainer - WARNING - Early stopping due to large KL divergence: 2.3105077743530273
2025-12-06 01:37:35,992 - rlhf_trainer - WARNING - Early stopping due to large KL divergence: 0.8681066036224365
2025-12-06 01:37:38,385 - rlhf_trainer - WARNING - Early stopping due to large KL divergence: 1.0744105577468872
2025-12-06 01:37:42,006 - rlhf_trainer - WARNING - Early stopping due to large KL divergence: 2.9797112941741943
2025-12-06 01:37:44,340 - rlhf_trainer - WARNING - Early stopping due to large KL divergence: 1.9472614526748657
2025-12-06 01:37:46,701 - rlhf_trainer - WARNING - Early stopping due to large KL divergence: 1.1449198722839355
2025-12-06 01:37:49,048 - rlhf_trainer - WARNING - Early stopping due to large KL divergence: 0.9975767135620117
2025-12-06 01:37:51,461 - rlhf_trainer - WARNING - Early stopping due to large KL divergence: 0.03269825875759125
2025-12-06 01:37:51,464 - utils - INFO - Step 40:
2025-12-06 01:37:51,464 - utils - INFO -   Policy Loss: -0.0225
2025-12-06 01:37:51,464 - utils - INFO -   Value Loss: 0.3044
2025-12-06 01:37:51,464 - utils - INFO -   Reward Mean: -0.0000
2025-12-06 01:37:51,464 - utils - INFO -   KL Divergence: 0.0016
2025-12-06 01:37:53,841 - rlhf_trainer - WARNING - Early stopping due to large KL divergence: 2.312610626220703
2025-12-06 01:37:56,226 - rlhf_trainer - WARNING - Early stopping due to large KL divergence: 5.498586654663086
2025-12-06 01:37:58,596 - rlhf_trainer - WARNING - Early stopping due to large KL divergence: 1.0139994621276855
2025-12-06 01:38:00,987 - rlhf_trainer - WARNING - Early stopping due to large KL divergence: 1.9581818580627441
2025-12-06 01:38:03,339 - rlhf_trainer - WARNING - Early stopping due to large KL divergence: 4.0206298828125
2025-12-06 01:38:05,665 - rlhf_trainer - WARNING - Early stopping due to large KL divergence: 1.9311906099319458
2025-12-06 01:38:08,001 - rlhf_trainer - WARNING - Early stopping due to large KL divergence: 4.086493492126465
2025-12-06 01:38:10,365 - rlhf_trainer - WARNING - Early stopping due to large KL divergence: 1.9429852962493896
2025-12-06 01:38:13,723 - rlhf_trainer - WARNING - Early stopping due to large KL divergence: 3.8530588150024414
2025-12-06 01:38:16,102 - rlhf_trainer - WARNING - Early stopping due to large KL divergence: 1.000077486038208
2025-12-06 01:38:16,105 - utils - INFO - Step 50:
2025-12-06 01:38:16,105 - utils - INFO -   Policy Loss: 0.0000
2025-12-06 01:38:16,105 - utils - INFO -   Value Loss: 0.1909
2025-12-06 01:38:16,105 - utils - INFO -   Reward Mean: -0.0000
2025-12-06 01:38:16,105 - utils - INFO -   KL Divergence: 0.0000
2025-12-06 01:38:18,470 - rlhf_trainer - WARNING - Early stopping due to large KL divergence: 4.771362781524658
2025-12-06 01:38:20,922 - rlhf_trainer - WARNING - Early stopping due to large KL divergence: 0.3570486903190613
2025-12-06 01:38:23,508 - rlhf_trainer - WARNING - Early stopping due to large KL divergence: 1.717141032218933
2025-12-06 01:38:25,867 - rlhf_trainer - WARNING - Early stopping due to large KL divergence: 0.2721717953681946
2025-12-06 01:38:28,224 - rlhf_trainer - WARNING - Early stopping due to large KL divergence: 1.8805142641067505
2025-12-06 01:38:30,615 - rlhf_trainer - WARNING - Early stopping due to large KL divergence: 0.9059644937515259
2025-12-06 01:38:32,985 - rlhf_trainer - WARNING - Early stopping due to large KL divergence: 1.2488373517990112
2025-12-06 01:38:35,418 - rlhf_trainer - WARNING - Early stopping due to large KL divergence: 0.04401388764381409
2025-12-06 01:38:37,765 - rlhf_trainer - WARNING - Early stopping due to large KL divergence: 1.8590553998947144
2025-12-06 01:38:40,121 - rlhf_trainer - WARNING - Early stopping due to large KL divergence: 1.9070544242858887
2025-12-06 01:38:40,124 - utils - INFO - Step 60:
2025-12-06 01:38:40,124 - utils - INFO -   Policy Loss: -0.0000
2025-12-06 01:38:40,124 - utils - INFO -   Value Loss: 0.1960
2025-12-06 01:38:40,124 - utils - INFO -   Reward Mean: -0.0000
2025-12-06 01:38:40,124 - utils - INFO -   KL Divergence: 0.0000
2025-12-06 01:38:42,490 - rlhf_trainer - WARNING - Early stopping due to large KL divergence: 1.6554099321365356
2025-12-06 01:38:44,875 - rlhf_trainer - WARNING - Early stopping due to large KL divergence: 4.912824630737305
2025-12-06 01:38:47,288 - rlhf_trainer - WARNING - Early stopping due to large KL divergence: 1.0647504329681396
2025-12-06 01:38:50,277 - rlhf_trainer - WARNING - Early stopping due to large KL divergence: 2.096327781677246
2025-12-06 01:38:52,626 - rlhf_trainer - WARNING - Early stopping due to large KL divergence: 4.6851677894592285
2025-12-06 01:38:55,036 - rlhf_trainer - WARNING - Early stopping due to large KL divergence: 2.184370279312134
2025-12-06 01:38:57,454 - rlhf_trainer - WARNING - Early stopping due to large KL divergence: 2.7467732429504395
2025-12-06 01:38:59,852 - rlhf_trainer - WARNING - Early stopping due to large KL divergence: 4.793269157409668
2025-12-06 01:39:02,260 - rlhf_trainer - WARNING - Early stopping due to large KL divergence: 6.933413505554199
2025-12-06 01:39:04,646 - rlhf_trainer - WARNING - Early stopping due to large KL divergence: 12.707341194152832
2025-12-06 01:39:04,649 - utils - INFO - Step 70:
2025-12-06 01:39:04,649 - utils - INFO -   Policy Loss: 0.0000
2025-12-06 01:39:04,649 - utils - INFO -   Value Loss: 0.1641
2025-12-06 01:39:04,649 - utils - INFO -   Reward Mean: -0.0000
2025-12-06 01:39:04,650 - utils - INFO -   KL Divergence: 0.0000
2025-12-06 01:39:07,045 - rlhf_trainer - WARNING - Early stopping due to large KL divergence: 11.10958480834961
2025-12-06 01:39:09,463 - rlhf_trainer - WARNING - Early stopping due to large KL divergence: 9.036125183105469
2025-12-06 01:39:11,904 - rlhf_trainer - WARNING - Early stopping due to large KL divergence: 6.239599227905273
2025-12-06 01:39:14,368 - rlhf_trainer - WARNING - Early stopping due to large KL divergence: 0.03972165286540985
2025-12-06 01:39:16,739 - rlhf_trainer - WARNING - Early stopping due to large KL divergence: 14.223447799682617
2025-12-06 01:39:19,108 - rlhf_trainer - WARNING - Early stopping due to large KL divergence: 3.9758379459381104
2025-12-06 01:39:21,525 - rlhf_trainer - WARNING - Early stopping due to large KL divergence: 8.028326034545898
2025-12-06 01:39:24,649 - rlhf_trainer - WARNING - Early stopping due to large KL divergence: 0.3078756630420685
2025-12-06 01:39:27,036 - rlhf_trainer - WARNING - Early stopping due to large KL divergence: 6.641393661499023
2025-12-06 01:39:29,966 - rlhf_trainer - WARNING - Early stopping due to large KL divergence: 2.3410654067993164
2025-12-06 01:39:29,969 - utils - INFO - Step 80:
2025-12-06 01:39:29,969 - utils - INFO -   Policy Loss: 0.0000
2025-12-06 01:39:29,969 - utils - INFO -   Value Loss: 0.6209
2025-12-06 01:39:29,969 - utils - INFO -   Reward Mean: 0.0000
2025-12-06 01:39:29,969 - utils - INFO -   KL Divergence: 0.0000
2025-12-06 01:39:32,364 - rlhf_trainer - WARNING - Early stopping due to large KL divergence: 1.2475199699401855
2025-12-06 01:39:34,936 - rlhf_trainer - WARNING - Early stopping due to large KL divergence: 3.2633070945739746
2025-12-06 01:39:37,905 - rlhf_trainer - WARNING - Early stopping due to large KL divergence: 0.040981635451316833
2025-12-06 01:39:40,252 - rlhf_trainer - WARNING - Early stopping due to large KL divergence: 8.890169143676758
2025-12-06 01:39:42,516 - rlhf_trainer - WARNING - Early stopping due to large KL divergence: 11.606782913208008
2025-12-06 01:39:44,954 - rlhf_trainer - WARNING - Early stopping due to large KL divergence: 11.983659744262695
2025-12-06 01:39:47,421 - rlhf_trainer - WARNING - Early stopping due to large KL divergence: 10.086786270141602
2025-12-06 01:39:49,818 - rlhf_trainer - WARNING - Early stopping due to large KL divergence: 0.03681136667728424
2025-12-06 01:39:52,187 - rlhf_trainer - WARNING - Early stopping due to large KL divergence: 6.748607635498047
2025-12-06 01:39:54,517 - rlhf_trainer - WARNING - Early stopping due to large KL divergence: 2.4729437828063965
2025-12-06 01:39:54,521 - utils - INFO - Step 90:
2025-12-06 01:39:54,522 - utils - INFO -   Policy Loss: 0.0000
2025-12-06 01:39:54,522 - utils - INFO -   Value Loss: 0.1730
2025-12-06 01:39:54,522 - utils - INFO -   Reward Mean: 0.0000
2025-12-06 01:39:54,522 - utils - INFO -   KL Divergence: 0.0000
2025-12-06 01:39:56,882 - rlhf_trainer - WARNING - Early stopping due to large KL divergence: 3.4134976863861084
2025-12-06 01:39:59,245 - rlhf_trainer - WARNING - Early stopping due to large KL divergence: 2.0553507804870605
2025-12-06 01:40:01,630 - rlhf_trainer - WARNING - Early stopping due to large KL divergence: 11.697425842285156
2025-12-06 01:40:03,984 - rlhf_trainer - WARNING - Early stopping due to large KL divergence: 15.148019790649414
2025-12-06 01:40:06,328 - rlhf_trainer - WARNING - Early stopping due to large KL divergence: 19.175552368164062
2025-12-06 01:40:08,696 - rlhf_trainer - WARNING - Early stopping due to large KL divergence: 14.486209869384766
2025-12-06 01:40:11,192 - rlhf_trainer - WARNING - Early stopping due to large KL divergence: 14.68191146850586
2025-12-06 01:40:13,982 - rlhf_trainer - WARNING - Early stopping due to large KL divergence: 8.312334060668945
2025-12-06 01:40:16,728 - rlhf_trainer - WARNING - Early stopping due to large KL divergence: 11.15007209777832
2025-12-06 01:40:19,081 - rlhf_trainer - WARNING - Early stopping due to large KL divergence: 4.364492416381836
2025-12-06 01:40:19,083 - utils - INFO - Step 100:
2025-12-06 01:40:19,084 - utils - INFO -   Policy Loss: -0.0000
2025-12-06 01:40:19,084 - utils - INFO -   Value Loss: 0.2671
2025-12-06 01:40:19,084 - utils - INFO -   Reward Mean: 0.0000
2025-12-06 01:40:19,084 - utils - INFO -   KL Divergence: 0.0000
2025-12-06 01:40:22,854 - rlhf_trainer - WARNING - Early stopping due to large KL divergence: 15.600135803222656
2025-12-06 01:40:25,220 - rlhf_trainer - WARNING - Early stopping due to large KL divergence: 2.2577767372131348
2025-12-06 01:40:27,592 - rlhf_trainer - WARNING - Early stopping due to large KL divergence: 6.77751350402832
2025-12-06 01:40:29,975 - rlhf_trainer - WARNING - Early stopping due to large KL divergence: 7.520607948303223
2025-12-06 01:40:32,378 - rlhf_trainer - WARNING - Early stopping due to large KL divergence: 10.316274642944336
2025-12-06 01:40:34,779 - rlhf_trainer - WARNING - Early stopping due to large KL divergence: 13.948009490966797
2025-12-06 01:40:37,159 - rlhf_trainer - WARNING - Early stopping due to large KL divergence: 13.549318313598633
2025-12-06 01:40:39,523 - rlhf_trainer - WARNING - Early stopping due to large KL divergence: 14.489518165588379
2025-12-06 01:40:41,934 - rlhf_trainer - WARNING - Early stopping due to large KL divergence: 13.17560863494873
2025-12-06 01:40:44,467 - rlhf_trainer - WARNING - Early stopping due to large KL divergence: 13.325838088989258
2025-12-06 01:40:44,471 - utils - INFO - Step 110:
2025-12-06 01:40:44,471 - utils - INFO -   Policy Loss: 0.0000
2025-12-06 01:40:44,471 - utils - INFO -   Value Loss: 0.3759
2025-12-06 01:40:44,471 - utils - INFO -   Reward Mean: -0.0000
2025-12-06 01:40:44,471 - utils - INFO -   KL Divergence: 0.0000
2025-12-06 01:40:46,878 - rlhf_trainer - WARNING - Early stopping due to large KL divergence: 7.4160003662109375
2025-12-06 01:40:49,657 - rlhf_trainer - WARNING - Early stopping due to large KL divergence: 15.886887550354004
2025-12-06 01:40:52,024 - rlhf_trainer - WARNING - Early stopping due to large KL divergence: 14.734586715698242
2025-12-06 01:40:54,397 - rlhf_trainer - WARNING - Early stopping due to large KL divergence: 14.068069458007812
2025-12-06 01:40:57,191 - rlhf_trainer - WARNING - Early stopping due to large KL divergence: 13.11499309539795
2025-12-06 01:40:59,609 - rlhf_trainer - WARNING - Early stopping due to large KL divergence: 12.368162155151367
2025-12-06 01:41:02,231 - rlhf_trainer - WARNING - Early stopping due to large KL divergence: 25.73040008544922
2025-12-06 01:41:04,568 - rlhf_trainer - WARNING - Early stopping due to large KL divergence: 24.843782424926758
2025-12-06 01:41:06,921 - rlhf_trainer - WARNING - Early stopping due to large KL divergence: 18.63083839416504
2025-12-06 01:41:10,281 - rlhf_trainer - WARNING - Early stopping due to large KL divergence: 26.740903854370117
2025-12-06 01:41:10,285 - utils - INFO - Step 120:
2025-12-06 01:41:10,285 - utils - INFO -   Policy Loss: 0.0000
2025-12-06 01:41:10,285 - utils - INFO -   Value Loss: 0.2341
2025-12-06 01:41:10,285 - utils - INFO -   Reward Mean: 0.0000
2025-12-06 01:41:10,285 - utils - INFO -   KL Divergence: 0.0000
2025-12-06 01:41:12,619 - rlhf_trainer - WARNING - Early stopping due to large KL divergence: 16.134784698486328
2025-12-06 01:41:14,952 - rlhf_trainer - WARNING - Early stopping due to large KL divergence: 10.37233829498291
2025-12-06 01:41:17,272 - rlhf_trainer - WARNING - Early stopping due to large KL divergence: 24.836524963378906
2025-12-06 01:41:19,627 - rlhf_trainer - WARNING - Early stopping due to large KL divergence: 14.46127986907959
2025-12-06 01:41:22,040 - rlhf_trainer - WARNING - Early stopping due to large KL divergence: 16.18225860595703
2025-12-06 01:41:24,426 - rlhf_trainer - WARNING - Early stopping due to large KL divergence: 20.85757064819336
2025-12-06 01:41:29,028 - rlhf_trainer - WARNING - Early stopping due to large KL divergence: 2.7761411666870117
2025-12-06 01:41:31,562 - rlhf_trainer - WARNING - Early stopping due to large KL divergence: 13.560811042785645
2025-12-06 01:41:34,373 - rlhf_trainer - WARNING - Early stopping due to large KL divergence: 22.52128028869629
2025-12-06 01:41:37,170 - rlhf_trainer - WARNING - Early stopping due to large KL divergence: 15.236988067626953
2025-12-06 01:41:37,173 - utils - INFO - Step 130:
2025-12-06 01:41:37,173 - utils - INFO -   Policy Loss: 0.0000
2025-12-06 01:41:37,173 - utils - INFO -   Value Loss: 0.1930
2025-12-06 01:41:37,173 - utils - INFO -   Reward Mean: 0.0000
2025-12-06 01:41:37,173 - utils - INFO -   KL Divergence: 0.0000
2025-12-06 01:41:39,911 - rlhf_trainer - WARNING - Early stopping due to large KL divergence: 21.745220184326172
2025-12-06 01:41:42,317 - rlhf_trainer - WARNING - Early stopping due to large KL divergence: 19.71388816833496
2025-12-06 01:41:44,842 - rlhf_trainer - WARNING - Early stopping due to large KL divergence: 18.337432861328125
2025-12-06 01:41:47,209 - rlhf_trainer - WARNING - Early stopping due to large KL divergence: 11.628885269165039
2025-12-06 01:41:49,553 - rlhf_trainer - WARNING - Early stopping due to large KL divergence: 5.375988006591797
2025-12-06 01:41:51,931 - rlhf_trainer - WARNING - Early stopping due to large KL divergence: 7.7193474769592285
2025-12-06 01:41:54,430 - rlhf_trainer - WARNING - Early stopping due to large KL divergence: 7.639880657196045
2025-12-06 01:41:56,834 - rlhf_trainer - WARNING - Early stopping due to large KL divergence: 16.889041900634766
2025-12-06 01:41:59,751 - rlhf_trainer - WARNING - Early stopping due to large KL divergence: 15.160825729370117
2025-12-06 01:42:02,167 - rlhf_trainer - WARNING - Early stopping due to large KL divergence: 21.559276580810547
2025-12-06 01:42:02,170 - utils - INFO - Step 140:
2025-12-06 01:42:02,171 - utils - INFO -   Policy Loss: 0.0000
2025-12-06 01:42:02,171 - utils - INFO -   Value Loss: 0.2040
2025-12-06 01:42:02,171 - utils - INFO -   Reward Mean: -0.0000
2025-12-06 01:42:02,171 - utils - INFO -   KL Divergence: 0.0000
2025-12-06 01:42:04,550 - rlhf_trainer - WARNING - Early stopping due to large KL divergence: 19.45309066772461
2025-12-06 01:42:06,920 - rlhf_trainer - WARNING - Early stopping due to large KL divergence: 23.459867477416992
2025-12-06 01:42:09,682 - rlhf_trainer - WARNING - Early stopping due to large KL divergence: 16.413806915283203
2025-12-06 01:42:12,069 - rlhf_trainer - WARNING - Early stopping due to large KL divergence: 11.33835506439209
2025-12-06 01:42:16,355 - rlhf_trainer - WARNING - Early stopping due to large KL divergence: 20.26706886291504
2025-12-06 01:42:18,801 - rlhf_trainer - WARNING - Early stopping due to large KL divergence: 13.073787689208984
2025-12-06 01:42:21,628 - rlhf_trainer - WARNING - Early stopping due to large KL divergence: 7.095397472381592
2025-12-06 01:42:24,402 - rlhf_trainer - WARNING - Early stopping due to large KL divergence: 6.262819290161133
2025-12-06 01:42:27,444 - rlhf_trainer - WARNING - Early stopping due to large KL divergence: 10.506180763244629
2025-12-06 01:42:29,763 - rlhf_trainer - WARNING - Early stopping due to large KL divergence: 15.436806678771973
2025-12-06 01:42:29,766 - utils - INFO - Step 150:
2025-12-06 01:42:29,767 - utils - INFO -   Policy Loss: -0.0000
2025-12-06 01:42:29,767 - utils - INFO -   Value Loss: 0.1983
2025-12-06 01:42:29,767 - utils - INFO -   Reward Mean: 0.0000
2025-12-06 01:42:29,767 - utils - INFO -   KL Divergence: 0.0000
2025-12-06 01:42:32,179 - rlhf_trainer - WARNING - Early stopping due to large KL divergence: 5.723512172698975
2025-12-06 01:42:34,564 - rlhf_trainer - WARNING - Early stopping due to large KL divergence: 6.871790885925293
2025-12-06 01:42:36,969 - rlhf_trainer - WARNING - Early stopping due to large KL divergence: 11.376975059509277
2025-12-06 01:42:39,343 - rlhf_trainer - WARNING - Early stopping due to large KL divergence: 16.489566802978516
2025-12-06 01:42:41,745 - rlhf_trainer - WARNING - Early stopping due to large KL divergence: 20.27883529663086
2025-12-06 01:42:44,131 - rlhf_trainer - WARNING - Early stopping due to large KL divergence: 4.246401786804199
2025-12-06 01:42:46,541 - rlhf_trainer - WARNING - Early stopping due to large KL divergence: 12.165266990661621
2025-12-06 01:42:48,918 - rlhf_trainer - WARNING - Early stopping due to large KL divergence: 8.871637344360352
2025-12-06 01:42:51,347 - rlhf_trainer - WARNING - Early stopping due to large KL divergence: 19.317642211914062
2025-12-06 01:42:53,747 - rlhf_trainer - WARNING - Early stopping due to large KL divergence: 10.33473014831543
2025-12-06 01:42:53,750 - utils - INFO - Step 160:
2025-12-06 01:42:53,750 - utils - INFO -   Policy Loss: 0.0000
2025-12-06 01:42:53,750 - utils - INFO -   Value Loss: 0.1897
2025-12-06 01:42:53,750 - utils - INFO -   Reward Mean: -0.0000
2025-12-06 01:42:53,750 - utils - INFO -   KL Divergence: 0.0000
2025-12-06 01:42:56,170 - rlhf_trainer - WARNING - Early stopping due to large KL divergence: 0.047799259424209595
2025-12-06 01:42:58,579 - rlhf_trainer - WARNING - Early stopping due to large KL divergence: 8.493131637573242
2025-12-06 01:43:01,021 - rlhf_trainer - WARNING - Early stopping due to large KL divergence: 8.513840675354004
2025-12-06 01:43:03,607 - rlhf_trainer - WARNING - Early stopping due to large KL divergence: 3.9109902381896973
2025-12-06 01:43:05,957 - rlhf_trainer - WARNING - Early stopping due to large KL divergence: 10.547037124633789
2025-12-06 01:43:08,338 - rlhf_trainer - WARNING - Early stopping due to large KL divergence: 8.278533935546875
2025-12-06 01:43:10,748 - rlhf_trainer - WARNING - Early stopping due to large KL divergence: 158.87278747558594
2025-12-06 01:43:13,551 - rlhf_trainer - WARNING - Early stopping due to large KL divergence: 8.802570343017578
2025-12-06 01:43:15,909 - rlhf_trainer - WARNING - Early stopping due to large KL divergence: 10.279003143310547
2025-12-06 01:43:18,670 - rlhf_trainer - WARNING - Early stopping due to large KL divergence: 12.416656494140625
2025-12-06 01:43:18,674 - utils - INFO - Step 170:
2025-12-06 01:43:18,674 - utils - INFO -   Policy Loss: 0.0000
2025-12-06 01:43:18,674 - utils - INFO -   Value Loss: 0.1884
2025-12-06 01:43:18,674 - utils - INFO -   Reward Mean: 0.0000
2025-12-06 01:43:18,674 - utils - INFO -   KL Divergence: 0.0000
2025-12-06 01:43:21,497 - rlhf_trainer - WARNING - Early stopping due to large KL divergence: 51925.31640625
2025-12-06 01:43:24,258 - rlhf_trainer - WARNING - Early stopping due to large KL divergence: 12.521571159362793
2025-12-06 01:43:26,608 - rlhf_trainer - WARNING - Early stopping due to large KL divergence: 9.618734359741211
2025-12-06 01:43:28,961 - rlhf_trainer - WARNING - Early stopping due to large KL divergence: 25002394.0
2025-12-06 01:43:31,380 - rlhf_trainer - WARNING - Early stopping due to large KL divergence: 25752.576171875
2025-12-06 01:43:34,167 - rlhf_trainer - WARNING - Early stopping due to large KL divergence: 5.991693496704102
2025-12-06 01:43:36,565 - rlhf_trainer - WARNING - Early stopping due to large KL divergence: 8.104727745056152
2025-12-06 01:43:38,991 - rlhf_trainer - WARNING - Early stopping due to large KL divergence: 2.8928894996643066
2025-12-06 01:43:41,768 - rlhf_trainer - WARNING - Early stopping due to large KL divergence: 9.62105655670166
2025-12-06 01:43:44,131 - rlhf_trainer - WARNING - Early stopping due to large KL divergence: 3.8996686935424805
2025-12-06 01:43:44,135 - utils - INFO - Step 180:
2025-12-06 01:43:44,135 - utils - INFO -   Policy Loss: 0.0000
2025-12-06 01:43:44,135 - utils - INFO -   Value Loss: 0.1566
2025-12-06 01:43:44,135 - utils - INFO -   Reward Mean: 0.0000
2025-12-06 01:43:44,135 - utils - INFO -   KL Divergence: 0.0000
2025-12-06 01:43:46,503 - rlhf_trainer - WARNING - Early stopping due to large KL divergence: 5.860615253448486
2025-12-06 01:43:48,876 - rlhf_trainer - WARNING - Early stopping due to large KL divergence: 8.06423282623291
2025-12-06 01:43:51,256 - rlhf_trainer - WARNING - Early stopping due to large KL divergence: 249.70947265625
2025-12-06 01:43:53,669 - rlhf_trainer - WARNING - Early stopping due to large KL divergence: 4.329317569732666
2025-12-06 01:43:56,073 - rlhf_trainer - WARNING - Early stopping due to large KL divergence: 4.893219470977783
2025-12-06 01:43:58,543 - rlhf_trainer - WARNING - Early stopping due to large KL divergence: 8080.3671875
2025-12-06 01:44:00,950 - rlhf_trainer - WARNING - Early stopping due to large KL divergence: 8.071846961975098
2025-12-06 01:44:03,344 - rlhf_trainer - WARNING - Early stopping due to large KL divergence: 11.305198669433594
2025-12-06 01:44:05,717 - rlhf_trainer - WARNING - Early stopping due to large KL divergence: 7.199345588684082
2025-12-06 01:44:08,131 - rlhf_trainer - WARNING - Early stopping due to large KL divergence: 8.777503967285156
2025-12-06 01:44:08,134 - utils - INFO - Step 190:
2025-12-06 01:44:08,134 - utils - INFO -   Policy Loss: -0.0000
2025-12-06 01:44:08,135 - utils - INFO -   Value Loss: 0.1670
2025-12-06 01:44:08,135 - utils - INFO -   Reward Mean: 0.0000
2025-12-06 01:44:08,135 - utils - INFO -   KL Divergence: 0.0000
2025-12-06 01:44:10,708 - rlhf_trainer - WARNING - Early stopping due to large KL divergence: 4.438716888427734
2025-12-06 01:44:14,054 - rlhf_trainer - WARNING - Early stopping due to large KL divergence: 12.670209884643555
2025-12-06 01:44:16,396 - rlhf_trainer - WARNING - Early stopping due to large KL divergence: 6.8506035804748535
2025-12-06 01:44:18,760 - rlhf_trainer - WARNING - Early stopping due to large KL divergence: 1.2486779689788818
2025-12-06 01:44:21,166 - rlhf_trainer - WARNING - Early stopping due to large KL divergence: 4.733575344085693
2025-12-06 01:44:23,647 - rlhf_trainer - WARNING - Early stopping due to large KL divergence: 11.360519409179688
2025-12-06 01:44:26,009 - rlhf_trainer - WARNING - Early stopping due to large KL divergence: 4.111867427825928
2025-12-06 01:44:28,359 - rlhf_trainer - WARNING - Early stopping due to large KL divergence: 5.972846031188965
2025-12-06 01:44:30,735 - rlhf_trainer - WARNING - Early stopping due to large KL divergence: 8.847551345825195
2025-12-06 01:44:33,188 - rlhf_trainer - WARNING - Early stopping due to large KL divergence: 5.2140960693359375
2025-12-06 01:44:33,191 - utils - INFO - Step 200:
2025-12-06 01:44:33,191 - utils - INFO -   Policy Loss: 0.0000
2025-12-06 01:44:33,191 - utils - INFO -   Value Loss: 0.1679
2025-12-06 01:44:33,191 - utils - INFO -   Reward Mean: -0.0000
2025-12-06 01:44:33,191 - utils - INFO -   KL Divergence: 0.0000
2025-12-06 01:44:35,551 - rlhf_trainer - WARNING - Early stopping due to large KL divergence: 5.474287033081055
2025-12-06 01:44:37,898 - rlhf_trainer - WARNING - Early stopping due to large KL divergence: 12.34257698059082
2025-12-06 01:44:40,245 - rlhf_trainer - WARNING - Early stopping due to large KL divergence: 7.55067253112793
2025-12-06 01:44:42,594 - rlhf_trainer - WARNING - Early stopping due to large KL divergence: 9.504409790039062
2025-12-06 01:44:44,953 - rlhf_trainer - WARNING - Early stopping due to large KL divergence: 13.605182647705078
2025-12-06 01:44:47,345 - rlhf_trainer - WARNING - Early stopping due to large KL divergence: 11.162263870239258
2025-12-06 01:44:50,417 - rlhf_trainer - WARNING - Early stopping due to large KL divergence: 7.390682220458984
2025-12-06 01:44:52,789 - rlhf_trainer - WARNING - Early stopping due to large KL divergence: 13.1808500289917
2025-12-06 01:44:55,139 - rlhf_trainer - WARNING - Early stopping due to large KL divergence: 10.643189430236816
2025-12-06 01:44:58,176 - rlhf_trainer - WARNING - Early stopping due to large KL divergence: 16.9581298828125
2025-12-06 01:44:58,180 - utils - INFO - Step 210:
2025-12-06 01:44:58,180 - utils - INFO -   Policy Loss: 0.0000
2025-12-06 01:44:58,180 - utils - INFO -   Value Loss: 0.1807
2025-12-06 01:44:58,180 - utils - INFO -   Reward Mean: 0.0000
2025-12-06 01:44:58,180 - utils - INFO -   KL Divergence: 0.0000
2025-12-06 01:45:02,118 - rlhf_trainer - WARNING - Early stopping due to large KL divergence: 28.458545684814453
2025-12-06 01:45:04,528 - rlhf_trainer - WARNING - Early stopping due to large KL divergence: 15.31711483001709
2025-12-06 01:45:06,922 - rlhf_trainer - WARNING - Early stopping due to large KL divergence: 7.338969707489014
2025-12-06 01:45:09,347 - rlhf_trainer - WARNING - Early stopping due to large KL divergence: 17.395214080810547
2025-12-06 01:45:11,789 - rlhf_trainer - WARNING - Early stopping due to large KL divergence: 5.055624008178711
2025-12-06 01:45:14,147 - rlhf_trainer - WARNING - Early stopping due to large KL divergence: 11.19087028503418
2025-12-06 01:45:16,492 - rlhf_trainer - WARNING - Early stopping due to large KL divergence: 1.2913837432861328
2025-12-06 01:45:18,914 - rlhf_trainer - WARNING - Early stopping due to large KL divergence: 0.04259507358074188
2025-12-06 01:45:21,500 - rlhf_trainer - WARNING - Early stopping due to large KL divergence: 3.8291690349578857
2025-12-06 01:45:23,861 - rlhf_trainer - WARNING - Early stopping due to large KL divergence: 6.312391757965088
2025-12-06 01:45:23,864 - utils - INFO - Step 220:
2025-12-06 01:45:23,864 - utils - INFO -   Policy Loss: -0.0000
2025-12-06 01:45:23,864 - utils - INFO -   Value Loss: 0.1727
2025-12-06 01:45:23,864 - utils - INFO -   Reward Mean: 0.0000
2025-12-06 01:45:23,864 - utils - INFO -   KL Divergence: 0.0000
2025-12-06 01:45:26,204 - rlhf_trainer - WARNING - Early stopping due to large KL divergence: 3.331239700317383
2025-12-06 01:45:28,537 - rlhf_trainer - WARNING - Early stopping due to large KL divergence: 12.113633155822754
2025-12-06 01:45:31,589 - rlhf_trainer - WARNING - Early stopping due to large KL divergence: 9.111846923828125
2025-12-06 01:45:33,997 - rlhf_trainer - WARNING - Early stopping due to large KL divergence: 1.8704242706298828
2025-12-06 01:45:36,425 - rlhf_trainer - WARNING - Early stopping due to large KL divergence: 4.262754440307617
2025-12-06 01:45:38,790 - rlhf_trainer - WARNING - Early stopping due to large KL divergence: 8.073081016540527
2025-12-06 01:45:41,177 - rlhf_trainer - WARNING - Early stopping due to large KL divergence: 0.1981377899646759
2025-12-06 01:45:43,528 - rlhf_trainer - WARNING - Early stopping due to large KL divergence: 7.466838836669922
2025-12-06 01:45:46,774 - rlhf_trainer - WARNING - Early stopping due to large KL divergence: 14.938384056091309
2025-12-06 01:45:49,154 - rlhf_trainer - WARNING - Early stopping due to large KL divergence: 1.6161342859268188
2025-12-06 01:45:49,158 - utils - INFO - Step 230:
2025-12-06 01:45:49,158 - utils - INFO -   Policy Loss: 0.0000
2025-12-06 01:45:49,158 - utils - INFO -   Value Loss: 0.1741
2025-12-06 01:45:49,158 - utils - INFO -   Reward Mean: 0.0000
2025-12-06 01:45:49,158 - utils - INFO -   KL Divergence: 0.0000
2025-12-06 01:45:53,768 - rlhf_trainer - WARNING - Early stopping due to large KL divergence: 27.40430450439453
2025-12-06 01:45:56,247 - rlhf_trainer - WARNING - Early stopping due to large KL divergence: 4.8957600593566895
2025-12-06 01:45:58,640 - rlhf_trainer - WARNING - Early stopping due to large KL divergence: 4.032934188842773
2025-12-06 01:46:01,008 - rlhf_trainer - WARNING - Early stopping due to large KL divergence: 3.5025100708007812
2025-12-06 01:46:03,428 - rlhf_trainer - WARNING - Early stopping due to large KL divergence: 3.5835392475128174
2025-12-06 01:46:06,162 - rlhf_trainer - WARNING - Early stopping due to large KL divergence: 90580.2890625
2025-12-06 01:46:08,551 - rlhf_trainer - WARNING - Early stopping due to large KL divergence: 5.612706184387207
2025-12-06 01:46:10,985 - rlhf_trainer - WARNING - Early stopping due to large KL divergence: 0.07084935903549194
2025-12-06 01:46:13,360 - rlhf_trainer - WARNING - Early stopping due to large KL divergence: 340.42791748046875
2025-12-06 01:46:15,713 - rlhf_trainer - WARNING - Early stopping due to large KL divergence: 3.012007713317871
2025-12-06 01:46:15,716 - utils - INFO - Step 240:
2025-12-06 01:46:15,716 - utils - INFO -   Policy Loss: 0.0000
2025-12-06 01:46:15,716 - utils - INFO -   Value Loss: 0.2158
2025-12-06 01:46:15,716 - utils - INFO -   Reward Mean: -0.0000
2025-12-06 01:46:15,716 - utils - INFO -   KL Divergence: 0.0000
2025-12-06 01:46:18,105 - rlhf_trainer - WARNING - Early stopping due to large KL divergence: 3.7930240631103516
2025-12-06 01:46:20,492 - rlhf_trainer - WARNING - Early stopping due to large KL divergence: 0.21355530619621277
2025-12-06 01:46:22,912 - rlhf_trainer - WARNING - Early stopping due to large KL divergence: 1.511268138885498
2025-12-06 01:46:25,327 - rlhf_trainer - WARNING - Early stopping due to large KL divergence: 4.976129055023193
2025-12-06 01:46:28,750 - rlhf_trainer - WARNING - Early stopping due to large KL divergence: 28569.21484375
2025-12-06 01:46:31,204 - rlhf_trainer - WARNING - Early stopping due to large KL divergence: 5.767437934875488
2025-12-06 01:46:33,624 - rlhf_trainer - WARNING - Early stopping due to large KL divergence: 6.075399875640869
2025-12-06 01:46:36,041 - rlhf_trainer - WARNING - Early stopping due to large KL divergence: 422436.1875
2025-12-06 01:46:38,425 - rlhf_trainer - WARNING - Early stopping due to large KL divergence: 0.7420600652694702
2025-12-06 01:46:40,844 - rlhf_trainer - WARNING - Early stopping due to large KL divergence: 109.70103454589844
2025-12-06 01:46:40,847 - utils - INFO - Step 250:
2025-12-06 01:46:40,847 - utils - INFO -   Policy Loss: -0.0000
2025-12-06 01:46:40,847 - utils - INFO -   Value Loss: 0.2039
2025-12-06 01:46:40,847 - utils - INFO -   Reward Mean: 0.0000
2025-12-06 01:46:40,847 - utils - INFO -   KL Divergence: 0.0000
2025-12-06 01:46:43,239 - rlhf_trainer - WARNING - Early stopping due to large KL divergence: 11717.650390625
2025-12-06 01:46:45,646 - rlhf_trainer - WARNING - Early stopping due to large KL divergence: 4.37053918838501
2025-12-06 01:46:48,056 - rlhf_trainer - WARNING - Early stopping due to large KL divergence: 3.951972484588623
2025-12-06 01:46:50,425 - rlhf_trainer - WARNING - Early stopping due to large KL divergence: 7.876139163970947
2025-12-06 01:46:52,800 - rlhf_trainer - WARNING - Early stopping due to large KL divergence: 7.329437732696533
2025-12-06 01:46:56,230 - rlhf_trainer - WARNING - Early stopping due to large KL divergence: 16.400564193725586
2025-12-06 01:46:58,666 - rlhf_trainer - WARNING - Early stopping due to large KL divergence: 7.326043605804443
2025-12-06 01:47:01,041 - rlhf_trainer - WARNING - Early stopping due to large KL divergence: 5.76149845123291
2025-12-06 01:47:03,420 - rlhf_trainer - WARNING - Early stopping due to large KL divergence: 7.807465553283691
2025-12-06 01:47:05,797 - rlhf_trainer - WARNING - Early stopping due to large KL divergence: 7.37656831741333
2025-12-06 01:47:05,800 - utils - INFO - Step 260:
2025-12-06 01:47:05,800 - utils - INFO -   Policy Loss: -0.0000
2025-12-06 01:47:05,800 - utils - INFO -   Value Loss: 0.2795
2025-12-06 01:47:05,800 - utils - INFO -   Reward Mean: -0.0000
2025-12-06 01:47:05,800 - utils - INFO -   KL Divergence: 0.0000
2025-12-06 01:47:08,164 - rlhf_trainer - WARNING - Early stopping due to large KL divergence: 3.3079943656921387
2025-12-06 01:47:11,089 - rlhf_trainer - WARNING - Early stopping due to large KL divergence: 9.941082000732422
2025-12-06 01:47:13,513 - rlhf_trainer - WARNING - Early stopping due to large KL divergence: 2.4589900970458984
2025-12-06 01:47:16,238 - rlhf_trainer - WARNING - Early stopping due to large KL divergence: 3.2964982986450195
2025-12-06 01:47:18,584 - rlhf_trainer - WARNING - Early stopping due to large KL divergence: 5.5067362785339355
2025-12-06 01:47:20,975 - rlhf_trainer - WARNING - Early stopping due to large KL divergence: 2237.720703125
2025-12-06 01:47:23,357 - rlhf_trainer - WARNING - Early stopping due to large KL divergence: 8.993053436279297
2025-12-06 01:47:25,704 - rlhf_trainer - WARNING - Early stopping due to large KL divergence: 32.060546875
2025-12-06 01:47:28,031 - rlhf_trainer - WARNING - Early stopping due to large KL divergence: 31.620885848999023
2025-12-06 01:47:30,405 - rlhf_trainer - WARNING - Early stopping due to large KL divergence: 5.1989898681640625
2025-12-06 01:47:30,408 - utils - INFO - Step 270:
2025-12-06 01:47:30,409 - utils - INFO -   Policy Loss: 0.0000
2025-12-06 01:47:30,409 - utils - INFO -   Value Loss: 0.2605
2025-12-06 01:47:30,409 - utils - INFO -   Reward Mean: 0.0000
2025-12-06 01:47:30,409 - utils - INFO -   KL Divergence: 0.0000
2025-12-06 01:47:33,176 - rlhf_trainer - WARNING - Early stopping due to large KL divergence: 1.8383121490478516
2025-12-06 01:47:35,748 - rlhf_trainer - WARNING - Early stopping due to large KL divergence: 2.4176712036132812
2025-12-06 01:47:38,131 - rlhf_trainer - WARNING - Early stopping due to large KL divergence: 1.8383369445800781
2025-12-06 01:47:40,567 - rlhf_trainer - WARNING - Early stopping due to large KL divergence: 5.896489143371582
2025-12-06 01:47:42,912 - rlhf_trainer - WARNING - Early stopping due to large KL divergence: 0.38248515129089355
2025-12-06 01:47:45,320 - rlhf_trainer - WARNING - Early stopping due to large KL divergence: 13.670890808105469
2025-12-06 01:47:47,778 - rlhf_trainer - WARNING - Early stopping due to large KL divergence: 3.3782906532287598
2025-12-06 01:47:50,124 - rlhf_trainer - WARNING - Early stopping due to large KL divergence: 4.07513952255249
2025-12-06 01:47:52,467 - rlhf_trainer - WARNING - Early stopping due to large KL divergence: 5.286983013153076
2025-12-06 01:47:54,824 - rlhf_trainer - WARNING - Early stopping due to large KL divergence: 8.443140029907227
2025-12-06 01:47:54,827 - utils - INFO - Step 280:
2025-12-06 01:47:54,827 - utils - INFO -   Policy Loss: -0.0000
2025-12-06 01:47:54,827 - utils - INFO -   Value Loss: 0.1819
2025-12-06 01:47:54,827 - utils - INFO -   Reward Mean: 0.0000
2025-12-06 01:47:54,827 - utils - INFO -   KL Divergence: 0.0000
2025-12-06 01:47:57,660 - rlhf_trainer - WARNING - Early stopping due to large KL divergence: 1.8194303512573242
2025-12-06 01:48:00,433 - rlhf_trainer - WARNING - Early stopping due to large KL divergence: 3.9885239601135254
2025-12-06 01:48:03,426 - rlhf_trainer - WARNING - Early stopping due to large KL divergence: 0.04340994358062744
2025-12-06 01:48:05,950 - rlhf_trainer - WARNING - Early stopping due to large KL divergence: 0.06684227287769318
2025-12-06 01:48:08,974 - rlhf_trainer - WARNING - Early stopping due to large KL divergence: 13.135873794555664
2025-12-06 01:48:11,439 - rlhf_trainer - WARNING - Early stopping due to large KL divergence: 2.3244988918304443
2025-12-06 01:48:13,797 - rlhf_trainer - WARNING - Early stopping due to large KL divergence: 2.259121894836426
2025-12-06 01:48:16,199 - rlhf_trainer - WARNING - Early stopping due to large KL divergence: 955.570556640625
2025-12-06 01:48:18,572 - rlhf_trainer - WARNING - Early stopping due to large KL divergence: 5.383797645568848
2025-12-06 01:48:20,982 - rlhf_trainer - WARNING - Early stopping due to large KL divergence: 9.169075012207031
2025-12-06 01:48:20,985 - utils - INFO - Step 290:
2025-12-06 01:48:20,986 - utils - INFO -   Policy Loss: 0.0000
2025-12-06 01:48:20,986 - utils - INFO -   Value Loss: 0.1625
2025-12-06 01:48:20,986 - utils - INFO -   Reward Mean: 0.0000
2025-12-06 01:48:20,986 - utils - INFO -   KL Divergence: 0.0000
2025-12-06 01:48:23,370 - rlhf_trainer - WARNING - Early stopping due to large KL divergence: 4.282331466674805
2025-12-06 01:48:26,339 - rlhf_trainer - WARNING - Early stopping due to large KL divergence: 121974280.0
2025-12-06 01:48:28,814 - rlhf_trainer - WARNING - Early stopping due to large KL divergence: 4.443218231201172
2025-12-06 01:48:31,232 - rlhf_trainer - WARNING - Early stopping due to large KL divergence: 2.130660057067871
2025-12-06 01:48:33,809 - rlhf_trainer - WARNING - Early stopping due to large KL divergence: 1783957.125
2025-12-06 01:48:36,435 - rlhf_trainer - WARNING - Early stopping due to large KL divergence: 444656.625
2025-12-06 01:48:38,817 - rlhf_trainer - WARNING - Early stopping due to large KL divergence: 206.9661102294922
2025-12-06 01:48:41,238 - rlhf_trainer - WARNING - Early stopping due to large KL divergence: 374333920.0
2025-12-06 01:48:43,637 - rlhf_trainer - WARNING - Early stopping due to large KL divergence: 1068376537432064.0
2025-12-06 01:48:46,040 - rlhf_trainer - WARNING - Early stopping due to large KL divergence: 5482027008.0
2025-12-06 01:48:46,043 - utils - INFO - Step 300:
2025-12-06 01:48:46,043 - utils - INFO -   Policy Loss: 0.0000
2025-12-06 01:48:46,043 - utils - INFO -   Value Loss: 0.2134
2025-12-06 01:48:46,043 - utils - INFO -   Reward Mean: -0.0000
2025-12-06 01:48:46,043 - utils - INFO -   KL Divergence: 0.0000
2025-12-06 01:48:48,579 - rlhf_trainer - WARNING - Early stopping due to large KL divergence: 9543.2509765625
2025-12-06 01:48:50,993 - rlhf_trainer - WARNING - Early stopping due to large KL divergence: 4.844342231750488
2025-12-06 01:48:53,297 - rlhf_trainer - WARNING - Early stopping due to large KL divergence: 0.5628184676170349
2025-12-06 01:48:56,461 - rlhf_trainer - WARNING - Early stopping due to large KL divergence: 17993905995776.0
2025-12-06 01:48:59,293 - rlhf_trainer - WARNING - Early stopping due to large KL divergence: 2.7300267219543457
2025-12-06 01:49:01,706 - rlhf_trainer - WARNING - Early stopping due to large KL divergence: 59752.109375
2025-12-06 01:49:04,111 - rlhf_trainer - WARNING - Early stopping due to large KL divergence: 0.03207191824913025
2025-12-06 01:49:06,447 - rlhf_trainer - WARNING - Early stopping due to large KL divergence: 2.808169364929199
2025-12-06 01:49:08,826 - rlhf_trainer - WARNING - Early stopping due to large KL divergence: 129.032958984375
2025-12-06 01:49:11,238 - rlhf_trainer - WARNING - Early stopping due to large KL divergence: 2.0759031772613525
2025-12-06 01:49:11,242 - utils - INFO - Step 310:
2025-12-06 01:49:11,242 - utils - INFO -   Policy Loss: 0.0000
2025-12-06 01:49:11,242 - utils - INFO -   Value Loss: 0.2302
2025-12-06 01:49:11,242 - utils - INFO -   Reward Mean: 0.0000
2025-12-06 01:49:11,242 - utils - INFO -   KL Divergence: 0.0000
2025-12-06 01:49:13,631 - rlhf_trainer - WARNING - Early stopping due to large KL divergence: 4.448116302490234
2025-12-06 01:49:15,985 - rlhf_trainer - WARNING - Early stopping due to large KL divergence: 1150.3599853515625
2025-12-06 01:49:18,334 - rlhf_trainer - WARNING - Early stopping due to large KL divergence: 3.4879963397979736
2025-12-06 01:49:20,743 - rlhf_trainer - WARNING - Early stopping due to large KL divergence: 7.706219673156738
2025-12-06 01:49:23,063 - rlhf_trainer - WARNING - Early stopping due to large KL divergence: 10269800.0
2025-12-06 01:49:25,428 - rlhf_trainer - WARNING - Early stopping due to large KL divergence: 1.79581880569458
2025-12-06 01:49:27,781 - rlhf_trainer - WARNING - Early stopping due to large KL divergence: 7.63610315322876
2025-12-06 01:49:30,179 - rlhf_trainer - WARNING - Early stopping due to large KL divergence: 21.038103103637695
2025-12-06 01:49:32,552 - rlhf_trainer - WARNING - Early stopping due to large KL divergence: 2.9484713077545166
2025-12-06 01:49:34,951 - rlhf_trainer - WARNING - Early stopping due to large KL divergence: 7.603128910064697
2025-12-06 01:49:34,954 - utils - INFO - Step 320:
2025-12-06 01:49:34,954 - utils - INFO -   Policy Loss: -0.0000
2025-12-06 01:49:34,955 - utils - INFO -   Value Loss: 0.1941
2025-12-06 01:49:34,955 - utils - INFO -   Reward Mean: -0.0000
2025-12-06 01:49:34,955 - utils - INFO -   KL Divergence: 0.0000
2025-12-06 01:49:37,331 - rlhf_trainer - WARNING - Early stopping due to large KL divergence: 15.185975074768066
2025-12-06 01:49:39,616 - rlhf_trainer - WARNING - Early stopping due to large KL divergence: 4.8836774826049805
2025-12-06 01:49:41,923 - rlhf_trainer - WARNING - Early stopping due to large KL divergence: 8971.4521484375
2025-12-06 01:49:44,328 - rlhf_trainer - WARNING - Early stopping due to large KL divergence: 52311228.0
2025-12-06 01:49:46,604 - rlhf_trainer - WARNING - Early stopping due to large KL divergence: 2.206613302230835
2025-12-06 01:49:48,968 - rlhf_trainer - WARNING - Early stopping due to large KL divergence: 8.153571128845215
2025-12-06 01:49:51,345 - rlhf_trainer - WARNING - Early stopping due to large KL divergence: 114.96295166015625
2025-12-06 01:49:53,707 - rlhf_trainer - WARNING - Early stopping due to large KL divergence: 5.344268798828125
2025-12-06 01:49:56,206 - rlhf_trainer - WARNING - Early stopping due to large KL divergence: 1507.4815673828125
2025-12-06 01:49:58,634 - rlhf_trainer - WARNING - Early stopping due to large KL divergence: 0.06253047287464142
2025-12-06 01:49:58,638 - utils - INFO - Step 330:
2025-12-06 01:49:58,638 - utils - INFO -   Policy Loss: -0.0261
2025-12-06 01:49:58,639 - utils - INFO -   Value Loss: 0.4662
2025-12-06 01:49:58,639 - utils - INFO -   Reward Mean: 0.0000
2025-12-06 01:49:58,639 - utils - INFO -   KL Divergence: 0.0018
2025-12-06 01:50:01,101 - rlhf_trainer - WARNING - Early stopping due to large KL divergence: 719.3648071289062
2025-12-06 01:50:03,443 - rlhf_trainer - WARNING - Early stopping due to large KL divergence: 282010720.0
2025-12-06 01:50:05,874 - rlhf_trainer - WARNING - Early stopping due to large KL divergence: 115.52806091308594
2025-12-06 01:50:08,250 - rlhf_trainer - WARNING - Early stopping due to large KL divergence: 407.1694030761719
2025-12-06 01:50:10,657 - rlhf_trainer - WARNING - Early stopping due to large KL divergence: 1.5812859535217285
2025-12-06 01:50:13,422 - rlhf_trainer - WARNING - Early stopping due to large KL divergence: 0.9106490015983582
2025-12-06 01:50:15,838 - rlhf_trainer - WARNING - Early stopping due to large KL divergence: 0.04224523901939392
2025-12-06 01:50:18,213 - rlhf_trainer - WARNING - Early stopping due to large KL divergence: 8.158370971679688
2025-12-06 01:50:21,384 - rlhf_trainer - WARNING - Early stopping due to large KL divergence: 7.066527366638184
2025-12-06 01:50:23,854 - rlhf_trainer - WARNING - Early stopping due to large KL divergence: 1.032239556312561
2025-12-06 01:50:23,857 - utils - INFO - Step 340:
2025-12-06 01:50:23,857 - utils - INFO -   Policy Loss: 0.0000
2025-12-06 01:50:23,857 - utils - INFO -   Value Loss: 0.2262
2025-12-06 01:50:23,857 - utils - INFO -   Reward Mean: 0.0000
2025-12-06 01:50:23,857 - utils - INFO -   KL Divergence: 0.0000
2025-12-06 01:50:26,185 - rlhf_trainer - WARNING - Early stopping due to large KL divergence: 4620.4150390625
2025-12-06 01:50:28,521 - rlhf_trainer - WARNING - Early stopping due to large KL divergence: 611796.625
2025-12-06 01:50:30,920 - rlhf_trainer - WARNING - Early stopping due to large KL divergence: 20.237558364868164
2025-12-06 01:50:33,357 - rlhf_trainer - WARNING - Early stopping due to large KL divergence: 42411256.0
2025-12-06 01:50:35,746 - rlhf_trainer - WARNING - Early stopping due to large KL divergence: 140243.203125
2025-12-06 01:50:38,797 - rlhf_trainer - WARNING - Early stopping due to large KL divergence: 4.736318111419678
2025-12-06 01:50:41,234 - rlhf_trainer - WARNING - Early stopping due to large KL divergence: 0.6806011199951172
2025-12-06 01:50:43,618 - rlhf_trainer - WARNING - Early stopping due to large KL divergence: 2.2903542518615723
2025-12-06 01:50:46,315 - rlhf_trainer - WARNING - Early stopping due to large KL divergence: 6.918169975280762
2025-12-06 01:50:49,053 - rlhf_trainer - WARNING - Early stopping due to large KL divergence: 6.015024185180664
2025-12-06 01:50:49,056 - utils - INFO - Step 350:
2025-12-06 01:50:49,056 - utils - INFO -   Policy Loss: 0.0000
2025-12-06 01:50:49,056 - utils - INFO -   Value Loss: 0.1938
2025-12-06 01:50:49,056 - utils - INFO -   Reward Mean: -0.0000
2025-12-06 01:50:49,057 - utils - INFO -   KL Divergence: 0.0000
2025-12-06 01:50:51,509 - rlhf_trainer - WARNING - Early stopping due to large KL divergence: 3.127321481704712
2025-12-06 01:50:54,167 - rlhf_trainer - WARNING - Early stopping due to large KL divergence: 5.602969169616699
2025-12-06 01:50:56,600 - rlhf_trainer - WARNING - Early stopping due to large KL divergence: 363.1746826171875
2025-12-06 01:50:59,031 - rlhf_trainer - WARNING - Early stopping due to large KL divergence: 35.38304138183594
2025-12-06 01:51:01,492 - rlhf_trainer - WARNING - Early stopping due to large KL divergence: 525.0916137695312
2025-12-06 01:51:03,944 - rlhf_trainer - WARNING - Early stopping due to large KL divergence: 2.7037017345428467
2025-12-06 01:51:06,453 - rlhf_trainer - WARNING - Early stopping due to large KL divergence: 4.409981727600098
2025-12-06 01:51:08,860 - rlhf_trainer - WARNING - Early stopping due to large KL divergence: 2.886390209197998
2025-12-06 01:51:11,668 - rlhf_trainer - WARNING - Early stopping due to large KL divergence: 1.1947187185287476
2025-12-06 01:51:14,025 - rlhf_trainer - WARNING - Early stopping due to large KL divergence: 6.524734973907471
2025-12-06 01:51:14,028 - utils - INFO - Step 360:
2025-12-06 01:51:14,028 - utils - INFO -   Policy Loss: 0.0000
2025-12-06 01:51:14,028 - utils - INFO -   Value Loss: 0.1606
2025-12-06 01:51:14,028 - utils - INFO -   Reward Mean: 0.0000
2025-12-06 01:51:14,028 - utils - INFO -   KL Divergence: 0.0000
2025-12-06 01:51:16,390 - rlhf_trainer - WARNING - Early stopping due to large KL divergence: 6.75156831741333
2025-12-06 01:51:18,775 - rlhf_trainer - WARNING - Early stopping due to large KL divergence: 8.014264106750488
2025-12-06 01:51:21,227 - rlhf_trainer - WARNING - Early stopping due to large KL divergence: 3.619894504547119
2025-12-06 01:51:23,634 - rlhf_trainer - WARNING - Early stopping due to large KL divergence: 4.3217291831970215
2025-12-06 01:51:26,016 - rlhf_trainer - WARNING - Early stopping due to large KL divergence: 3.8526227474212646
2025-12-06 01:51:28,409 - rlhf_trainer - WARNING - Early stopping due to large KL divergence: 0.4149940609931946
2025-12-06 01:51:30,848 - rlhf_trainer - WARNING - Early stopping due to large KL divergence: 2.4916629791259766
2025-12-06 01:51:33,191 - rlhf_trainer - WARNING - Early stopping due to large KL divergence: 6.778713703155518
2025-12-06 01:51:35,592 - rlhf_trainer - WARNING - Early stopping due to large KL divergence: 9.377918243408203
2025-12-06 01:51:37,963 - rlhf_trainer - WARNING - Early stopping due to large KL divergence: 5.677685737609863
2025-12-06 01:51:37,966 - utils - INFO - Step 370:
2025-12-06 01:51:37,966 - utils - INFO -   Policy Loss: -0.0000
2025-12-06 01:51:37,966 - utils - INFO -   Value Loss: 0.1748
2025-12-06 01:51:37,966 - utils - INFO -   Reward Mean: 0.0000
2025-12-06 01:51:37,966 - utils - INFO -   KL Divergence: 0.0000
2025-12-06 01:51:40,313 - rlhf_trainer - WARNING - Early stopping due to large KL divergence: 2.8913278579711914
2025-12-06 01:51:42,687 - rlhf_trainer - WARNING - Early stopping due to large KL divergence: 2.870698928833008
2025-12-06 01:51:45,084 - rlhf_trainer - WARNING - Early stopping due to large KL divergence: 3.0956058502197266
2025-12-06 01:51:47,486 - rlhf_trainer - WARNING - Early stopping due to large KL divergence: 1.7860331535339355
2025-12-06 01:51:49,925 - rlhf_trainer - WARNING - Early stopping due to large KL divergence: 0.03685297071933746
2025-12-06 01:51:52,333 - rlhf_trainer - WARNING - Early stopping due to large KL divergence: 4.3590168952941895
2025-12-06 01:51:54,702 - rlhf_trainer - WARNING - Early stopping due to large KL divergence: 5.316534996032715
2025-12-06 01:51:57,129 - rlhf_trainer - WARNING - Early stopping due to large KL divergence: 3.93314790725708
2025-12-06 01:51:59,528 - rlhf_trainer - WARNING - Early stopping due to large KL divergence: 4.9598002433776855
2025-12-06 01:52:01,958 - rlhf_trainer - WARNING - Early stopping due to large KL divergence: 4.962758541107178
2025-12-06 01:52:01,961 - utils - INFO - Step 380:
2025-12-06 01:52:01,961 - utils - INFO -   Policy Loss: 0.0000
2025-12-06 01:52:01,961 - utils - INFO -   Value Loss: 0.1851
2025-12-06 01:52:01,961 - utils - INFO -   Reward Mean: 0.0000
2025-12-06 01:52:01,961 - utils - INFO -   KL Divergence: 0.0000
2025-12-06 01:52:04,335 - rlhf_trainer - WARNING - Early stopping due to large KL divergence: 8.363943099975586
2025-12-06 01:52:06,737 - rlhf_trainer - WARNING - Early stopping due to large KL divergence: 4.44393253326416
2025-12-06 01:52:09,021 - rlhf_trainer - WARNING - Early stopping due to large KL divergence: 8.627421379089355
2025-12-06 01:52:11,485 - rlhf_trainer - WARNING - Early stopping due to large KL divergence: 4.218288421630859
2025-12-06 01:52:13,992 - rlhf_trainer - WARNING - Early stopping due to large KL divergence: 5.044201850891113
2025-12-06 01:52:16,332 - rlhf_trainer - WARNING - Early stopping due to large KL divergence: 3.567394256591797
2025-12-06 01:52:18,680 - rlhf_trainer - WARNING - Early stopping due to large KL divergence: 10.417512893676758
2025-12-06 01:52:21,120 - rlhf_trainer - WARNING - Early stopping due to large KL divergence: 5.605193614959717
2025-12-06 01:52:24,371 - rlhf_trainer - WARNING - Early stopping due to large KL divergence: 10.07518196105957
2025-12-06 01:52:26,812 - rlhf_trainer - WARNING - Early stopping due to large KL divergence: 8.76425838470459
2025-12-06 01:52:26,815 - utils - INFO - Step 390:
2025-12-06 01:52:26,815 - utils - INFO -   Policy Loss: -0.0000
2025-12-06 01:52:26,815 - utils - INFO -   Value Loss: 0.2387
2025-12-06 01:52:26,815 - utils - INFO -   Reward Mean: 0.0000
2025-12-06 01:52:26,815 - utils - INFO -   KL Divergence: 0.0000
2025-12-06 01:52:29,093 - rlhf_trainer - WARNING - Early stopping due to large KL divergence: 6.0902180671691895
2025-12-06 01:52:31,476 - rlhf_trainer - WARNING - Early stopping due to large KL divergence: 16.996103286743164
2025-12-06 01:52:33,848 - rlhf_trainer - WARNING - Early stopping due to large KL divergence: 11.756087303161621
2025-12-06 01:52:37,018 - rlhf_trainer - WARNING - Early stopping due to large KL divergence: 8.400267601013184
2025-12-06 01:52:39,382 - rlhf_trainer - WARNING - Early stopping due to large KL divergence: 2.31501841545105
2025-12-06 01:52:41,833 - rlhf_trainer - WARNING - Early stopping due to large KL divergence: 9.320865631103516
2025-12-06 01:52:44,207 - rlhf_trainer - WARNING - Early stopping due to large KL divergence: 1.6258530616760254
2025-12-06 01:52:46,576 - rlhf_trainer - WARNING - Early stopping due to large KL divergence: 1608.7955322265625
2025-12-06 01:52:48,958 - rlhf_trainer - WARNING - Early stopping due to large KL divergence: 16406316032.0
2025-12-06 01:52:51,772 - rlhf_trainer - WARNING - Early stopping due to large KL divergence: 79805.328125
2025-12-06 01:52:51,775 - utils - INFO - Step 400:
2025-12-06 01:52:51,775 - utils - INFO -   Policy Loss: 0.0000
2025-12-06 01:52:51,775 - utils - INFO -   Value Loss: 0.1880
2025-12-06 01:52:51,775 - utils - INFO -   Reward Mean: 0.0000
2025-12-06 01:52:51,775 - utils - INFO -   KL Divergence: 0.0000
2025-12-06 01:52:54,549 - rlhf_trainer - WARNING - Early stopping due to large KL divergence: 869.9650268554688
2025-12-06 01:52:56,907 - rlhf_trainer - WARNING - Early stopping due to large KL divergence: 0.6926717758178711
2025-12-06 01:52:59,292 - rlhf_trainer - WARNING - Early stopping due to large KL divergence: 10862.5966796875
2025-12-06 01:53:01,687 - rlhf_trainer - WARNING - Early stopping due to large KL divergence: 0.5617872476577759
2025-12-06 01:53:04,057 - rlhf_trainer - WARNING - Early stopping due to large KL divergence: 7.854697227478027
2025-12-06 01:53:06,423 - rlhf_trainer - WARNING - Early stopping due to large KL divergence: 2.4209821224212646
2025-12-06 01:53:08,856 - rlhf_trainer - WARNING - Early stopping due to large KL divergence: 15648003.0
2025-12-06 01:53:11,784 - rlhf_trainer - WARNING - Early stopping due to large KL divergence: 2.322983741760254
2025-12-06 01:53:14,214 - rlhf_trainer - WARNING - Early stopping due to large KL divergence: 0.05524766445159912
2025-12-06 01:53:16,586 - rlhf_trainer - WARNING - Early stopping due to large KL divergence: 676.1591186523438
2025-12-06 01:53:16,589 - utils - INFO - Step 410:
2025-12-06 01:53:16,589 - utils - INFO -   Policy Loss: 0.0000
2025-12-06 01:53:16,589 - utils - INFO -   Value Loss: 0.1462
2025-12-06 01:53:16,589 - utils - INFO -   Reward Mean: 0.0000
2025-12-06 01:53:16,589 - utils - INFO -   KL Divergence: 0.0000
2025-12-06 01:53:19,035 - rlhf_trainer - WARNING - Early stopping due to large KL divergence: 630905.0
2025-12-06 01:53:21,475 - rlhf_trainer - WARNING - Early stopping due to large KL divergence: 0.034609898924827576
2025-12-06 01:53:24,232 - rlhf_trainer - WARNING - Early stopping due to large KL divergence: 0.4552869200706482
2025-12-06 01:53:26,748 - rlhf_trainer - WARNING - Early stopping due to large KL divergence: 1.9778361320495605
2025-12-06 01:53:29,105 - rlhf_trainer - WARNING - Early stopping due to large KL divergence: 9.969063758850098
2025-12-06 01:53:33,037 - rlhf_trainer - WARNING - Early stopping due to large KL divergence: 6.284158538646391e+21
2025-12-06 01:53:35,817 - rlhf_trainer - WARNING - Early stopping due to large KL divergence: 16614.81640625
2025-12-06 01:53:38,161 - rlhf_trainer - WARNING - Early stopping due to large KL divergence: 110599.8515625
2025-12-06 01:53:40,511 - rlhf_trainer - WARNING - Early stopping due to large KL divergence: 92.59554290771484
2025-12-06 01:53:42,870 - rlhf_trainer - WARNING - Early stopping due to large KL divergence: 100702.0625
2025-12-06 01:53:42,873 - utils - INFO - Step 420:
2025-12-06 01:53:42,873 - utils - INFO -   Policy Loss: 0.0000
2025-12-06 01:53:42,873 - utils - INFO -   Value Loss: 0.4018
2025-12-06 01:53:42,873 - utils - INFO -   Reward Mean: 0.0000
2025-12-06 01:53:42,873 - utils - INFO -   KL Divergence: 0.0000
2025-12-06 01:53:45,273 - rlhf_trainer - WARNING - Early stopping due to large KL divergence: 1.8686383962631226
2025-12-06 01:53:47,658 - rlhf_trainer - WARNING - Early stopping due to large KL divergence: 3.2083232402801514
2025-12-06 01:53:50,024 - rlhf_trainer - WARNING - Early stopping due to large KL divergence: 9227856896.0
2025-12-06 01:53:52,687 - rlhf_trainer - WARNING - Early stopping due to large KL divergence: 3.7808001041412354
2025-12-06 01:53:55,833 - rlhf_trainer - WARNING - Early stopping due to large KL divergence: 4321.130859375
2025-12-06 01:53:58,583 - rlhf_trainer - WARNING - Early stopping due to large KL divergence: 661514.9375
2025-12-06 01:54:00,965 - rlhf_trainer - WARNING - Early stopping due to large KL divergence: 37262.9921875
2025-12-06 01:54:03,518 - rlhf_trainer - WARNING - Early stopping due to large KL divergence: 3.3666820526123047
2025-12-06 01:54:05,869 - rlhf_trainer - WARNING - Early stopping due to large KL divergence: 5.291505813598633
2025-12-06 01:54:08,252 - rlhf_trainer - WARNING - Early stopping due to large KL divergence: 2.2925331592559814
2025-12-06 01:54:08,255 - utils - INFO - Step 430:
2025-12-06 01:54:08,255 - utils - INFO -   Policy Loss: 0.0000
2025-12-06 01:54:08,255 - utils - INFO -   Value Loss: 0.1863
2025-12-06 01:54:08,255 - utils - INFO -   Reward Mean: 0.0000
2025-12-06 01:54:08,255 - utils - INFO -   KL Divergence: 0.0000
2025-12-06 01:54:10,628 - rlhf_trainer - WARNING - Early stopping due to large KL divergence: 817.0031127929688
2025-12-06 01:54:14,222 - rlhf_trainer - WARNING - Early stopping due to large KL divergence: 1438.297119140625
2025-12-06 01:54:16,582 - rlhf_trainer - WARNING - Early stopping due to large KL divergence: 4.451291084289551
2025-12-06 01:54:18,920 - rlhf_trainer - WARNING - Early stopping due to large KL divergence: 9.665834426879883
2025-12-06 01:54:21,317 - rlhf_trainer - WARNING - Early stopping due to large KL divergence: 2.509765625
2025-12-06 01:54:23,700 - rlhf_trainer - WARNING - Early stopping due to large KL divergence: 10.983744621276855
2025-12-06 01:54:26,443 - rlhf_trainer - WARNING - Early stopping due to large KL divergence: 3.445992946624756
2025-12-06 01:54:28,801 - rlhf_trainer - WARNING - Early stopping due to large KL divergence: 6.664552211761475
2025-12-06 01:54:31,303 - rlhf_trainer - WARNING - Early stopping due to large KL divergence: 12.04940414428711
2025-12-06 01:54:33,880 - rlhf_trainer - WARNING - Early stopping due to large KL divergence: 5.679771900177002
2025-12-06 01:54:33,883 - utils - INFO - Step 440:
2025-12-06 01:54:33,883 - utils - INFO -   Policy Loss: 0.0000
2025-12-06 01:54:33,883 - utils - INFO -   Value Loss: 0.2327
2025-12-06 01:54:33,883 - utils - INFO -   Reward Mean: 0.0000
2025-12-06 01:54:33,884 - utils - INFO -   KL Divergence: 0.0000
2025-12-06 01:54:36,339 - rlhf_trainer - WARNING - Early stopping due to large KL divergence: 1.5119061470031738
2025-12-06 01:54:39,496 - rlhf_trainer - WARNING - Early stopping due to large KL divergence: 28265.72265625
2025-12-06 01:54:41,862 - rlhf_trainer - WARNING - Early stopping due to large KL divergence: 3.8352115154266357
2025-12-06 01:54:44,736 - rlhf_trainer - WARNING - Early stopping due to large KL divergence: 493.81298828125
2025-12-06 01:54:47,066 - rlhf_trainer - WARNING - Early stopping due to large KL divergence: 3.2896149158477783
2025-12-06 01:54:49,405 - rlhf_trainer - WARNING - Early stopping due to large KL divergence: 2.9328675270080566
2025-12-06 01:54:51,851 - rlhf_trainer - WARNING - Early stopping due to large KL divergence: 0.055440038442611694
2025-12-06 01:54:54,237 - rlhf_trainer - WARNING - Early stopping due to large KL divergence: 1.9896740913391113
2025-12-06 01:54:56,614 - rlhf_trainer - WARNING - Early stopping due to large KL divergence: 3.0241942405700684
2025-12-06 01:54:58,981 - rlhf_trainer - WARNING - Early stopping due to large KL divergence: 4.565979480743408
2025-12-06 01:54:58,984 - utils - INFO - Step 450:
2025-12-06 01:54:58,984 - utils - INFO -   Policy Loss: 0.0000
2025-12-06 01:54:58,984 - utils - INFO -   Value Loss: 0.1754
2025-12-06 01:54:58,984 - utils - INFO -   Reward Mean: 0.0000
2025-12-06 01:54:58,985 - utils - INFO -   KL Divergence: 0.0000
2025-12-06 01:55:01,851 - rlhf_trainer - WARNING - Early stopping due to large KL divergence: 4.002655982971191
2025-12-06 01:55:04,226 - rlhf_trainer - WARNING - Early stopping due to large KL divergence: 5.948929309844971
2025-12-06 01:55:06,628 - rlhf_trainer - WARNING - Early stopping due to large KL divergence: 6.4007954597473145
2025-12-06 01:55:08,987 - rlhf_trainer - WARNING - Early stopping due to large KL divergence: 2.7264668941497803
2025-12-06 01:55:11,431 - rlhf_trainer - WARNING - Early stopping due to large KL divergence: 10.67773151397705
2025-12-06 01:55:13,824 - rlhf_trainer - WARNING - Early stopping due to large KL divergence: 836.47509765625
2025-12-06 01:55:16,761 - rlhf_trainer - WARNING - Early stopping due to large KL divergence: 78.08584594726562
2025-12-06 01:55:19,117 - rlhf_trainer - WARNING - Early stopping due to large KL divergence: 2.4286389350891113
2025-12-06 01:55:21,589 - rlhf_trainer - WARNING - Early stopping due to large KL divergence: 4.518211364746094
2025-12-06 01:55:24,003 - rlhf_trainer - WARNING - Early stopping due to large KL divergence: 2.3920817375183105
2025-12-06 01:55:24,006 - utils - INFO - Step 460:
2025-12-06 01:55:24,006 - utils - INFO -   Policy Loss: 0.0000
2025-12-06 01:55:24,006 - utils - INFO -   Value Loss: 0.2082
2025-12-06 01:55:24,006 - utils - INFO -   Reward Mean: 0.0000
2025-12-06 01:55:24,006 - utils - INFO -   KL Divergence: 0.0000
2025-12-06 01:55:26,321 - rlhf_trainer - WARNING - Early stopping due to large KL divergence: 15834.3857421875
2025-12-06 01:55:28,715 - rlhf_trainer - WARNING - Early stopping due to large KL divergence: 12.738828659057617
2025-12-06 01:55:31,121 - rlhf_trainer - WARNING - Early stopping due to large KL divergence: 3.226332187652588
2025-12-06 01:55:33,488 - rlhf_trainer - WARNING - Early stopping due to large KL divergence: 4.533756256103516
2025-12-06 01:55:35,921 - rlhf_trainer - WARNING - Early stopping due to large KL divergence: 6.303130149841309
2025-12-06 01:55:38,855 - rlhf_trainer - WARNING - Early stopping due to large KL divergence: 6.921963691711426
2025-12-06 01:55:41,347 - rlhf_trainer - WARNING - Early stopping due to large KL divergence: 5576743.5
2025-12-06 01:55:43,802 - rlhf_trainer - WARNING - Early stopping due to large KL divergence: 2.487277030944824
2025-12-06 01:55:46,165 - rlhf_trainer - WARNING - Early stopping due to large KL divergence: 2.873006820678711
2025-12-06 01:55:48,543 - rlhf_trainer - WARNING - Early stopping due to large KL divergence: 3.1315603256225586
2025-12-06 01:55:48,546 - utils - INFO - Step 470:
2025-12-06 01:55:48,546 - utils - INFO -   Policy Loss: -0.0000
2025-12-06 01:55:48,546 - utils - INFO -   Value Loss: 0.2603
2025-12-06 01:55:48,546 - utils - INFO -   Reward Mean: -0.0000
2025-12-06 01:55:48,546 - utils - INFO -   KL Divergence: 0.0000
2025-12-06 01:55:50,993 - rlhf_trainer - WARNING - Early stopping due to large KL divergence: 45.41109848022461
2025-12-06 01:55:53,325 - rlhf_trainer - WARNING - Early stopping due to large KL divergence: 2340103.5
2025-12-06 01:55:55,671 - rlhf_trainer - WARNING - Early stopping due to large KL divergence: 0.7919417023658752
2025-12-06 01:55:58,039 - rlhf_trainer - WARNING - Early stopping due to large KL divergence: 60189.76171875
2025-12-06 01:56:00,404 - rlhf_trainer - WARNING - Early stopping due to large KL divergence: 2.53574538230896
2025-12-06 01:56:02,790 - rlhf_trainer - WARNING - Early stopping due to large KL divergence: 3.9601166248321533
2025-12-06 01:56:05,560 - rlhf_trainer - WARNING - Early stopping due to large KL divergence: 2.875225067138672
2025-12-06 01:56:08,355 - rlhf_trainer - WARNING - Early stopping due to large KL divergence: 2.9401400089263916
2025-12-06 01:56:11,167 - rlhf_trainer - WARNING - Early stopping due to large KL divergence: 10442.0205078125
2025-12-06 01:56:13,521 - rlhf_trainer - WARNING - Early stopping due to large KL divergence: 15697746.0
2025-12-06 01:56:13,523 - utils - INFO - Step 480:
2025-12-06 01:56:13,524 - utils - INFO -   Policy Loss: 0.0000
2025-12-06 01:56:13,524 - utils - INFO -   Value Loss: 0.1636
2025-12-06 01:56:13,524 - utils - INFO -   Reward Mean: 0.0000
2025-12-06 01:56:13,524 - utils - INFO -   KL Divergence: 0.0000
2025-12-06 01:56:16,366 - rlhf_trainer - WARNING - Early stopping due to large KL divergence: 2.8521251678466797
2025-12-06 01:56:18,720 - rlhf_trainer - WARNING - Early stopping due to large KL divergence: 61558.4140625
2025-12-06 01:56:21,246 - rlhf_trainer - WARNING - Early stopping due to large KL divergence: 1.340329885482788
2025-12-06 01:56:23,667 - rlhf_trainer - WARNING - Early stopping due to large KL divergence: 528808.25
2025-12-06 01:56:26,029 - rlhf_trainer - WARNING - Early stopping due to large KL divergence: 6.578527450561523
2025-12-06 01:56:28,464 - rlhf_trainer - WARNING - Early stopping due to large KL divergence: 0.04260820150375366
2025-12-06 01:56:30,882 - rlhf_trainer - WARNING - Early stopping due to large KL divergence: 1906.5477294921875
2025-12-06 01:56:33,350 - rlhf_trainer - WARNING - Early stopping due to large KL divergence: 0.6025038957595825
2025-12-06 01:56:35,767 - rlhf_trainer - WARNING - Early stopping due to large KL divergence: 1.5100497007369995
2025-12-06 01:56:38,131 - rlhf_trainer - WARNING - Early stopping due to large KL divergence: 3.4343101978302
2025-12-06 01:56:38,135 - utils - INFO - Step 490:
2025-12-06 01:56:38,135 - utils - INFO -   Policy Loss: -0.0000
2025-12-06 01:56:38,135 - utils - INFO -   Value Loss: 0.1635
2025-12-06 01:56:38,135 - utils - INFO -   Reward Mean: 0.0000
2025-12-06 01:56:38,135 - utils - INFO -   KL Divergence: 0.0000
2025-12-06 01:56:40,491 - rlhf_trainer - WARNING - Early stopping due to large KL divergence: 1.5942833423614502
2025-12-06 01:56:42,872 - rlhf_trainer - WARNING - Early stopping due to large KL divergence: 2.666501045227051
2025-12-06 01:56:45,259 - rlhf_trainer - WARNING - Early stopping due to large KL divergence: 407341.53125
2025-12-06 01:56:47,668 - rlhf_trainer - WARNING - Early stopping due to large KL divergence: 4.6348724365234375
2025-12-06 01:56:50,201 - rlhf_trainer - WARNING - Early stopping due to large KL divergence: 2.1162302494049072
2025-12-06 01:56:52,630 - rlhf_trainer - WARNING - Early stopping due to large KL divergence: 0.029256731271743774
2025-12-06 01:56:54,988 - rlhf_trainer - WARNING - Early stopping due to large KL divergence: 2.6240530014038086
2025-12-06 01:56:57,394 - rlhf_trainer - WARNING - Early stopping due to large KL divergence: 2.972762107849121
2025-12-06 01:56:59,767 - rlhf_trainer - WARNING - Early stopping due to large KL divergence: 14.673293113708496
2025-12-06 01:57:02,151 - rlhf_trainer - WARNING - Early stopping due to large KL divergence: 980.97998046875
2025-12-06 01:57:02,154 - utils - INFO - Step 500:
2025-12-06 01:57:02,154 - utils - INFO -   Policy Loss: 0.0000
2025-12-06 01:57:02,154 - utils - INFO -   Value Loss: 0.1963
2025-12-06 01:57:02,154 - utils - INFO -   Reward Mean: 0.0000
2025-12-06 01:57:02,155 - utils - INFO -   KL Divergence: 0.0000
2025-12-06 01:57:04,905 - rlhf_trainer - WARNING - Early stopping due to large KL divergence: 15.360151290893555
2025-12-06 01:57:07,291 - rlhf_trainer - WARNING - Early stopping due to large KL divergence: 2.7769713401794434
2025-12-06 01:57:09,698 - rlhf_trainer - WARNING - Early stopping due to large KL divergence: 1.753589391708374
2025-12-06 01:57:12,185 - rlhf_trainer - WARNING - Early stopping due to large KL divergence: 4.300930023193359
2025-12-06 01:57:14,572 - rlhf_trainer - WARNING - Early stopping due to large KL divergence: 15.986464500427246
2025-12-06 01:57:16,949 - rlhf_trainer - WARNING - Early stopping due to large KL divergence: 4.522524833679199
2025-12-06 01:57:19,300 - rlhf_trainer - WARNING - Early stopping due to large KL divergence: 1.9161711931228638
2025-12-06 01:57:21,682 - rlhf_trainer - WARNING - Early stopping due to large KL divergence: 8.690020561218262
2025-12-06 01:57:25,380 - rlhf_trainer - WARNING - Early stopping due to large KL divergence: 4.003551006317139
2025-12-06 01:57:27,789 - rlhf_trainer - WARNING - Early stopping due to large KL divergence: 4.665116786956787
2025-12-06 01:57:27,792 - utils - INFO - Step 510:
2025-12-06 01:57:27,792 - utils - INFO -   Policy Loss: 0.0000
2025-12-06 01:57:27,792 - utils - INFO -   Value Loss: 0.1912
2025-12-06 01:57:27,792 - utils - INFO -   Reward Mean: 0.0000
2025-12-06 01:57:27,792 - utils - INFO -   KL Divergence: 0.0000
2025-12-06 01:57:30,181 - rlhf_trainer - WARNING - Early stopping due to large KL divergence: 2.7378392219543457
2025-12-06 01:57:32,570 - rlhf_trainer - WARNING - Early stopping due to large KL divergence: 4.399775505065918
2025-12-06 01:57:34,977 - rlhf_trainer - WARNING - Early stopping due to large KL divergence: 1.982468843460083
2025-12-06 01:57:37,344 - rlhf_trainer - WARNING - Early stopping due to large KL divergence: 2.0156478881835938
2025-12-06 01:57:39,680 - rlhf_trainer - WARNING - Early stopping due to large KL divergence: 4.133981227874756
2025-12-06 01:57:42,099 - rlhf_trainer - WARNING - Early stopping due to large KL divergence: 2.480870485305786
2025-12-06 01:57:44,421 - rlhf_trainer - WARNING - Early stopping due to large KL divergence: 16.380277633666992
2025-12-06 01:57:46,823 - rlhf_trainer - WARNING - Early stopping due to large KL divergence: 2.834747314453125
2025-12-06 01:57:49,210 - rlhf_trainer - WARNING - Early stopping due to large KL divergence: 355538848.0
2025-12-06 01:57:51,585 - rlhf_trainer - WARNING - Early stopping due to large KL divergence: 10.252092361450195
2025-12-06 01:57:51,588 - utils - INFO - Step 520:
2025-12-06 01:57:51,588 - utils - INFO -   Policy Loss: -0.0000
2025-12-06 01:57:51,588 - utils - INFO -   Value Loss: 0.2255
2025-12-06 01:57:51,588 - utils - INFO -   Reward Mean: 0.0000
2025-12-06 01:57:51,588 - utils - INFO -   KL Divergence: 0.0000
2025-12-06 01:57:53,958 - rlhf_trainer - WARNING - Early stopping due to large KL divergence: 2922.32861328125
2025-12-06 01:57:56,379 - rlhf_trainer - WARNING - Early stopping due to large KL divergence: 0.031047359108924866
2025-12-06 01:58:00,412 - rlhf_trainer - WARNING - Early stopping due to large KL divergence: 5.490692138671875
2025-12-06 01:58:02,881 - rlhf_trainer - WARNING - Early stopping due to large KL divergence: 6.768171787261963
2025-12-06 01:58:05,328 - rlhf_trainer - WARNING - Early stopping due to large KL divergence: 0.048393264412879944
2025-12-06 01:58:10,060 - rlhf_trainer - WARNING - Early stopping due to large KL divergence: 1825028.0
2025-12-06 01:58:12,440 - rlhf_trainer - WARNING - Early stopping due to large KL divergence: 44.55361557006836
2025-12-06 01:58:14,812 - rlhf_trainer - WARNING - Early stopping due to large KL divergence: 1.4995079040527344
2025-12-06 01:58:17,309 - rlhf_trainer - WARNING - Early stopping due to large KL divergence: 1.3534762859344482
2025-12-06 01:58:19,569 - rlhf_trainer - WARNING - Early stopping due to large KL divergence: 1.449448585510254
2025-12-06 01:58:19,572 - utils - INFO - Step 530:
2025-12-06 01:58:19,572 - utils - INFO -   Policy Loss: -0.0000
2025-12-06 01:58:19,572 - utils - INFO -   Value Loss: 2.3835
2025-12-06 01:58:19,572 - utils - INFO -   Reward Mean: 0.0000
2025-12-06 01:58:19,572 - utils - INFO -   KL Divergence: 0.0000
2025-12-06 01:58:23,173 - rlhf_trainer - WARNING - Early stopping due to large KL divergence: 4.742140769958496
2025-12-06 01:58:25,515 - rlhf_trainer - WARNING - Early stopping due to large KL divergence: 0.6110801100730896
2025-12-06 01:58:27,870 - rlhf_trainer - WARNING - Early stopping due to large KL divergence: 6.983880043029785
2025-12-06 01:58:30,711 - rlhf_trainer - WARNING - Early stopping due to large KL divergence: 4618.6513671875
2025-12-06 01:58:33,129 - rlhf_trainer - WARNING - Early stopping due to large KL divergence: 2.211674690246582
2025-12-06 01:58:35,935 - rlhf_trainer - WARNING - Early stopping due to large KL divergence: 3.025437831878662
2025-12-06 01:58:38,687 - rlhf_trainer - WARNING - Early stopping due to large KL divergence: 1.4717631340026855
2025-12-06 01:58:41,480 - rlhf_trainer - WARNING - Early stopping due to large KL divergence: 415.3296203613281
2025-12-06 01:58:43,857 - rlhf_trainer - WARNING - Early stopping due to large KL divergence: 409547.1875
2025-12-06 01:58:46,235 - rlhf_trainer - WARNING - Early stopping due to large KL divergence: 370542.5
2025-12-06 01:58:46,238 - utils - INFO - Step 540:
2025-12-06 01:58:46,238 - utils - INFO -   Policy Loss: 0.0000
2025-12-06 01:58:46,239 - utils - INFO -   Value Loss: 0.3332
2025-12-06 01:58:46,239 - utils - INFO -   Reward Mean: 0.0000
2025-12-06 01:58:46,239 - utils - INFO -   KL Divergence: 0.0000
2025-12-06 01:58:48,662 - rlhf_trainer - WARNING - Early stopping due to large KL divergence: 0.5903311967849731
2025-12-06 01:58:51,076 - rlhf_trainer - WARNING - Early stopping due to large KL divergence: 1284.2470703125
2025-12-06 01:58:53,802 - rlhf_trainer - WARNING - Early stopping due to large KL divergence: 688818.0625
2025-12-06 01:58:56,067 - rlhf_trainer - WARNING - Early stopping due to large KL divergence: 0.1773427277803421
2025-12-06 01:58:58,495 - rlhf_trainer - WARNING - Early stopping due to large KL divergence: 1.7996374368667603
2025-12-06 01:59:00,889 - rlhf_trainer - WARNING - Early stopping due to large KL divergence: 1675257.125
2025-12-06 01:59:03,267 - rlhf_trainer - WARNING - Early stopping due to large KL divergence: 6562.44677734375
2025-12-06 01:59:05,616 - rlhf_trainer - WARNING - Early stopping due to large KL divergence: 2655485952000.0
2025-12-06 01:59:08,005 - rlhf_trainer - WARNING - Early stopping due to large KL divergence: 5.439298110430456e+22
2025-12-06 01:59:10,432 - rlhf_trainer - WARNING - Early stopping due to large KL divergence: 6055.01806640625
2025-12-06 01:59:10,435 - utils - INFO - Step 550:
2025-12-06 01:59:10,435 - utils - INFO -   Policy Loss: 0.0000
2025-12-06 01:59:10,435 - utils - INFO -   Value Loss: 0.1880
2025-12-06 01:59:10,435 - utils - INFO -   Reward Mean: -0.0000
2025-12-06 01:59:10,435 - utils - INFO -   KL Divergence: 0.0000
2025-12-06 01:59:12,960 - rlhf_trainer - WARNING - Early stopping due to large KL divergence: 0.0356576144695282
2025-12-06 01:59:15,394 - rlhf_trainer - WARNING - Early stopping due to large KL divergence: 0.03684458136558533
2025-12-06 01:59:17,738 - rlhf_trainer - WARNING - Early stopping due to large KL divergence: 0.855631411075592
2025-12-06 01:59:20,086 - rlhf_trainer - WARNING - Early stopping due to large KL divergence: 1.1099345684051514
2025-12-06 01:59:22,671 - rlhf_trainer - WARNING - Early stopping due to large KL divergence: 872055296.0
2025-12-06 01:59:25,017 - rlhf_trainer - WARNING - Early stopping due to large KL divergence: 2.1928206355818086e+17
2025-12-06 01:59:27,347 - rlhf_trainer - WARNING - Early stopping due to large KL divergence: 33321506.0
2025-12-06 01:59:29,684 - rlhf_trainer - WARNING - Early stopping due to large KL divergence: 1.6006213426589966
2025-12-06 01:59:32,124 - rlhf_trainer - WARNING - Early stopping due to large KL divergence: 3.9099602699279785
2025-12-06 01:59:34,483 - rlhf_trainer - WARNING - Early stopping due to large KL divergence: 17466.2734375
2025-12-06 01:59:34,486 - utils - INFO - Step 560:
2025-12-06 01:59:34,486 - utils - INFO -   Policy Loss: 0.0000
2025-12-06 01:59:34,486 - utils - INFO -   Value Loss: 0.1374
2025-12-06 01:59:34,486 - utils - INFO -   Reward Mean: 0.0000
2025-12-06 01:59:34,487 - utils - INFO -   KL Divergence: 0.0000
2025-12-06 01:59:37,232 - rlhf_trainer - WARNING - Early stopping due to large KL divergence: 1724220.0
2025-12-06 01:59:39,671 - rlhf_trainer - WARNING - Early stopping due to large KL divergence: 51811.61328125
2025-12-06 01:59:42,041 - rlhf_trainer - WARNING - Early stopping due to large KL divergence: 7949404.0
2025-12-06 01:59:44,552 - rlhf_trainer - WARNING - Early stopping due to large KL divergence: 297635.03125
2025-12-06 01:59:46,952 - rlhf_trainer - WARNING - Early stopping due to large KL divergence: 0.5876187086105347
2025-12-06 01:59:49,318 - rlhf_trainer - WARNING - Early stopping due to large KL divergence: 9545612060000256.0
2025-12-06 01:59:52,843 - rlhf_trainer - WARNING - Early stopping due to large KL divergence: 197569.265625
2025-12-06 01:59:55,314 - rlhf_trainer - WARNING - Early stopping due to large KL divergence: 0.546096682548523
2025-12-06 01:59:57,686 - rlhf_trainer - WARNING - Early stopping due to large KL divergence: 1.6132417917251587
2025-12-06 02:00:00,090 - rlhf_trainer - WARNING - Early stopping due to large KL divergence: 52.00075912475586
2025-12-06 02:00:00,094 - utils - INFO - Step 570:
2025-12-06 02:00:00,094 - utils - INFO -   Policy Loss: 0.0000
2025-12-06 02:00:00,094 - utils - INFO -   Value Loss: 0.1490
2025-12-06 02:00:00,094 - utils - INFO -   Reward Mean: 0.0000
2025-12-06 02:00:00,094 - utils - INFO -   KL Divergence: 0.0000
2025-12-06 02:00:02,481 - rlhf_trainer - WARNING - Early stopping due to large KL divergence: 6.918041229248047
2025-12-06 02:00:04,882 - rlhf_trainer - WARNING - Early stopping due to large KL divergence: 2.6397106647491455
2025-12-06 02:00:07,253 - rlhf_trainer - WARNING - Early stopping due to large KL divergence: 8.402863502502441
2025-12-06 02:00:09,636 - rlhf_trainer - WARNING - Early stopping due to large KL divergence: 1.499218225479126
2025-12-06 02:00:12,076 - rlhf_trainer - WARNING - Early stopping due to large KL divergence: 0.9896079897880554
2025-12-06 02:00:14,500 - rlhf_trainer - WARNING - Early stopping due to large KL divergence: 3.135361671447754
2025-12-06 02:00:16,843 - rlhf_trainer - WARNING - Early stopping due to large KL divergence: 3.387082576751709
2025-12-06 02:00:19,250 - rlhf_trainer - WARNING - Early stopping due to large KL divergence: 4.487944602966309
2025-12-06 02:00:21,837 - rlhf_trainer - WARNING - Early stopping due to large KL divergence: 581.1585693359375
2025-12-06 02:00:24,392 - rlhf_trainer - WARNING - Early stopping due to large KL divergence: 4.59223747253418
2025-12-06 02:00:24,395 - utils - INFO - Step 580:
2025-12-06 02:00:24,396 - utils - INFO -   Policy Loss: -0.0000
2025-12-06 02:00:24,396 - utils - INFO -   Value Loss: 0.1871
2025-12-06 02:00:24,396 - utils - INFO -   Reward Mean: -0.0000
2025-12-06 02:00:24,396 - utils - INFO -   KL Divergence: 0.0000
2025-12-06 02:00:26,740 - rlhf_trainer - WARNING - Early stopping due to large KL divergence: 5.75740909576416
2025-12-06 02:00:29,107 - rlhf_trainer - WARNING - Early stopping due to large KL divergence: 3.121297597885132
2025-12-06 02:00:31,720 - rlhf_trainer - WARNING - Early stopping due to large KL divergence: 8.61459732055664
2025-12-06 02:00:34,532 - rlhf_trainer - WARNING - Early stopping due to large KL divergence: 1563.4185791015625
2025-12-06 02:00:36,910 - rlhf_trainer - WARNING - Early stopping due to large KL divergence: 80.37995147705078
2025-12-06 02:00:39,320 - rlhf_trainer - WARNING - Early stopping due to large KL divergence: 6221057024.0
2025-12-06 02:00:41,724 - rlhf_trainer - WARNING - Early stopping due to large KL divergence: 1.7870385646820068
2025-12-06 02:00:44,135 - rlhf_trainer - WARNING - Early stopping due to large KL divergence: 632513.875
2025-12-06 02:00:47,249 - rlhf_trainer - WARNING - Early stopping due to large KL divergence: 14164543.0
2025-12-06 02:00:49,596 - rlhf_trainer - WARNING - Early stopping due to large KL divergence: 3.8618574142456055
2025-12-06 02:00:49,599 - utils - INFO - Step 590:
2025-12-06 02:00:49,599 - utils - INFO -   Policy Loss: -0.0000
2025-12-06 02:00:49,599 - utils - INFO -   Value Loss: 0.1827
2025-12-06 02:00:49,599 - utils - INFO -   Reward Mean: 0.0000
2025-12-06 02:00:49,599 - utils - INFO -   KL Divergence: 0.0000
2025-12-06 02:00:51,990 - rlhf_trainer - WARNING - Early stopping due to large KL divergence: 102254002569216.0
2025-12-06 02:00:54,356 - rlhf_trainer - WARNING - Early stopping due to large KL divergence: 1.005056381225586
2025-12-06 02:00:56,726 - rlhf_trainer - WARNING - Early stopping due to large KL divergence: 9036.1943359375
2025-12-06 02:00:59,131 - rlhf_trainer - WARNING - Early stopping due to large KL divergence: 264.8809509277344
2025-12-06 02:01:01,484 - rlhf_trainer - WARNING - Early stopping due to large KL divergence: 1.4896557331085205
2025-12-06 02:01:03,869 - rlhf_trainer - WARNING - Early stopping due to large KL divergence: 1697489.375
2025-12-06 02:01:06,246 - rlhf_trainer - WARNING - Early stopping due to large KL divergence: 17.41893196105957
2025-12-06 02:01:08,635 - rlhf_trainer - WARNING - Early stopping due to large KL divergence: 69036658393088.0
2025-12-06 02:01:11,063 - rlhf_trainer - WARNING - Early stopping due to large KL divergence: 1.4729259014129639
2025-12-06 02:01:13,433 - rlhf_trainer - WARNING - Early stopping due to large KL divergence: 2.514951229095459
2025-12-06 02:01:13,436 - utils - INFO - Step 600:
2025-12-06 02:01:13,436 - utils - INFO -   Policy Loss: 0.0000
2025-12-06 02:01:13,436 - utils - INFO -   Value Loss: 0.1992
2025-12-06 02:01:13,436 - utils - INFO -   Reward Mean: 0.0000
2025-12-06 02:01:13,436 - utils - INFO -   KL Divergence: 0.0000
2025-12-06 02:01:15,782 - rlhf_trainer - WARNING - Early stopping due to large KL divergence: 116.96141815185547
2025-12-06 02:01:18,175 - rlhf_trainer - WARNING - Early stopping due to large KL divergence: 2.771921396255493
2025-12-06 02:01:20,630 - rlhf_trainer - WARNING - Early stopping due to large KL divergence: 0.7676782608032227
2025-12-06 02:01:23,037 - rlhf_trainer - WARNING - Early stopping due to large KL divergence: 4.089777946472168
2025-12-06 02:01:25,549 - rlhf_trainer - WARNING - Early stopping due to large KL divergence: 151.39820861816406
2025-12-06 02:01:27,900 - rlhf_trainer - WARNING - Early stopping due to large KL divergence: 4.87146520614624
2025-12-06 02:01:30,251 - rlhf_trainer - WARNING - Early stopping due to large KL divergence: 4721.1708984375
2025-12-06 02:01:32,648 - rlhf_trainer - WARNING - Early stopping due to large KL divergence: 172923721613312.0
2025-12-06 02:01:35,013 - rlhf_trainer - WARNING - Early stopping due to large KL divergence: 2.727454662322998
2025-12-06 02:01:37,394 - rlhf_trainer - WARNING - Early stopping due to large KL divergence: 2.1603446006774902
2025-12-06 02:01:37,397 - utils - INFO - Step 610:
2025-12-06 02:01:37,397 - utils - INFO -   Policy Loss: 0.0000
2025-12-06 02:01:37,397 - utils - INFO -   Value Loss: 0.1531
2025-12-06 02:01:37,398 - utils - INFO -   Reward Mean: 0.0000
2025-12-06 02:01:37,398 - utils - INFO -   KL Divergence: 0.0000
2025-12-06 02:01:39,751 - rlhf_trainer - WARNING - Early stopping due to large KL divergence: 10.179136276245117
2025-12-06 02:01:42,151 - rlhf_trainer - WARNING - Early stopping due to large KL divergence: 0.02471935749053955
2025-12-06 02:01:44,796 - rlhf_trainer - WARNING - Early stopping due to large KL divergence: 1490731.375
2025-12-06 02:01:47,193 - rlhf_trainer - WARNING - Early stopping due to large KL divergence: 149.25852966308594
2025-12-06 02:01:49,558 - rlhf_trainer - WARNING - Early stopping due to large KL divergence: 4.161099910736084
2025-12-06 02:01:51,934 - rlhf_trainer - WARNING - Early stopping due to large KL divergence: 8.095222473144531
2025-12-06 02:01:55,337 - rlhf_trainer - WARNING - Early stopping due to large KL divergence: 12.845019340515137
2025-12-06 02:01:57,700 - rlhf_trainer - WARNING - Early stopping due to large KL divergence: 17.919126510620117
2025-12-06 02:02:00,065 - rlhf_trainer - WARNING - Early stopping due to large KL divergence: 4.907801151275635
2025-12-06 02:02:02,467 - rlhf_trainer - WARNING - Early stopping due to large KL divergence: 0.045685723423957825
2025-12-06 02:02:02,471 - utils - INFO - Step 620:
2025-12-06 02:02:02,471 - utils - INFO -   Policy Loss: -0.0231
2025-12-06 02:02:02,471 - utils - INFO -   Value Loss: 0.3845
2025-12-06 02:02:02,471 - utils - INFO -   Reward Mean: 0.0000
2025-12-06 02:02:02,471 - utils - INFO -   KL Divergence: 0.0016
2025-12-06 02:02:04,824 - rlhf_trainer - WARNING - Early stopping due to large KL divergence: 5.79323673248291
2025-12-06 02:02:07,754 - rlhf_trainer - WARNING - Early stopping due to large KL divergence: 60484.03515625
2025-12-06 02:02:10,182 - rlhf_trainer - WARNING - Early stopping due to large KL divergence: 4.762966156005859
2025-12-06 02:02:13,464 - rlhf_trainer - WARNING - Early stopping due to large KL divergence: 148041908224.0
2025-12-06 02:02:15,849 - rlhf_trainer - WARNING - Early stopping due to large KL divergence: 3.014097213745117
2025-12-06 02:02:18,198 - rlhf_trainer - WARNING - Early stopping due to large KL divergence: 4.2282304763793945
2025-12-06 02:02:20,459 - rlhf_trainer - WARNING - Early stopping due to large KL divergence: 4.144698143005371
2025-12-06 02:02:22,828 - rlhf_trainer - WARNING - Early stopping due to large KL divergence: 73.2999038696289
2025-12-06 02:02:25,173 - rlhf_trainer - WARNING - Early stopping due to large KL divergence: 665.7647094726562
2025-12-06 02:02:28,697 - rlhf_trainer - WARNING - Early stopping due to large KL divergence: 79.46357727050781
2025-12-06 02:02:28,700 - utils - INFO - Step 630:
2025-12-06 02:02:28,700 - utils - INFO -   Policy Loss: 0.0000
2025-12-06 02:02:28,700 - utils - INFO -   Value Loss: 0.2128
2025-12-06 02:02:28,700 - utils - INFO -   Reward Mean: -0.0000
2025-12-06 02:02:28,700 - utils - INFO -   KL Divergence: 0.0000
2025-12-06 02:02:31,061 - rlhf_trainer - WARNING - Early stopping due to large KL divergence: 11.005237579345703
2025-12-06 02:02:33,419 - rlhf_trainer - WARNING - Early stopping due to large KL divergence: 118.08950805664062
2025-12-06 02:02:35,888 - rlhf_trainer - WARNING - Early stopping due to large KL divergence: 21966.27734375
2025-12-06 02:02:38,300 - rlhf_trainer - WARNING - Early stopping due to large KL divergence: 0.9830532073974609
2025-12-06 02:02:40,665 - rlhf_trainer - WARNING - Early stopping due to large KL divergence: 2.7504255771636963
2025-12-06 02:02:43,053 - rlhf_trainer - WARNING - Early stopping due to large KL divergence: 3087295.0
2025-12-06 02:02:45,487 - rlhf_trainer - WARNING - Early stopping due to large KL divergence: 0.04165317118167877
2025-12-06 02:02:48,248 - rlhf_trainer - WARNING - Early stopping due to large KL divergence: 40804.83203125
2025-12-06 02:02:51,050 - rlhf_trainer - WARNING - Early stopping due to large KL divergence: 5.21015739440918
2025-12-06 02:02:53,419 - rlhf_trainer - WARNING - Early stopping due to large KL divergence: 2.0520100593566895
2025-12-06 02:02:53,422 - utils - INFO - Step 640:
2025-12-06 02:02:53,422 - utils - INFO -   Policy Loss: -0.0000
2025-12-06 02:02:53,422 - utils - INFO -   Value Loss: 0.2588
2025-12-06 02:02:53,422 - utils - INFO -   Reward Mean: -0.0000
2025-12-06 02:02:53,422 - utils - INFO -   KL Divergence: 0.0000
2025-12-06 02:02:55,929 - rlhf_trainer - WARNING - Early stopping due to large KL divergence: 167.41885375976562
2025-12-06 02:02:58,301 - rlhf_trainer - WARNING - Early stopping due to large KL divergence: 82216.7734375
2025-12-06 02:03:00,683 - rlhf_trainer - WARNING - Early stopping due to large KL divergence: 4.491658687591553
2025-12-06 02:03:03,434 - rlhf_trainer - WARNING - Early stopping due to large KL divergence: 1131047.25
2025-12-06 02:03:05,777 - rlhf_trainer - WARNING - Early stopping due to large KL divergence: 1.9993293285369873
2025-12-06 02:03:08,142 - rlhf_trainer - WARNING - Early stopping due to large KL divergence: 98818045509632.0
2025-12-06 02:03:10,511 - rlhf_trainer - WARNING - Early stopping due to large KL divergence: 7251876352.0
2025-12-06 02:03:12,909 - rlhf_trainer - WARNING - Early stopping due to large KL divergence: 35074.28125
2025-12-06 02:03:15,270 - rlhf_trainer - WARNING - Early stopping due to large KL divergence: 6.61420202255249
2025-12-06 02:03:17,629 - rlhf_trainer - WARNING - Early stopping due to large KL divergence: 0.6430779695510864
2025-12-06 02:03:17,632 - utils - INFO - Step 650:
2025-12-06 02:03:17,632 - utils - INFO -   Policy Loss: 0.0000
2025-12-06 02:03:17,632 - utils - INFO -   Value Loss: 0.1984
2025-12-06 02:03:17,632 - utils - INFO -   Reward Mean: -0.0000
2025-12-06 02:03:17,632 - utils - INFO -   KL Divergence: 0.0000
2025-12-06 02:03:19,982 - rlhf_trainer - WARNING - Early stopping due to large KL divergence: 8.577478408813477
2025-12-06 02:03:22,395 - rlhf_trainer - WARNING - Early stopping due to large KL divergence: 2.9788730144500732
2025-12-06 02:03:24,762 - rlhf_trainer - WARNING - Early stopping due to large KL divergence: 6.061151504516602
2025-12-06 02:03:27,138 - rlhf_trainer - WARNING - Early stopping due to large KL divergence: 2.6374359130859375
2025-12-06 02:03:30,228 - rlhf_trainer - WARNING - Early stopping due to large KL divergence: 2041.728759765625
2025-12-06 02:03:32,634 - rlhf_trainer - WARNING - Early stopping due to large KL divergence: 3.137336492538452
2025-12-06 02:03:35,066 - rlhf_trainer - WARNING - Early stopping due to large KL divergence: 17.368824005126953
2025-12-06 02:03:37,445 - rlhf_trainer - WARNING - Early stopping due to large KL divergence: 6.59332275390625
2025-12-06 02:03:39,850 - rlhf_trainer - WARNING - Early stopping due to large KL divergence: 3.3160488605499268
2025-12-06 02:03:42,251 - rlhf_trainer - WARNING - Early stopping due to large KL divergence: 61287.55078125
2025-12-06 02:03:42,254 - utils - INFO - Step 660:
2025-12-06 02:03:42,255 - utils - INFO -   Policy Loss: 0.0000
2025-12-06 02:03:42,255 - utils - INFO -   Value Loss: 0.2214
2025-12-06 02:03:42,255 - utils - INFO -   Reward Mean: 0.0000
2025-12-06 02:03:42,255 - utils - INFO -   KL Divergence: 0.0000
2025-12-06 02:03:46,300 - rlhf_trainer - WARNING - Early stopping due to large KL divergence: 494093238272.0
2025-12-06 02:03:48,627 - rlhf_trainer - WARNING - Early stopping due to large KL divergence: 1.8200352191925049
2025-12-06 02:03:51,584 - rlhf_trainer - WARNING - Early stopping due to large KL divergence: 226261139456.0
2025-12-06 02:03:53,943 - rlhf_trainer - WARNING - Early stopping due to large KL divergence: 9.128188133239746
2025-12-06 02:03:56,344 - rlhf_trainer - WARNING - Early stopping due to large KL divergence: 1.2999402284622192
2025-12-06 02:03:58,762 - rlhf_trainer - WARNING - Early stopping due to large KL divergence: 3986.71875
2025-12-06 02:04:01,140 - rlhf_trainer - WARNING - Early stopping due to large KL divergence: 4.31507682800293
2025-12-06 02:04:03,479 - rlhf_trainer - WARNING - Early stopping due to large KL divergence: 23894.521484375
2025-12-06 02:04:05,791 - rlhf_trainer - WARNING - Early stopping due to large KL divergence: 1.3427201509475708
2025-12-06 02:04:08,212 - rlhf_trainer - WARNING - Early stopping due to large KL divergence: 20.18891716003418
2025-12-06 02:04:08,216 - utils - INFO - Step 670:
2025-12-06 02:04:08,216 - utils - INFO -   Policy Loss: 0.0000
2025-12-06 02:04:08,216 - utils - INFO -   Value Loss: 0.1682
2025-12-06 02:04:08,216 - utils - INFO -   Reward Mean: 0.0000
2025-12-06 02:04:08,216 - utils - INFO -   KL Divergence: 0.0000
2025-12-06 02:04:10,626 - rlhf_trainer - WARNING - Early stopping due to large KL divergence: 5475652.5
2025-12-06 02:04:12,991 - rlhf_trainer - WARNING - Early stopping due to large KL divergence: 4.910403728485107
2025-12-06 02:04:15,354 - rlhf_trainer - WARNING - Early stopping due to large KL divergence: 4.368660926818848
2025-12-06 02:04:17,706 - rlhf_trainer - WARNING - Early stopping due to large KL divergence: 10.3356351852417
2025-12-06 02:04:20,775 - rlhf_trainer - WARNING - Early stopping due to large KL divergence: 2.562777280807495
2025-12-06 02:04:23,151 - rlhf_trainer - WARNING - Early stopping due to large KL divergence: 2.4708986282348633
2025-12-06 02:04:25,498 - rlhf_trainer - WARNING - Early stopping due to large KL divergence: 2.373448610305786
2025-12-06 02:04:27,885 - rlhf_trainer - WARNING - Early stopping due to large KL divergence: 2.922548532485962
2025-12-06 02:04:30,293 - rlhf_trainer - WARNING - Early stopping due to large KL divergence: 1.315879464149475
2025-12-06 02:04:32,685 - rlhf_trainer - WARNING - Early stopping due to large KL divergence: 40905.46484375
2025-12-06 02:04:32,689 - utils - INFO - Step 680:
2025-12-06 02:04:32,689 - utils - INFO -   Policy Loss: 0.0000
2025-12-06 02:04:32,689 - utils - INFO -   Value Loss: 0.2243
2025-12-06 02:04:32,689 - utils - INFO -   Reward Mean: -0.0000
2025-12-06 02:04:32,689 - utils - INFO -   KL Divergence: 0.0000
2025-12-06 02:04:35,453 - rlhf_trainer - WARNING - Early stopping due to large KL divergence: 1017255493632.0
2025-12-06 02:04:37,796 - rlhf_trainer - WARNING - Early stopping due to large KL divergence: 1.4988880157470703
2025-12-06 02:04:40,141 - rlhf_trainer - WARNING - Early stopping due to large KL divergence: 0.9502776861190796
2025-12-06 02:04:44,018 - rlhf_trainer - WARNING - Early stopping due to large KL divergence: 848977.3125
2025-12-06 02:04:46,381 - rlhf_trainer - WARNING - Early stopping due to large KL divergence: 4.3182148933410645
2025-12-06 02:04:48,784 - rlhf_trainer - WARNING - Early stopping due to large KL divergence: 0.04154062271118164
2025-12-06 02:04:51,157 - rlhf_trainer - WARNING - Early stopping due to large KL divergence: 28919.1875
2025-12-06 02:04:53,633 - rlhf_trainer - WARNING - Early stopping due to large KL divergence: 2.0782461166381836
2025-12-06 02:04:55,973 - rlhf_trainer - WARNING - Early stopping due to large KL divergence: 45434032.0
2025-12-06 02:04:58,347 - rlhf_trainer - WARNING - Early stopping due to large KL divergence: 340142350925824.0
2025-12-06 02:04:58,350 - utils - INFO - Step 690:
2025-12-06 02:04:58,350 - utils - INFO -   Policy Loss: -0.0000
2025-12-06 02:04:58,350 - utils - INFO -   Value Loss: 0.2021
2025-12-06 02:04:58,350 - utils - INFO -   Reward Mean: -0.0000
2025-12-06 02:04:58,350 - utils - INFO -   KL Divergence: 0.0000
2025-12-06 02:05:00,756 - rlhf_trainer - WARNING - Early stopping due to large KL divergence: 11.619963645935059
2025-12-06 02:05:04,357 - rlhf_trainer - WARNING - Early stopping due to large KL divergence: 4.4934604808949596e+18
2025-12-06 02:05:06,703 - rlhf_trainer - WARNING - Early stopping due to large KL divergence: 1.882491111755371
2025-12-06 02:05:09,085 - rlhf_trainer - WARNING - Early stopping due to large KL divergence: 1.1444141864776611
2025-12-06 02:05:11,464 - rlhf_trainer - WARNING - Early stopping due to large KL divergence: 5.4066691398620605
2025-12-06 02:05:13,848 - rlhf_trainer - WARNING - Early stopping due to large KL divergence: 1.1752018928527832
2025-12-06 02:05:16,251 - rlhf_trainer - WARNING - Early stopping due to large KL divergence: 1.6512844562530518
2025-12-06 02:05:19,233 - rlhf_trainer - WARNING - Early stopping due to large KL divergence: 15389.0576171875
2025-12-06 02:05:21,651 - rlhf_trainer - WARNING - Early stopping due to large KL divergence: 665018433536.0
2025-12-06 02:05:24,130 - rlhf_trainer - WARNING - Early stopping due to large KL divergence: 63449596.0
2025-12-06 02:05:24,133 - utils - INFO - Step 700:
2025-12-06 02:05:24,133 - utils - INFO -   Policy Loss: 0.0000
2025-12-06 02:05:24,133 - utils - INFO -   Value Loss: 0.2062
2025-12-06 02:05:24,133 - utils - INFO -   Reward Mean: 0.0000
2025-12-06 02:05:24,133 - utils - INFO -   KL Divergence: 0.0000
2025-12-06 02:05:26,598 - rlhf_trainer - WARNING - Early stopping due to large KL divergence: 183.96910095214844
2025-12-06 02:05:28,940 - rlhf_trainer - WARNING - Early stopping due to large KL divergence: 2.141207456588745
2025-12-06 02:05:31,375 - rlhf_trainer - WARNING - Early stopping due to large KL divergence: 2.722722053527832
2025-12-06 02:05:33,828 - rlhf_trainer - WARNING - Early stopping due to large KL divergence: 0.04573100805282593
2025-12-06 02:05:36,182 - rlhf_trainer - WARNING - Early stopping due to large KL divergence: 4.7999982833862305
2025-12-06 02:05:38,536 - rlhf_trainer - WARNING - Early stopping due to large KL divergence: 5.60430383682251
2025-12-06 02:05:40,939 - rlhf_trainer - WARNING - Early stopping due to large KL divergence: 8.128743171691895
2025-12-06 02:05:43,300 - rlhf_trainer - WARNING - Early stopping due to large KL divergence: 10.590600967407227
2025-12-06 02:05:45,678 - rlhf_trainer - WARNING - Early stopping due to large KL divergence: 2.444150686264038
2025-12-06 02:05:48,070 - rlhf_trainer - WARNING - Early stopping due to large KL divergence: 11.589432716369629
2025-12-06 02:05:48,073 - utils - INFO - Step 710:
2025-12-06 02:05:48,073 - utils - INFO -   Policy Loss: -0.0000
2025-12-06 02:05:48,073 - utils - INFO -   Value Loss: 0.2160
2025-12-06 02:05:48,073 - utils - INFO -   Reward Mean: 0.0000
2025-12-06 02:05:48,073 - utils - INFO -   KL Divergence: 0.0000
2025-12-06 02:05:50,449 - rlhf_trainer - WARNING - Early stopping due to large KL divergence: 13.340583801269531
2025-12-06 02:05:52,998 - rlhf_trainer - WARNING - Early stopping due to large KL divergence: 3.168788433074951
2025-12-06 02:05:55,379 - rlhf_trainer - WARNING - Early stopping due to large KL divergence: 2.6417019367218018
2025-12-06 02:05:57,765 - rlhf_trainer - WARNING - Early stopping due to large KL divergence: 1.3896057605743408
2025-12-06 02:06:00,485 - rlhf_trainer - WARNING - Early stopping due to large KL divergence: 2869144832.0
2025-12-06 02:06:02,869 - rlhf_trainer - WARNING - Early stopping due to large KL divergence: 15376.951171875
2025-12-06 02:06:05,211 - rlhf_trainer - WARNING - Early stopping due to large KL divergence: 4.334478378295898
2025-12-06 02:06:08,479 - rlhf_trainer - WARNING - Early stopping due to large KL divergence: 10.447826385498047
2025-12-06 02:06:11,020 - rlhf_trainer - WARNING - Early stopping due to large KL divergence: 7.097479820251465
2025-12-06 02:06:13,410 - rlhf_trainer - WARNING - Early stopping due to large KL divergence: 4.472224235534668
2025-12-06 02:06:13,413 - utils - INFO - Step 720:
2025-12-06 02:06:13,414 - utils - INFO -   Policy Loss: 0.0000
2025-12-06 02:06:13,414 - utils - INFO -   Value Loss: 0.1716
2025-12-06 02:06:13,414 - utils - INFO -   Reward Mean: -0.0000
2025-12-06 02:06:13,414 - utils - INFO -   KL Divergence: 0.0000
2025-12-06 02:06:16,253 - rlhf_trainer - WARNING - Early stopping due to large KL divergence: 1.796234130859375
2025-12-06 02:06:18,605 - rlhf_trainer - WARNING - Early stopping due to large KL divergence: 150875776.0
2025-12-06 02:06:21,801 - rlhf_trainer - WARNING - Early stopping due to large KL divergence: 684.133544921875
2025-12-06 02:06:24,176 - rlhf_trainer - WARNING - Early stopping due to large KL divergence: 98822045696.0
2025-12-06 02:06:26,626 - rlhf_trainer - WARNING - Early stopping due to large KL divergence: 5.659858703613281
2025-12-06 02:06:28,988 - rlhf_trainer - WARNING - Early stopping due to large KL divergence: 241432711397376.0
2025-12-06 02:06:31,408 - rlhf_trainer - WARNING - Early stopping due to large KL divergence: 2387.738037109375
2025-12-06 02:06:33,823 - rlhf_trainer - WARNING - Early stopping due to large KL divergence: 1.2873740196228027
2025-12-06 02:06:36,599 - rlhf_trainer - WARNING - Early stopping due to large KL divergence: 1.890065312385559
2025-12-06 02:06:39,334 - rlhf_trainer - WARNING - Early stopping due to large KL divergence: 3.151864528656006
2025-12-06 02:06:39,337 - utils - INFO - Step 730:
2025-12-06 02:06:39,337 - utils - INFO -   Policy Loss: 0.0000
2025-12-06 02:06:39,337 - utils - INFO -   Value Loss: 0.1774
2025-12-06 02:06:39,337 - utils - INFO -   Reward Mean: -0.0000
2025-12-06 02:06:39,337 - utils - INFO -   KL Divergence: 0.0000
2025-12-06 02:06:41,701 - rlhf_trainer - WARNING - Early stopping due to large KL divergence: 7.15312385559082
2025-12-06 02:06:44,094 - rlhf_trainer - WARNING - Early stopping due to large KL divergence: 3.8684916496276855
2025-12-06 02:06:46,423 - rlhf_trainer - WARNING - Early stopping due to large KL divergence: 4.980586051940918
2025-12-06 02:06:48,787 - rlhf_trainer - WARNING - Early stopping due to large KL divergence: 2.8052420616149902
2025-12-06 02:06:51,210 - rlhf_trainer - WARNING - Early stopping due to large KL divergence: 3.780136823654175
2025-12-06 02:06:53,583 - rlhf_trainer - WARNING - Early stopping due to large KL divergence: 2.2731282711029053
2025-12-06 02:06:55,976 - rlhf_trainer - WARNING - Early stopping due to large KL divergence: 0.5945614576339722
2025-12-06 02:06:58,341 - rlhf_trainer - WARNING - Early stopping due to large KL divergence: 1.6978485584259033
2025-12-06 02:07:01,791 - rlhf_trainer - WARNING - Early stopping due to large KL divergence: 2772.12548828125
2025-12-06 02:07:04,795 - rlhf_trainer - WARNING - Early stopping due to large KL divergence: 8.67216682434082
2025-12-06 02:07:04,798 - utils - INFO - Step 740:
2025-12-06 02:07:04,799 - utils - INFO -   Policy Loss: 0.0000
2025-12-06 02:07:04,799 - utils - INFO -   Value Loss: 0.1287
2025-12-06 02:07:04,799 - utils - INFO -   Reward Mean: 0.0000
2025-12-06 02:07:04,799 - utils - INFO -   KL Divergence: 0.0000
2025-12-06 02:07:07,197 - rlhf_trainer - WARNING - Early stopping due to large KL divergence: 2.2561652660369873
2025-12-06 02:07:09,892 - rlhf_trainer - WARNING - Early stopping due to large KL divergence: 6.465790748596191
2025-12-06 02:07:12,280 - rlhf_trainer - WARNING - Early stopping due to large KL divergence: 2.60085391998291
2025-12-06 02:07:14,628 - rlhf_trainer - WARNING - Early stopping due to large KL divergence: 1.6930772066116333
2025-12-06 02:07:17,958 - rlhf_trainer - WARNING - Early stopping due to large KL divergence: 151.1033477783203
2025-12-06 02:07:20,411 - rlhf_trainer - WARNING - Early stopping due to large KL divergence: 256.6391906738281
2025-12-06 02:07:22,812 - rlhf_trainer - WARNING - Early stopping due to large KL divergence: 5356558.5
2025-12-06 02:07:25,196 - rlhf_trainer - WARNING - Early stopping due to large KL divergence: 21.54773712158203
2025-12-06 02:07:27,788 - rlhf_trainer - WARNING - Early stopping due to large KL divergence: 0.27994924783706665
2025-12-06 02:07:30,169 - rlhf_trainer - WARNING - Early stopping due to large KL divergence: 1.3996801376342773
2025-12-06 02:07:30,173 - utils - INFO - Step 750:
2025-12-06 02:07:30,173 - utils - INFO -   Policy Loss: 0.0000
2025-12-06 02:07:30,173 - utils - INFO -   Value Loss: 0.2124
2025-12-06 02:07:30,173 - utils - INFO -   Reward Mean: -0.0000
2025-12-06 02:07:30,173 - utils - INFO -   KL Divergence: 0.0000
2025-12-06 02:07:32,498 - rlhf_trainer - WARNING - Early stopping due to large KL divergence: 6.2150559425354
2025-12-06 02:07:36,760 - rlhf_trainer - WARNING - Early stopping due to large KL divergence: 41.681827545166016
2025-12-06 02:07:39,508 - rlhf_trainer - WARNING - Early stopping due to large KL divergence: 2.0700013637542725
2025-12-06 02:07:41,891 - rlhf_trainer - WARNING - Early stopping due to large KL divergence: 2.161801338195801
2025-12-06 02:07:44,289 - rlhf_trainer - WARNING - Early stopping due to large KL divergence: 4.222157955169678
2025-12-06 02:07:46,612 - rlhf_trainer - WARNING - Early stopping due to large KL divergence: 1.0852957963943481
2025-12-06 02:07:49,369 - rlhf_trainer - WARNING - Early stopping due to large KL divergence: 3.5927371978759766
2025-12-06 02:07:52,150 - rlhf_trainer - WARNING - Early stopping due to large KL divergence: 2.5438811779022217
2025-12-06 02:07:54,495 - rlhf_trainer - WARNING - Early stopping due to large KL divergence: 6.3494768142700195
2025-12-06 02:07:56,851 - rlhf_trainer - WARNING - Early stopping due to large KL divergence: 4.014216423034668
2025-12-06 02:07:56,854 - utils - INFO - Step 760:
2025-12-06 02:07:56,855 - utils - INFO -   Policy Loss: 0.0000
2025-12-06 02:07:56,855 - utils - INFO -   Value Loss: 0.1733
2025-12-06 02:07:56,855 - utils - INFO -   Reward Mean: -0.0000
2025-12-06 02:07:56,855 - utils - INFO -   KL Divergence: 0.0000
2025-12-06 02:07:59,593 - rlhf_trainer - WARNING - Early stopping due to large KL divergence: 3.63002347946167
2025-12-06 02:08:01,961 - rlhf_trainer - WARNING - Early stopping due to large KL divergence: 7.014085292816162
2025-12-06 02:08:04,369 - rlhf_trainer - WARNING - Early stopping due to large KL divergence: 61.78847122192383
2025-12-06 02:08:06,781 - rlhf_trainer - WARNING - Early stopping due to large KL divergence: 5.23164701461792
2025-12-06 02:08:09,142 - rlhf_trainer - WARNING - Early stopping due to large KL divergence: 550.932373046875
2025-12-06 02:08:11,534 - rlhf_trainer - WARNING - Early stopping due to large KL divergence: 3.5723752975463867
2025-12-06 02:08:13,884 - rlhf_trainer - WARNING - Early stopping due to large KL divergence: 4.722054481506348
2025-12-06 02:08:16,393 - rlhf_trainer - WARNING - Early stopping due to large KL divergence: 2.6805686950683594
2025-12-06 02:08:19,248 - rlhf_trainer - WARNING - Early stopping due to large KL divergence: 4.771389961242676
2025-12-06 02:08:22,168 - rlhf_trainer - WARNING - Early stopping due to large KL divergence: 4.959232330322266
2025-12-06 02:08:22,171 - utils - INFO - Step 770:
2025-12-06 02:08:22,171 - utils - INFO -   Policy Loss: 0.0000
2025-12-06 02:08:22,171 - utils - INFO -   Value Loss: 0.2292
2025-12-06 02:08:22,171 - utils - INFO -   Reward Mean: -0.0000
2025-12-06 02:08:22,171 - utils - INFO -   KL Divergence: 0.0000
2025-12-06 02:08:25,098 - rlhf_trainer - WARNING - Early stopping due to large KL divergence: 2040581.875
2025-12-06 02:08:27,455 - rlhf_trainer - WARNING - Early stopping due to large KL divergence: 13.654278755187988
2025-12-06 02:08:29,823 - rlhf_trainer - WARNING - Early stopping due to large KL divergence: 0.5332711338996887
2025-12-06 02:08:32,365 - rlhf_trainer - WARNING - Early stopping due to large KL divergence: 1.1709887981414795
2025-12-06 02:08:37,249 - rlhf_trainer - WARNING - Early stopping due to large KL divergence: 1.153860054769191e+22
2025-12-06 02:08:39,598 - rlhf_trainer - WARNING - Early stopping due to large KL divergence: 2.3091366291046143
2025-12-06 02:08:41,960 - rlhf_trainer - WARNING - Early stopping due to large KL divergence: 1.7886676788330078
2025-12-06 02:08:44,325 - rlhf_trainer - WARNING - Early stopping due to large KL divergence: 3.4465560913085938
2025-12-06 02:08:46,717 - rlhf_trainer - WARNING - Early stopping due to large KL divergence: 6.3070526123046875
2025-12-06 02:08:49,085 - rlhf_trainer - WARNING - Early stopping due to large KL divergence: 1.6912420988082886
2025-12-06 02:08:49,089 - utils - INFO - Step 780:
2025-12-06 02:08:49,089 - utils - INFO -   Policy Loss: 0.0000
2025-12-06 02:08:49,089 - utils - INFO -   Value Loss: 0.1274
2025-12-06 02:08:49,089 - utils - INFO -   Reward Mean: -0.0000
2025-12-06 02:08:49,089 - utils - INFO -   KL Divergence: 0.0000
2025-12-06 02:08:51,461 - rlhf_trainer - WARNING - Early stopping due to large KL divergence: 269301.53125
2025-12-06 02:08:53,817 - rlhf_trainer - WARNING - Early stopping due to large KL divergence: 2.490262508392334
2025-12-06 02:08:56,844 - rlhf_trainer - WARNING - Early stopping due to large KL divergence: 1.8281490499711795e+17
2025-12-06 02:08:59,179 - rlhf_trainer - WARNING - Early stopping due to large KL divergence: 1.983424186706543
2025-12-06 02:09:02,137 - rlhf_trainer - WARNING - Early stopping due to large KL divergence: 1502.2686767578125
2025-12-06 02:09:05,151 - rlhf_trainer - WARNING - Early stopping due to large KL divergence: 3.2091684341430664
2025-12-06 02:09:07,499 - rlhf_trainer - WARNING - Early stopping due to large KL divergence: 3.3346495628356934
2025-12-06 02:09:09,961 - rlhf_trainer - WARNING - Early stopping due to large KL divergence: 34.33469009399414
2025-12-06 02:09:13,000 - rlhf_trainer - WARNING - Early stopping due to large KL divergence: 4.762407302856445
2025-12-06 02:09:15,375 - rlhf_trainer - WARNING - Early stopping due to large KL divergence: 1.253689169883728
2025-12-06 02:09:15,378 - utils - INFO - Step 790:
2025-12-06 02:09:15,378 - utils - INFO -   Policy Loss: 0.0000
2025-12-06 02:09:15,378 - utils - INFO -   Value Loss: 0.5477
2025-12-06 02:09:15,378 - utils - INFO -   Reward Mean: -0.0000
2025-12-06 02:09:15,378 - utils - INFO -   KL Divergence: 0.0000
2025-12-06 02:09:17,730 - rlhf_trainer - WARNING - Early stopping due to large KL divergence: 1.4283865690231323
2025-12-06 02:09:20,151 - rlhf_trainer - WARNING - Early stopping due to large KL divergence: 55.41227722167969
2025-12-06 02:09:22,545 - rlhf_trainer - WARNING - Early stopping due to large KL divergence: 2.156050443649292
2025-12-06 02:09:25,056 - rlhf_trainer - WARNING - Early stopping due to large KL divergence: 1.5952467918395996
2025-12-06 02:09:27,396 - rlhf_trainer - WARNING - Early stopping due to large KL divergence: 4.839845657348633
2025-12-06 02:09:29,749 - rlhf_trainer - WARNING - Early stopping due to large KL divergence: 1.6422319412231445
2025-12-06 02:09:32,167 - rlhf_trainer - WARNING - Early stopping due to large KL divergence: 7.899977207183838
2025-12-06 02:09:34,556 - rlhf_trainer - WARNING - Early stopping due to large KL divergence: 1.6010072231292725
2025-12-06 02:09:36,888 - rlhf_trainer - WARNING - Early stopping due to large KL divergence: 9.586014747619629
2025-12-06 02:09:39,245 - rlhf_trainer - WARNING - Early stopping due to large KL divergence: 1.5532176494598389
2025-12-06 02:09:39,248 - utils - INFO - Step 800:
2025-12-06 02:09:39,248 - utils - INFO -   Policy Loss: 0.0000
2025-12-06 02:09:39,249 - utils - INFO -   Value Loss: 0.1729
2025-12-06 02:09:39,249 - utils - INFO -   Reward Mean: -0.0000
2025-12-06 02:09:39,249 - utils - INFO -   KL Divergence: 0.0000
2025-12-06 02:09:41,640 - rlhf_trainer - WARNING - Early stopping due to large KL divergence: 1.4795562028884888
2025-12-06 02:09:44,013 - rlhf_trainer - WARNING - Early stopping due to large KL divergence: 2.2703521251678467
2025-12-06 02:09:46,372 - rlhf_trainer - WARNING - Early stopping due to large KL divergence: 3.6211562156677246
2025-12-06 02:09:48,720 - rlhf_trainer - WARNING - Early stopping due to large KL divergence: 2.3128185272216797
2025-12-06 02:09:51,104 - rlhf_trainer - WARNING - Early stopping due to large KL divergence: 5.157589912414551
2025-12-06 02:09:53,446 - rlhf_trainer - WARNING - Early stopping due to large KL divergence: 2.7682113647460938
2025-12-06 02:09:55,785 - rlhf_trainer - WARNING - Early stopping due to large KL divergence: 9.18051528930664
2025-12-06 02:09:58,288 - rlhf_trainer - WARNING - Early stopping due to large KL divergence: 3.4039359092712402
2025-12-06 02:10:00,723 - rlhf_trainer - WARNING - Early stopping due to large KL divergence: 4.174998760223389
2025-12-06 02:10:03,111 - rlhf_trainer - WARNING - Early stopping due to large KL divergence: 319.1439514160156
2025-12-06 02:10:03,114 - utils - INFO - Step 810:
2025-12-06 02:10:03,114 - utils - INFO -   Policy Loss: -0.0000
2025-12-06 02:10:03,114 - utils - INFO -   Value Loss: 0.1668
2025-12-06 02:10:03,114 - utils - INFO -   Reward Mean: -0.0000
2025-12-06 02:10:03,114 - utils - INFO -   KL Divergence: 0.0000
2025-12-06 02:10:05,455 - rlhf_trainer - WARNING - Early stopping due to large KL divergence: 69757.5546875
2025-12-06 02:10:07,809 - rlhf_trainer - WARNING - Early stopping due to large KL divergence: 2.161259174346924
2025-12-06 02:10:10,811 - rlhf_trainer - WARNING - Early stopping due to large KL divergence: 118021.90625
2025-12-06 02:10:13,243 - rlhf_trainer - WARNING - Early stopping due to large KL divergence: 2.0022878646850586
2025-12-06 02:10:15,586 - rlhf_trainer - WARNING - Early stopping due to large KL divergence: 2.2695343494415283
2025-12-06 02:10:18,029 - rlhf_trainer - WARNING - Early stopping due to large KL divergence: 158.1564178466797
2025-12-06 02:10:20,421 - rlhf_trainer - WARNING - Early stopping due to large KL divergence: 1.240861415863037
2025-12-06 02:10:22,807 - rlhf_trainer - WARNING - Early stopping due to large KL divergence: 3.30728816986084
2025-12-06 02:10:25,167 - rlhf_trainer - WARNING - Early stopping due to large KL divergence: 7.44524621963501
2025-12-06 02:10:27,545 - rlhf_trainer - WARNING - Early stopping due to large KL divergence: 9.330159187316895
2025-12-06 02:10:27,548 - utils - INFO - Step 820:
2025-12-06 02:10:27,548 - utils - INFO -   Policy Loss: 0.0000
2025-12-06 02:10:27,548 - utils - INFO -   Value Loss: 0.1437
2025-12-06 02:10:27,548 - utils - INFO -   Reward Mean: -0.0000
2025-12-06 02:10:27,548 - utils - INFO -   KL Divergence: 0.0000
2025-12-06 02:10:30,091 - rlhf_trainer - WARNING - Early stopping due to large KL divergence: 2.3696036338806152
2025-12-06 02:10:33,614 - rlhf_trainer - WARNING - Early stopping due to large KL divergence: 21.10481071472168
2025-12-06 02:10:35,956 - rlhf_trainer - WARNING - Early stopping due to large KL divergence: 3.6732616424560547
2025-12-06 02:10:38,340 - rlhf_trainer - WARNING - Early stopping due to large KL divergence: 170.2904510498047
2025-12-06 02:10:40,699 - rlhf_trainer - WARNING - Early stopping due to large KL divergence: 1.084566593170166
2025-12-06 02:10:43,102 - rlhf_trainer - WARNING - Early stopping due to large KL divergence: 9.421040534973145
2025-12-06 02:10:46,904 - rlhf_trainer - WARNING - Early stopping due to large KL divergence: 3481.292724609375
2025-12-06 02:10:49,264 - rlhf_trainer - WARNING - Early stopping due to large KL divergence: 461883572224.0
2025-12-06 02:10:51,644 - rlhf_trainer - WARNING - Early stopping due to large KL divergence: 1.5215696096420288
2025-12-06 02:10:54,738 - rlhf_trainer - WARNING - Early stopping due to large KL divergence: 1.89338348716399e+18
2025-12-06 02:10:54,742 - utils - INFO - Step 830:
2025-12-06 02:10:54,742 - utils - INFO -   Policy Loss: 0.0000
2025-12-06 02:10:54,742 - utils - INFO -   Value Loss: 0.2124
2025-12-06 02:10:54,742 - utils - INFO -   Reward Mean: 0.0000
2025-12-06 02:10:54,742 - utils - INFO -   KL Divergence: 0.0000
2025-12-06 02:10:57,114 - rlhf_trainer - WARNING - Early stopping due to large KL divergence: 1.9663074016571045
2025-12-06 02:10:59,459 - rlhf_trainer - WARNING - Early stopping due to large KL divergence: 1.730419397354126
2025-12-06 02:11:02,555 - rlhf_trainer - WARNING - Early stopping due to large KL divergence: 452636608.0
2025-12-06 02:11:05,484 - rlhf_trainer - WARNING - Early stopping due to large KL divergence: 8931.990234375
2025-12-06 02:11:07,866 - rlhf_trainer - WARNING - Early stopping due to large KL divergence: 1.6644448041915894
2025-12-06 02:11:11,105 - rlhf_trainer - WARNING - Early stopping due to large KL divergence: 44860900.0
2025-12-06 02:11:13,479 - rlhf_trainer - WARNING - Early stopping due to large KL divergence: 3.008284330368042
2025-12-06 02:11:15,878 - rlhf_trainer - WARNING - Early stopping due to large KL divergence: 3.8930234909057617
2025-12-06 02:11:18,252 - rlhf_trainer - WARNING - Early stopping due to large KL divergence: 4.340785503387451
2025-12-06 02:11:20,654 - rlhf_trainer - WARNING - Early stopping due to large KL divergence: 5.248819828033447
2025-12-06 02:11:20,657 - utils - INFO - Step 840:
2025-12-06 02:11:20,657 - utils - INFO -   Policy Loss: 0.0000
2025-12-06 02:11:20,657 - utils - INFO -   Value Loss: 0.1998
2025-12-06 02:11:20,657 - utils - INFO -   Reward Mean: 0.0000
2025-12-06 02:11:20,657 - utils - INFO -   KL Divergence: 0.0000
2025-12-06 02:11:23,238 - rlhf_trainer - WARNING - Early stopping due to large KL divergence: 139.71932983398438
2025-12-06 02:11:25,571 - rlhf_trainer - WARNING - Early stopping due to large KL divergence: 13.28685188293457
2025-12-06 02:11:27,896 - rlhf_trainer - WARNING - Early stopping due to large KL divergence: 1.257380485534668
2025-12-06 02:11:30,567 - rlhf_trainer - WARNING - Early stopping due to large KL divergence: 2.4357268810272217
2025-12-06 02:11:33,475 - rlhf_trainer - WARNING - Early stopping due to large KL divergence: 18910495637504.0
2025-12-06 02:11:35,972 - rlhf_trainer - WARNING - Early stopping due to large KL divergence: 56804167680.0
2025-12-06 02:11:38,327 - rlhf_trainer - WARNING - Early stopping due to large KL divergence: 0.8313682079315186
2025-12-06 02:11:40,663 - rlhf_trainer - WARNING - Early stopping due to large KL divergence: 1.88116455078125
2025-12-06 02:11:43,071 - rlhf_trainer - WARNING - Early stopping due to large KL divergence: 4.800964832305908
2025-12-06 02:11:45,498 - rlhf_trainer - WARNING - Early stopping due to large KL divergence: 9.73384952545166
2025-12-06 02:11:45,501 - utils - INFO - Step 850:
2025-12-06 02:11:45,501 - utils - INFO -   Policy Loss: -0.0000
2025-12-06 02:11:45,501 - utils - INFO -   Value Loss: 0.1831
2025-12-06 02:11:45,501 - utils - INFO -   Reward Mean: 0.0000
2025-12-06 02:11:45,501 - utils - INFO -   KL Divergence: 0.0000
2025-12-06 02:11:47,885 - rlhf_trainer - WARNING - Early stopping due to large KL divergence: 9.103607177734375
2025-12-06 02:11:50,264 - rlhf_trainer - WARNING - Early stopping due to large KL divergence: 8.12543773651123
2025-12-06 02:11:52,630 - rlhf_trainer - WARNING - Early stopping due to large KL divergence: 2.8628435134887695
2025-12-06 02:11:55,007 - rlhf_trainer - WARNING - Early stopping due to large KL divergence: 4.496257781982422
2025-12-06 02:11:57,396 - rlhf_trainer - WARNING - Early stopping due to large KL divergence: 6.098494052886963
2025-12-06 02:11:59,717 - rlhf_trainer - WARNING - Early stopping due to large KL divergence: 2.5677218437194824
2025-12-06 02:12:02,080 - rlhf_trainer - WARNING - Early stopping due to large KL divergence: 4.869185924530029
2025-12-06 02:12:05,132 - rlhf_trainer - WARNING - Early stopping due to large KL divergence: 2.514014720916748
2025-12-06 02:12:08,231 - rlhf_trainer - WARNING - Early stopping due to large KL divergence: 3.117375373840332
2025-12-06 02:12:10,629 - rlhf_trainer - WARNING - Early stopping due to large KL divergence: 2.8014750480651855
2025-12-06 02:12:10,632 - utils - INFO - Step 860:
2025-12-06 02:12:10,633 - utils - INFO -   Policy Loss: 0.0000
2025-12-06 02:12:10,633 - utils - INFO -   Value Loss: 0.1914
2025-12-06 02:12:10,633 - utils - INFO -   Reward Mean: -0.0000
2025-12-06 02:12:10,633 - utils - INFO -   KL Divergence: 0.0000
2025-12-06 02:12:13,037 - rlhf_trainer - WARNING - Early stopping due to large KL divergence: 3.5883359909057617
2025-12-06 02:12:15,398 - rlhf_trainer - WARNING - Early stopping due to large KL divergence: 4.379175186157227
2025-12-06 02:12:17,783 - rlhf_trainer - WARNING - Early stopping due to large KL divergence: 1.3850983381271362
2025-12-06 02:12:20,150 - rlhf_trainer - WARNING - Early stopping due to large KL divergence: 2.564316511154175
2025-12-06 02:12:22,587 - rlhf_trainer - WARNING - Early stopping due to large KL divergence: 2.770677328109741
2025-12-06 02:12:25,022 - rlhf_trainer - WARNING - Early stopping due to large KL divergence: 9.471105575561523
2025-12-06 02:12:27,503 - rlhf_trainer - WARNING - Early stopping due to large KL divergence: 0.051529139280319214
2025-12-06 02:12:31,065 - rlhf_trainer - WARNING - Early stopping due to large KL divergence: 9.012073516845703
2025-12-06 02:12:33,542 - rlhf_trainer - WARNING - Early stopping due to large KL divergence: 1.1475685834884644
2025-12-06 02:12:35,950 - rlhf_trainer - WARNING - Early stopping due to large KL divergence: 42.42276382446289
2025-12-06 02:12:35,953 - utils - INFO - Step 870:
2025-12-06 02:12:35,953 - utils - INFO -   Policy Loss: -0.0000
2025-12-06 02:12:35,953 - utils - INFO -   Value Loss: 0.2617
2025-12-06 02:12:35,953 - utils - INFO -   Reward Mean: -0.0000
2025-12-06 02:12:35,953 - utils - INFO -   KL Divergence: 0.0000
2025-12-06 02:12:39,149 - rlhf_trainer - WARNING - Early stopping due to large KL divergence: 4.091850280761719
2025-12-06 02:12:42,943 - rlhf_trainer - WARNING - Early stopping due to large KL divergence: 44.960365295410156
2025-12-06 02:12:45,495 - rlhf_trainer - WARNING - Early stopping due to large KL divergence: 0.8706321716308594
2025-12-06 02:12:47,858 - rlhf_trainer - WARNING - Early stopping due to large KL divergence: 1.7640011310577393
2025-12-06 02:12:50,255 - rlhf_trainer - WARNING - Early stopping due to large KL divergence: 2.817904472351074
2025-12-06 02:12:52,613 - rlhf_trainer - WARNING - Early stopping due to large KL divergence: 1.8186590671539307
2025-12-06 02:12:54,964 - rlhf_trainer - WARNING - Early stopping due to large KL divergence: 2.517247200012207
2025-12-06 02:12:57,322 - rlhf_trainer - WARNING - Early stopping due to large KL divergence: 4.592016220092773
2025-12-06 02:12:59,688 - rlhf_trainer - WARNING - Early stopping due to large KL divergence: 0.32044243812561035
2025-12-06 02:13:02,066 - rlhf_trainer - WARNING - Early stopping due to large KL divergence: 29.40446662902832
2025-12-06 02:13:02,070 - utils - INFO - Step 880:
2025-12-06 02:13:02,070 - utils - INFO -   Policy Loss: 0.0000
2025-12-06 02:13:02,070 - utils - INFO -   Value Loss: 0.2654
2025-12-06 02:13:02,070 - utils - INFO -   Reward Mean: 0.0000
2025-12-06 02:13:02,070 - utils - INFO -   KL Divergence: 0.0000
2025-12-06 02:13:03,907 - rlhf_trainer - WARNING - Early stopping due to large KL divergence: 0.04100234806537628
2025-12-06 02:13:06,250 - rlhf_trainer - WARNING - Early stopping due to large KL divergence: 1.882652997970581
2025-12-06 02:13:08,683 - rlhf_trainer - WARNING - Early stopping due to large KL divergence: 4.103447914123535
2025-12-06 02:13:11,130 - rlhf_trainer - WARNING - Early stopping due to large KL divergence: 1.804490327835083
2025-12-06 02:13:13,512 - rlhf_trainer - WARNING - Early stopping due to large KL divergence: 3.999257802963257
2025-12-06 02:13:15,861 - rlhf_trainer - WARNING - Early stopping due to large KL divergence: 550.9448852539062
2025-12-06 02:13:18,242 - rlhf_trainer - WARNING - Early stopping due to large KL divergence: 4.650640487670898
2025-12-06 02:13:21,041 - rlhf_trainer - WARNING - Early stopping due to large KL divergence: 6.952444076538086
2025-12-06 02:13:23,415 - rlhf_trainer - WARNING - Early stopping due to large KL divergence: 0.09264390170574188
2025-12-06 02:13:26,157 - rlhf_trainer - WARNING - Early stopping due to large KL divergence: 4.66139554977417
2025-12-06 02:13:26,160 - utils - INFO - Step 890:
2025-12-06 02:13:26,160 - utils - INFO -   Policy Loss: 0.0000
2025-12-06 02:13:26,160 - utils - INFO -   Value Loss: 0.2580
2025-12-06 02:13:26,160 - utils - INFO -   Reward Mean: 0.0000
2025-12-06 02:13:26,160 - utils - INFO -   KL Divergence: 0.0000
2025-12-06 02:13:28,896 - rlhf_trainer - WARNING - Early stopping due to large KL divergence: 2.964146137237549
2025-12-06 02:13:31,364 - rlhf_trainer - WARNING - Early stopping due to large KL divergence: 3.70047926902771
2025-12-06 02:13:34,200 - rlhf_trainer - WARNING - Early stopping due to large KL divergence: 18.146955490112305
2025-12-06 02:13:36,938 - rlhf_trainer - WARNING - Early stopping due to large KL divergence: 2.2028489112854004
2025-12-06 02:13:39,303 - rlhf_trainer - WARNING - Early stopping due to large KL divergence: 2.800981044769287
2025-12-06 02:13:41,727 - rlhf_trainer - WARNING - Early stopping due to large KL divergence: 2.317917823791504
2025-12-06 02:13:44,161 - rlhf_trainer - WARNING - Early stopping due to large KL divergence: 0.06377547979354858
2025-12-06 02:13:46,568 - rlhf_trainer - WARNING - Early stopping due to large KL divergence: 0.04791787266731262
2025-12-06 02:13:48,927 - rlhf_trainer - WARNING - Early stopping due to large KL divergence: 1.1441471576690674
2025-12-06 02:13:51,287 - rlhf_trainer - WARNING - Early stopping due to large KL divergence: 1.7795236110687256
2025-12-06 02:13:51,290 - utils - INFO - Step 900:
2025-12-06 02:13:51,290 - utils - INFO -   Policy Loss: 0.0000
2025-12-06 02:13:51,290 - utils - INFO -   Value Loss: 0.1268
2025-12-06 02:13:51,290 - utils - INFO -   Reward Mean: 0.0000
2025-12-06 02:13:51,290 - utils - INFO -   KL Divergence: 0.0000
2025-12-06 02:13:53,646 - rlhf_trainer - WARNING - Early stopping due to large KL divergence: 1.6311010122299194
2025-12-06 02:13:56,012 - rlhf_trainer - WARNING - Early stopping due to large KL divergence: 211.36941528320312
2025-12-06 02:13:58,396 - rlhf_trainer - WARNING - Early stopping due to large KL divergence: 15.908944129943848
2025-12-06 02:14:00,920 - rlhf_trainer - WARNING - Early stopping due to large KL divergence: 3.1507387161254883
2025-12-06 02:14:03,265 - rlhf_trainer - WARNING - Early stopping due to large KL divergence: 8.388888359069824
2025-12-06 02:14:05,691 - rlhf_trainer - WARNING - Early stopping due to large KL divergence: 0.04903298616409302
2025-12-06 02:14:08,003 - rlhf_trainer - WARNING - Early stopping due to large KL divergence: 2.5064096450805664
2025-12-06 02:14:10,441 - rlhf_trainer - WARNING - Early stopping due to large KL divergence: 334.019775390625
2025-12-06 02:14:12,808 - rlhf_trainer - WARNING - Early stopping due to large KL divergence: 8.533443450927734
2025-12-06 02:14:15,250 - rlhf_trainer - WARNING - Early stopping due to large KL divergence: 1.2271214723587036
2025-12-06 02:14:15,253 - utils - INFO - Step 910:
2025-12-06 02:14:15,253 - utils - INFO -   Policy Loss: 0.0000
2025-12-06 02:14:15,253 - utils - INFO -   Value Loss: 0.3526
2025-12-06 02:14:15,253 - utils - INFO -   Reward Mean: 0.0000
2025-12-06 02:14:15,253 - utils - INFO -   KL Divergence: 0.0000
2025-12-06 02:14:17,592 - rlhf_trainer - WARNING - Early stopping due to large KL divergence: 760.8329467773438
2025-12-06 02:14:20,023 - rlhf_trainer - WARNING - Early stopping due to large KL divergence: 80527.671875
2025-12-06 02:14:22,402 - rlhf_trainer - WARNING - Early stopping due to large KL divergence: 0.5198531150817871
2025-12-06 02:14:24,752 - rlhf_trainer - WARNING - Early stopping due to large KL divergence: 288.1540832519531
2025-12-06 02:14:27,165 - rlhf_trainer - WARNING - Early stopping due to large KL divergence: 1.455315113067627
2025-12-06 02:14:29,512 - rlhf_trainer - WARNING - Early stopping due to large KL divergence: 0.585830569267273
2025-12-06 02:14:31,907 - rlhf_trainer - WARNING - Early stopping due to large KL divergence: 0.03152984380722046
2025-12-06 02:14:34,732 - rlhf_trainer - WARNING - Early stopping due to large KL divergence: 1.6568200588226318
2025-12-06 02:14:37,126 - rlhf_trainer - WARNING - Early stopping due to large KL divergence: 0.8527045845985413
2025-12-06 02:14:39,847 - rlhf_trainer - WARNING - Early stopping due to large KL divergence: 0.05983869731426239
2025-12-06 02:14:39,850 - utils - INFO - Step 920:
2025-12-06 02:14:39,851 - utils - INFO -   Policy Loss: -0.0239
2025-12-06 02:14:39,851 - utils - INFO -   Value Loss: 0.3502
2025-12-06 02:14:39,851 - utils - INFO -   Reward Mean: -0.0000
2025-12-06 02:14:39,851 - utils - INFO -   KL Divergence: 0.0032
2025-12-06 02:14:42,299 - rlhf_trainer - WARNING - Early stopping due to large KL divergence: 0.05069413781166077
2025-12-06 02:14:44,725 - rlhf_trainer - WARNING - Early stopping due to large KL divergence: 0.07554665207862854
2025-12-06 02:14:47,153 - rlhf_trainer - WARNING - Early stopping due to large KL divergence: 10082583576576.0
2025-12-06 02:14:49,484 - rlhf_trainer - WARNING - Early stopping due to large KL divergence: 0.7540002465248108
2025-12-06 02:14:51,865 - rlhf_trainer - WARNING - Early stopping due to large KL divergence: 4.878664970397949
2025-12-06 02:14:54,213 - rlhf_trainer - WARNING - Early stopping due to large KL divergence: 80.70750427246094
2025-12-06 02:14:56,564 - rlhf_trainer - WARNING - Early stopping due to large KL divergence: 4.965100288391113
2025-12-06 02:14:58,952 - rlhf_trainer - WARNING - Early stopping due to large KL divergence: 1.245958685874939
2025-12-06 02:15:01,336 - rlhf_trainer - WARNING - Early stopping due to large KL divergence: 1.1532238721847534
2025-12-06 02:15:03,731 - rlhf_trainer - WARNING - Early stopping due to large KL divergence: 3.480109691619873
2025-12-06 02:15:03,735 - utils - INFO - Step 930:
2025-12-06 02:15:03,735 - utils - INFO -   Policy Loss: 0.0000
2025-12-06 02:15:03,735 - utils - INFO -   Value Loss: 0.1368
2025-12-06 02:15:03,735 - utils - INFO -   Reward Mean: 0.0000
2025-12-06 02:15:03,736 - utils - INFO -   KL Divergence: 0.0000
2025-12-06 02:15:06,205 - rlhf_trainer - WARNING - Early stopping due to large KL divergence: 1.6115272045135498
2025-12-06 02:15:08,610 - rlhf_trainer - WARNING - Early stopping due to large KL divergence: 4.1872172355651855
2025-12-06 02:15:11,190 - rlhf_trainer - WARNING - Early stopping due to large KL divergence: 2.6697425842285156
2025-12-06 02:15:13,686 - rlhf_trainer - WARNING - Early stopping due to large KL divergence: 1.3705734014511108
2025-12-06 02:15:16,125 - rlhf_trainer - WARNING - Early stopping due to large KL divergence: 0.03647434711456299
2025-12-06 02:15:18,547 - rlhf_trainer - WARNING - Early stopping due to large KL divergence: 1.274661898612976
2025-12-06 02:15:21,057 - rlhf_trainer - WARNING - Early stopping due to large KL divergence: 0.03934580087661743
2025-12-06 02:15:23,580 - rlhf_trainer - WARNING - Early stopping due to large KL divergence: 290.2475891113281
2025-12-06 02:15:25,905 - rlhf_trainer - WARNING - Early stopping due to large KL divergence: 1.8424097299575806
2025-12-06 02:15:28,220 - rlhf_trainer - WARNING - Early stopping due to large KL divergence: 1.6168949604034424
2025-12-06 02:15:28,223 - utils - INFO - Step 940:
2025-12-06 02:15:28,223 - utils - INFO -   Policy Loss: 0.0000
2025-12-06 02:15:28,223 - utils - INFO -   Value Loss: 0.1883
2025-12-06 02:15:28,224 - utils - INFO -   Reward Mean: 0.0000
2025-12-06 02:15:28,224 - utils - INFO -   KL Divergence: 0.0000
2025-12-06 02:15:30,596 - rlhf_trainer - WARNING - Early stopping due to large KL divergence: 4.563442707061768
2025-12-06 02:15:33,036 - rlhf_trainer - WARNING - Early stopping due to large KL divergence: 0.05872948467731476
2025-12-06 02:15:35,432 - rlhf_trainer - WARNING - Early stopping due to large KL divergence: 4.479388236999512
2025-12-06 02:15:37,828 - rlhf_trainer - WARNING - Early stopping due to large KL divergence: 1.656627893447876
2025-12-06 02:15:41,046 - rlhf_trainer - WARNING - Early stopping due to large KL divergence: 7.736999034881592
2025-12-06 02:15:43,388 - rlhf_trainer - WARNING - Early stopping due to large KL divergence: 4.988714694976807
2025-12-06 02:15:45,795 - rlhf_trainer - WARNING - Early stopping due to large KL divergence: 0.7921990156173706
2025-12-06 02:15:48,197 - rlhf_trainer - WARNING - Early stopping due to large KL divergence: 2.207550525665283
2025-12-06 02:15:50,538 - rlhf_trainer - WARNING - Early stopping due to large KL divergence: 1.6384470462799072
2025-12-06 02:15:52,909 - rlhf_trainer - WARNING - Early stopping due to large KL divergence: 5.452424049377441
2025-12-06 02:15:52,912 - utils - INFO - Step 950:
2025-12-06 02:15:52,912 - utils - INFO -   Policy Loss: 0.0000
2025-12-06 02:15:52,912 - utils - INFO -   Value Loss: 0.2028
2025-12-06 02:15:52,912 - utils - INFO -   Reward Mean: 0.0000
2025-12-06 02:15:52,912 - utils - INFO -   KL Divergence: 0.0000
2025-12-06 02:15:55,342 - rlhf_trainer - WARNING - Early stopping due to large KL divergence: 0.06649723649024963
2025-12-06 02:15:57,694 - rlhf_trainer - WARNING - Early stopping due to large KL divergence: 6.943825721740723
2025-12-06 02:16:00,050 - rlhf_trainer - WARNING - Early stopping due to large KL divergence: 1.4873384237289429
2025-12-06 02:16:02,389 - rlhf_trainer - WARNING - Early stopping due to large KL divergence: 4.817944526672363
2025-12-06 02:16:04,814 - rlhf_trainer - WARNING - Early stopping due to large KL divergence: 0.7423562407493591
2025-12-06 02:16:07,194 - rlhf_trainer - WARNING - Early stopping due to large KL divergence: 1.8692306280136108
2025-12-06 02:16:09,604 - rlhf_trainer - WARNING - Early stopping due to large KL divergence: 16.70721435546875
2025-12-06 02:16:12,032 - rlhf_trainer - WARNING - Early stopping due to large KL divergence: 10.151365280151367
2025-12-06 02:16:14,501 - rlhf_trainer - WARNING - Early stopping due to large KL divergence: 0.08817516267299652
2025-12-06 02:16:16,877 - rlhf_trainer - WARNING - Early stopping due to large KL divergence: 3.6559956073760986
2025-12-06 02:16:16,880 - utils - INFO - Step 960:
2025-12-06 02:16:16,880 - utils - INFO -   Policy Loss: 0.0000
2025-12-06 02:16:16,880 - utils - INFO -   Value Loss: 0.1343
2025-12-06 02:16:16,880 - utils - INFO -   Reward Mean: 0.0000
2025-12-06 02:16:16,880 - utils - INFO -   KL Divergence: 0.0000
2025-12-06 02:16:19,272 - rlhf_trainer - WARNING - Early stopping due to large KL divergence: 4.795950889587402
2025-12-06 02:16:21,814 - rlhf_trainer - WARNING - Early stopping due to large KL divergence: 0.04071483016014099
2025-12-06 02:16:24,200 - rlhf_trainer - WARNING - Early stopping due to large KL divergence: 5.067103385925293
2025-12-06 02:16:26,590 - rlhf_trainer - WARNING - Early stopping due to large KL divergence: 6.0681304931640625
2025-12-06 02:16:28,962 - rlhf_trainer - WARNING - Early stopping due to large KL divergence: 7.380295753479004
2025-12-06 02:16:31,398 - rlhf_trainer - WARNING - Early stopping due to large KL divergence: 57.923370361328125
2025-12-06 02:16:33,876 - rlhf_trainer - WARNING - Early stopping due to large KL divergence: 3.5944294929504395
2025-12-06 02:16:36,336 - rlhf_trainer - WARNING - Early stopping due to large KL divergence: 6.455653667449951
2025-12-06 02:16:38,879 - rlhf_trainer - WARNING - Early stopping due to large KL divergence: 1.8436206579208374
2025-12-06 02:16:41,337 - rlhf_trainer - WARNING - Early stopping due to large KL divergence: 2.73478102684021
2025-12-06 02:16:41,341 - utils - INFO - Step 970:
2025-12-06 02:16:41,341 - utils - INFO -   Policy Loss: 0.0000
2025-12-06 02:16:41,341 - utils - INFO -   Value Loss: 0.1410
2025-12-06 02:16:41,341 - utils - INFO -   Reward Mean: -0.0000
2025-12-06 02:16:41,341 - utils - INFO -   KL Divergence: 0.0000
2025-12-06 02:16:43,741 - rlhf_trainer - WARNING - Early stopping due to large KL divergence: 2.514096260070801
2025-12-06 02:16:46,144 - rlhf_trainer - WARNING - Early stopping due to large KL divergence: 10.769698143005371
2025-12-06 02:16:48,577 - rlhf_trainer - WARNING - Early stopping due to large KL divergence: 4.6433515548706055
2025-12-06 02:16:51,027 - rlhf_trainer - WARNING - Early stopping due to large KL divergence: 0.05647669732570648
2025-12-06 02:16:53,395 - rlhf_trainer - WARNING - Early stopping due to large KL divergence: 3.481464385986328
2025-12-06 02:16:55,760 - rlhf_trainer - WARNING - Early stopping due to large KL divergence: 1.9350812435150146
2025-12-06 02:16:58,089 - rlhf_trainer - WARNING - Early stopping due to large KL divergence: 1.5444426536560059
2025-12-06 02:17:00,420 - rlhf_trainer - WARNING - Early stopping due to large KL divergence: 1.6821516752243042
2025-12-06 02:17:02,790 - rlhf_trainer - WARNING - Early stopping due to large KL divergence: 1.5953832864761353
2025-12-06 02:17:05,144 - rlhf_trainer - WARNING - Early stopping due to large KL divergence: 1.5176433324813843
2025-12-06 02:17:05,147 - utils - INFO - Step 980:
2025-12-06 02:17:05,148 - utils - INFO -   Policy Loss: 0.0000
2025-12-06 02:17:05,148 - utils - INFO -   Value Loss: 0.1804
2025-12-06 02:17:05,148 - utils - INFO -   Reward Mean: -0.0000
2025-12-06 02:17:05,148 - utils - INFO -   KL Divergence: 0.0000
2025-12-06 02:17:07,529 - rlhf_trainer - WARNING - Early stopping due to large KL divergence: 3.4259071350097656
2025-12-06 02:17:09,887 - rlhf_trainer - WARNING - Early stopping due to large KL divergence: 6.8032917976379395
2025-12-06 02:17:12,269 - rlhf_trainer - WARNING - Early stopping due to large KL divergence: 2.5570645332336426
2025-12-06 02:17:14,623 - rlhf_trainer - WARNING - Early stopping due to large KL divergence: 3.1364927291870117
2025-12-06 02:17:16,971 - rlhf_trainer - WARNING - Early stopping due to large KL divergence: 1.90912663936615
2025-12-06 02:17:19,369 - rlhf_trainer - WARNING - Early stopping due to large KL divergence: 227606.84375
2025-12-06 02:17:21,851 - rlhf_trainer - WARNING - Early stopping due to large KL divergence: 0.04509630799293518
2025-12-06 02:17:24,220 - rlhf_trainer - WARNING - Early stopping due to large KL divergence: 2.323119640350342
2025-12-06 02:17:26,642 - rlhf_trainer - WARNING - Early stopping due to large KL divergence: 0.05342796444892883
2025-12-06 02:17:29,040 - rlhf_trainer - WARNING - Early stopping due to large KL divergence: 2.3904223442077637
2025-12-06 02:17:29,043 - utils - INFO - Step 990:
2025-12-06 02:17:29,043 - utils - INFO -   Policy Loss: 0.0000
2025-12-06 02:17:29,043 - utils - INFO -   Value Loss: 0.2591
2025-12-06 02:17:29,044 - utils - INFO -   Reward Mean: 0.0000
2025-12-06 02:17:29,044 - utils - INFO -   KL Divergence: 0.0000
2025-12-06 02:17:31,470 - rlhf_trainer - WARNING - Early stopping due to large KL divergence: 0.06823590397834778
2025-12-06 02:17:33,850 - rlhf_trainer - WARNING - Early stopping due to large KL divergence: 1.5633964538574219
2025-12-06 02:17:35,731 - rlhf_trainer - WARNING - Early stopping due to large KL divergence: 0.020822599530220032
2025-12-06 02:17:38,103 - rlhf_trainer - WARNING - Early stopping due to large KL divergence: 2.552745819091797
2025-12-06 02:17:40,511 - rlhf_trainer - WARNING - Early stopping due to large KL divergence: 3.565295457839966
2025-12-06 02:17:42,889 - rlhf_trainer - WARNING - Early stopping due to large KL divergence: 2.1105005741119385
2025-12-06 02:17:45,291 - rlhf_trainer - WARNING - Early stopping due to large KL divergence: 1.9043337106704712
2025-12-06 02:17:48,030 - rlhf_trainer - WARNING - Early stopping due to large KL divergence: 2.879568099975586
2025-12-06 02:17:50,392 - rlhf_trainer - WARNING - Early stopping due to large KL divergence: 1.0815547704696655
2025-12-06 02:17:53,130 - rlhf_trainer - WARNING - Early stopping due to large KL divergence: 0.038270026445388794
2025-12-06 02:17:53,134 - utils - INFO - Step 1000:
2025-12-06 02:17:53,134 - utils - INFO -   Policy Loss: -0.0212
2025-12-06 02:17:53,134 - utils - INFO -   Value Loss: 0.3198
2025-12-06 02:17:53,134 - utils - INFO -   Reward Mean: -0.0000
2025-12-06 02:17:53,134 - utils - INFO -   KL Divergence: 0.0021
2025-12-06 02:17:57,289 - rlhf_trainer - WARNING - Early stopping due to large KL divergence: 74652456.0
2025-12-06 02:17:59,864 - rlhf_trainer - WARNING - Early stopping due to large KL divergence: 640192768.0
2025-12-06 02:18:03,097 - rlhf_trainer - WARNING - Early stopping due to large KL divergence: 145592592.0
2025-12-06 02:18:05,454 - rlhf_trainer - WARNING - Early stopping due to large KL divergence: 0.6850111484527588
2025-12-06 02:18:07,824 - rlhf_trainer - WARNING - Early stopping due to large KL divergence: 4.203350067138672
2025-12-06 02:18:10,237 - rlhf_trainer - WARNING - Early stopping due to large KL divergence: 5.49578857421875
2025-12-06 02:18:12,835 - rlhf_trainer - WARNING - Early stopping due to large KL divergence: 80.98529052734375
2025-12-06 02:18:15,226 - rlhf_trainer - WARNING - Early stopping due to large KL divergence: 1.468029260635376
2025-12-06 02:18:17,572 - rlhf_trainer - WARNING - Early stopping due to large KL divergence: 2.3496551513671875
2025-12-06 02:18:19,957 - rlhf_trainer - WARNING - Early stopping due to large KL divergence: 1.2058757543563843
2025-12-06 02:18:19,961 - utils - INFO - Step 1010:
2025-12-06 02:18:19,961 - utils - INFO -   Policy Loss: 0.0000
2025-12-06 02:18:19,961 - utils - INFO -   Value Loss: 9.8085
2025-12-06 02:18:19,961 - utils - INFO -   Reward Mean: 0.0000
2025-12-06 02:18:19,961 - utils - INFO -   KL Divergence: 0.0000
2025-12-06 02:18:22,362 - rlhf_trainer - WARNING - Early stopping due to large KL divergence: 3.8903207778930664
2025-12-06 02:18:24,704 - rlhf_trainer - WARNING - Early stopping due to large KL divergence: 0.6698103547096252
2025-12-06 02:18:27,074 - rlhf_trainer - WARNING - Early stopping due to large KL divergence: 1.945220708847046
2025-12-06 02:18:29,428 - rlhf_trainer - WARNING - Early stopping due to large KL divergence: 2.77750301361084
2025-12-06 02:18:31,884 - rlhf_trainer - WARNING - Early stopping due to large KL divergence: 1.4452438354492188
2025-12-06 02:18:34,333 - rlhf_trainer - WARNING - Early stopping due to large KL divergence: 3.041907787322998
2025-12-06 02:18:36,745 - rlhf_trainer - WARNING - Early stopping due to large KL divergence: 0.5612642765045166
2025-12-06 02:18:39,176 - rlhf_trainer - WARNING - Early stopping due to large KL divergence: 0.05645667016506195
2025-12-06 02:18:41,755 - rlhf_trainer - WARNING - Early stopping due to large KL divergence: 1.621614933013916
2025-12-06 02:18:45,105 - rlhf_trainer - WARNING - Early stopping due to large KL divergence: 24270651392.0
2025-12-06 02:18:45,108 - utils - INFO - Step 1020:
2025-12-06 02:18:45,108 - utils - INFO -   Policy Loss: 0.0000
2025-12-06 02:18:45,108 - utils - INFO -   Value Loss: 28.9153
2025-12-06 02:18:45,108 - utils - INFO -   Reward Mean: 0.0000
2025-12-06 02:18:45,108 - utils - INFO -   KL Divergence: 0.0000
2025-12-06 02:18:47,488 - rlhf_trainer - WARNING - Early stopping due to large KL divergence: 1.7002593278884888
2025-12-06 02:18:49,880 - rlhf_trainer - WARNING - Early stopping due to large KL divergence: 1.8115077018737793
2025-12-06 02:18:52,271 - rlhf_trainer - WARNING - Early stopping due to large KL divergence: 3490407776256.0
2025-12-06 02:18:54,682 - rlhf_trainer - WARNING - Early stopping due to large KL divergence: 34.662471771240234
2025-12-06 02:18:57,129 - rlhf_trainer - WARNING - Early stopping due to large KL divergence: 2.672922134399414
2025-12-06 02:18:59,454 - rlhf_trainer - WARNING - Early stopping due to large KL divergence: 0.5994703769683838
2025-12-06 02:19:01,804 - rlhf_trainer - WARNING - Early stopping due to large KL divergence: 1.709204077720642
2025-12-06 02:19:04,185 - rlhf_trainer - WARNING - Early stopping due to large KL divergence: 4549.0888671875
2025-12-06 02:19:06,700 - rlhf_trainer - WARNING - Early stopping due to large KL divergence: 1.161064624786377
2025-12-06 02:19:08,984 - rlhf_trainer - WARNING - Early stopping due to large KL divergence: 2.3858845233917236
2025-12-06 02:19:08,987 - utils - INFO - Step 1030:
2025-12-06 02:19:08,988 - utils - INFO -   Policy Loss: -0.0000
2025-12-06 02:19:08,988 - utils - INFO -   Value Loss: 6.6102
2025-12-06 02:19:08,988 - utils - INFO -   Reward Mean: -0.0000
2025-12-06 02:19:08,988 - utils - INFO -   KL Divergence: 0.0000
2025-12-06 02:19:11,281 - rlhf_trainer - WARNING - Early stopping due to large KL divergence: 3.130638360977173
2025-12-06 02:19:13,636 - rlhf_trainer - WARNING - Early stopping due to large KL divergence: 1.6334104537963867
2025-12-06 02:19:16,067 - rlhf_trainer - WARNING - Early stopping due to large KL divergence: 2.267188549041748
2025-12-06 02:19:18,508 - rlhf_trainer - WARNING - Early stopping due to large KL divergence: 0.06989152729511261
2025-12-06 02:19:20,891 - rlhf_trainer - WARNING - Early stopping due to large KL divergence: 1.1424587965011597
2025-12-06 02:19:23,336 - rlhf_trainer - WARNING - Early stopping due to large KL divergence: 0.06543685495853424
2025-12-06 02:19:25,703 - rlhf_trainer - WARNING - Early stopping due to large KL divergence: 1.7325228452682495
2025-12-06 02:19:28,060 - rlhf_trainer - WARNING - Early stopping due to large KL divergence: 1.1729917526245117
2025-12-06 02:19:30,511 - rlhf_trainer - WARNING - Early stopping due to large KL divergence: 0.04097110033035278
2025-12-06 02:19:32,916 - rlhf_trainer - WARNING - Early stopping due to large KL divergence: 53.612632751464844
2025-12-06 02:19:32,920 - utils - INFO - Step 1040:
2025-12-06 02:19:32,920 - utils - INFO -   Policy Loss: 0.0000
2025-12-06 02:19:32,920 - utils - INFO -   Value Loss: 0.2044
2025-12-06 02:19:32,920 - utils - INFO -   Reward Mean: -0.0000
2025-12-06 02:19:32,920 - utils - INFO -   KL Divergence: 0.0000
2025-12-06 02:19:35,376 - rlhf_trainer - WARNING - Early stopping due to large KL divergence: 1.2910761833190918
2025-12-06 02:19:37,714 - rlhf_trainer - WARNING - Early stopping due to large KL divergence: 13.008999824523926
2025-12-06 02:19:40,065 - rlhf_trainer - WARNING - Early stopping due to large KL divergence: 2.6412808895111084
2025-12-06 02:19:42,454 - rlhf_trainer - WARNING - Early stopping due to large KL divergence: 1.5320450067520142
2025-12-06 02:19:44,851 - rlhf_trainer - WARNING - Early stopping due to large KL divergence: 0.6710137128829956
2025-12-06 02:19:47,214 - rlhf_trainer - WARNING - Early stopping due to large KL divergence: 1.4705582857131958
2025-12-06 02:19:49,599 - rlhf_trainer - WARNING - Early stopping due to large KL divergence: 2.6996006965637207
2025-12-06 02:19:52,399 - rlhf_trainer - WARNING - Early stopping due to large KL divergence: 1.015488862991333
2025-12-06 02:19:54,765 - rlhf_trainer - WARNING - Early stopping due to large KL divergence: 2.185215473175049
2025-12-06 02:19:57,140 - rlhf_trainer - WARNING - Early stopping due to large KL divergence: 1.2407222986221313
2025-12-06 02:19:57,144 - utils - INFO - Step 1050:
2025-12-06 02:19:57,144 - utils - INFO -   Policy Loss: -0.0000
2025-12-06 02:19:57,144 - utils - INFO -   Value Loss: 0.2732
2025-12-06 02:19:57,144 - utils - INFO -   Reward Mean: -0.0000
2025-12-06 02:19:57,144 - utils - INFO -   KL Divergence: 0.0000
2025-12-06 02:19:59,491 - rlhf_trainer - WARNING - Early stopping due to large KL divergence: 7.732487678527832
2025-12-06 02:20:01,833 - rlhf_trainer - WARNING - Early stopping due to large KL divergence: 1.5704493522644043
2025-12-06 02:20:04,168 - rlhf_trainer - WARNING - Early stopping due to large KL divergence: 2.3645853996276855
2025-12-06 02:20:06,483 - rlhf_trainer - WARNING - Early stopping due to large KL divergence: 8.038131713867188
2025-12-06 02:20:08,865 - rlhf_trainer - WARNING - Early stopping due to large KL divergence: 1.213816523551941
2025-12-06 02:20:11,282 - rlhf_trainer - WARNING - Early stopping due to large KL divergence: 3.0085668563842773
2025-12-06 02:20:14,090 - rlhf_trainer - WARNING - Early stopping due to large KL divergence: 2.5995664596557617
2025-12-06 02:20:16,439 - rlhf_trainer - WARNING - Early stopping due to large KL divergence: 3.2847402095794678
2025-12-06 02:20:18,836 - rlhf_trainer - WARNING - Early stopping due to large KL divergence: 2.3630948066711426
2025-12-06 02:20:21,404 - rlhf_trainer - WARNING - Early stopping due to large KL divergence: 2.111304521560669
2025-12-06 02:20:21,408 - utils - INFO - Step 1060:
2025-12-06 02:20:21,408 - utils - INFO -   Policy Loss: -0.0000
2025-12-06 02:20:21,408 - utils - INFO -   Value Loss: 0.2194
2025-12-06 02:20:21,408 - utils - INFO -   Reward Mean: 0.0000
2025-12-06 02:20:21,408 - utils - INFO -   KL Divergence: 0.0000
2025-12-06 02:20:23,767 - rlhf_trainer - WARNING - Early stopping due to large KL divergence: 4.751491546630859
2025-12-06 02:20:26,125 - rlhf_trainer - WARNING - Early stopping due to large KL divergence: 0.9035549163818359
2025-12-06 02:20:28,484 - rlhf_trainer - WARNING - Early stopping due to large KL divergence: 2.5887959003448486
2025-12-06 02:20:30,883 - rlhf_trainer - WARNING - Early stopping due to large KL divergence: 1.778223991394043
2025-12-06 02:20:33,253 - rlhf_trainer - WARNING - Early stopping due to large KL divergence: 3.3767480850219727
2025-12-06 02:20:35,615 - rlhf_trainer - WARNING - Early stopping due to large KL divergence: 2.0852913856506348
2025-12-06 02:20:37,966 - rlhf_trainer - WARNING - Early stopping due to large KL divergence: 2.7083120346069336
2025-12-06 02:20:40,360 - rlhf_trainer - WARNING - Early stopping due to large KL divergence: 2.165773868560791
2025-12-06 02:20:42,745 - rlhf_trainer - WARNING - Early stopping due to large KL divergence: 2.582111358642578
2025-12-06 02:20:45,206 - rlhf_trainer - WARNING - Early stopping due to large KL divergence: 4.346424102783203
2025-12-06 02:20:45,210 - utils - INFO - Step 1070:
2025-12-06 02:20:45,210 - utils - INFO -   Policy Loss: 0.0000
2025-12-06 02:20:45,210 - utils - INFO -   Value Loss: 0.1115
2025-12-06 02:20:45,210 - utils - INFO -   Reward Mean: 0.0000
2025-12-06 02:20:45,210 - utils - INFO -   KL Divergence: 0.0000
2025-12-06 02:20:47,608 - rlhf_trainer - WARNING - Early stopping due to large KL divergence: 1.841382384300232
2025-12-06 02:20:49,896 - rlhf_trainer - WARNING - Early stopping due to large KL divergence: 4.428728103637695
2025-12-06 02:20:52,251 - rlhf_trainer - WARNING - Early stopping due to large KL divergence: 0.6474210023880005
2025-12-06 02:20:54,483 - rlhf_trainer - WARNING - Early stopping due to large KL divergence: 64291.47265625
2025-12-06 02:20:56,832 - rlhf_trainer - WARNING - Early stopping due to large KL divergence: 0.8054176568984985
2025-12-06 02:20:59,174 - rlhf_trainer - WARNING - Early stopping due to large KL divergence: 1.9751805067062378
2025-12-06 02:21:01,520 - rlhf_trainer - WARNING - Early stopping due to large KL divergence: 2.42645525932312
2025-12-06 02:21:04,217 - rlhf_trainer - WARNING - Early stopping due to large KL divergence: 283945152.0
2025-12-06 02:21:06,567 - rlhf_trainer - WARNING - Early stopping due to large KL divergence: 0.5866166949272156
2025-12-06 02:21:08,913 - rlhf_trainer - WARNING - Early stopping due to large KL divergence: 1.2811615467071533
2025-12-06 02:21:08,916 - utils - INFO - Step 1080:
2025-12-06 02:21:08,916 - utils - INFO -   Policy Loss: 0.0000
2025-12-06 02:21:08,916 - utils - INFO -   Value Loss: 0.2331
2025-12-06 02:21:08,916 - utils - INFO -   Reward Mean: 0.0000
2025-12-06 02:21:08,917 - utils - INFO -   KL Divergence: 0.0000
2025-12-06 02:21:11,299 - rlhf_trainer - WARNING - Early stopping due to large KL divergence: 1.741909146308899
2025-12-06 02:21:13,641 - rlhf_trainer - WARNING - Early stopping due to large KL divergence: 19775.158203125
2025-12-06 02:21:15,950 - rlhf_trainer - WARNING - Early stopping due to large KL divergence: 2.366941452026367
2025-12-06 02:21:18,381 - rlhf_trainer - WARNING - Early stopping due to large KL divergence: 1.3032593727111816
2025-12-06 02:21:20,819 - rlhf_trainer - WARNING - Early stopping due to large KL divergence: 2.9124245643615723
2025-12-06 02:21:23,165 - rlhf_trainer - WARNING - Early stopping due to large KL divergence: 2.2806806564331055
2025-12-06 02:21:25,651 - rlhf_trainer - WARNING - Early stopping due to large KL divergence: 268.92041015625
2025-12-06 02:21:27,970 - rlhf_trainer - WARNING - Early stopping due to large KL divergence: 1.9172172546386719
2025-12-06 02:21:30,310 - rlhf_trainer - WARNING - Early stopping due to large KL divergence: 1.5027403831481934
2025-12-06 02:21:32,664 - rlhf_trainer - WARNING - Early stopping due to large KL divergence: 2.3632586002349854
2025-12-06 02:21:32,667 - utils - INFO - Step 1090:
2025-12-06 02:21:32,667 - utils - INFO -   Policy Loss: 0.0000
2025-12-06 02:21:32,667 - utils - INFO -   Value Loss: 0.2199
2025-12-06 02:21:32,667 - utils - INFO -   Reward Mean: 0.0000
2025-12-06 02:21:32,667 - utils - INFO -   KL Divergence: 0.0000
2025-12-06 02:21:35,065 - rlhf_trainer - WARNING - Early stopping due to large KL divergence: 3.1398186683654785
2025-12-06 02:21:37,445 - rlhf_trainer - WARNING - Early stopping due to large KL divergence: 3.2903919219970703
2025-12-06 02:21:39,799 - rlhf_trainer - WARNING - Early stopping due to large KL divergence: 4.032147407531738
2025-12-06 02:21:42,205 - rlhf_trainer - WARNING - Early stopping due to large KL divergence: 7.041755199432373
2025-12-06 02:21:44,580 - rlhf_trainer - WARNING - Early stopping due to large KL divergence: 1.8136433362960815
2025-12-06 02:21:47,195 - rlhf_trainer - WARNING - Early stopping due to large KL divergence: 2.3178322315216064
2025-12-06 02:21:49,536 - rlhf_trainer - WARNING - Early stopping due to large KL divergence: 7.453418731689453
2025-12-06 02:21:51,983 - rlhf_trainer - WARNING - Early stopping due to large KL divergence: 0.28058257699012756
2025-12-06 02:21:54,322 - rlhf_trainer - WARNING - Early stopping due to large KL divergence: 3.112267255783081
2025-12-06 02:21:57,206 - rlhf_trainer - WARNING - Early stopping due to large KL divergence: 3.502155303955078
2025-12-06 02:21:57,209 - utils - INFO - Step 1100:
2025-12-06 02:21:57,209 - utils - INFO -   Policy Loss: -0.0000
2025-12-06 02:21:57,209 - utils - INFO -   Value Loss: 0.3252
2025-12-06 02:21:57,209 - utils - INFO -   Reward Mean: 0.0000
2025-12-06 02:21:57,209 - utils - INFO -   KL Divergence: 0.0000
2025-12-06 02:21:59,566 - rlhf_trainer - WARNING - Early stopping due to large KL divergence: 2.2870359420776367
2025-12-06 02:22:01,930 - rlhf_trainer - WARNING - Early stopping due to large KL divergence: 1.5388426780700684
2025-12-06 02:22:04,289 - rlhf_trainer - WARNING - Early stopping due to large KL divergence: 1948.5311279296875
2025-12-06 02:22:07,038 - rlhf_trainer - WARNING - Early stopping due to large KL divergence: 2.4339568614959717
2025-12-06 02:22:09,816 - rlhf_trainer - WARNING - Early stopping due to large KL divergence: 4.454508304595947
2025-12-06 02:22:12,208 - rlhf_trainer - WARNING - Early stopping due to large KL divergence: 6.19201135635376
2025-12-06 02:22:14,575 - rlhf_trainer - WARNING - Early stopping due to large KL divergence: 121.22486877441406
2025-12-06 02:22:16,871 - rlhf_trainer - WARNING - Early stopping due to large KL divergence: 27.967960357666016
2025-12-06 02:22:19,240 - rlhf_trainer - WARNING - Early stopping due to large KL divergence: 8.237417221069336
2025-12-06 02:22:21,589 - rlhf_trainer - WARNING - Early stopping due to large KL divergence: 0.8455031514167786
2025-12-06 02:22:21,592 - utils - INFO - Step 1110:
2025-12-06 02:22:21,592 - utils - INFO -   Policy Loss: 0.0000
2025-12-06 02:22:21,592 - utils - INFO -   Value Loss: 18.9182
2025-12-06 02:22:21,592 - utils - INFO -   Reward Mean: 0.0000
2025-12-06 02:22:21,592 - utils - INFO -   KL Divergence: 0.0000
2025-12-06 02:22:23,963 - rlhf_trainer - WARNING - Early stopping due to large KL divergence: 2.078401565551758
2025-12-06 02:22:26,319 - rlhf_trainer - WARNING - Early stopping due to large KL divergence: 0.9001158475875854
2025-12-06 02:22:28,873 - rlhf_trainer - WARNING - Early stopping due to large KL divergence: 2.2767996788024902
2025-12-06 02:22:31,431 - rlhf_trainer - WARNING - Early stopping due to large KL divergence: 5.28388786315918
2025-12-06 02:22:33,832 - rlhf_trainer - WARNING - Early stopping due to large KL divergence: 1.8772146701812744
2025-12-06 02:22:36,199 - rlhf_trainer - WARNING - Early stopping due to large KL divergence: 1.4072751998901367
2025-12-06 02:22:38,623 - rlhf_trainer - WARNING - Early stopping due to large KL divergence: 3.455096960067749
2025-12-06 02:22:41,115 - rlhf_trainer - WARNING - Early stopping due to large KL divergence: 3.5479109287261963
2025-12-06 02:22:43,564 - rlhf_trainer - WARNING - Early stopping due to large KL divergence: 154.1165771484375
2025-12-06 02:22:45,928 - rlhf_trainer - WARNING - Early stopping due to large KL divergence: 3.6330366134643555
2025-12-06 02:22:45,931 - utils - INFO - Step 1120:
2025-12-06 02:22:45,931 - utils - INFO -   Policy Loss: 0.0000
2025-12-06 02:22:45,931 - utils - INFO -   Value Loss: 0.1598
2025-12-06 02:22:45,931 - utils - INFO -   Reward Mean: -0.0000
2025-12-06 02:22:45,932 - utils - INFO -   KL Divergence: 0.0000
2025-12-06 02:22:48,290 - rlhf_trainer - WARNING - Early stopping due to large KL divergence: 3.35003399848938
2025-12-06 02:22:50,607 - rlhf_trainer - WARNING - Early stopping due to large KL divergence: 17.118101119995117
2025-12-06 02:22:52,963 - rlhf_trainer - WARNING - Early stopping due to large KL divergence: 7.433980464935303
2025-12-06 02:22:55,365 - rlhf_trainer - WARNING - Early stopping due to large KL divergence: 0.9707274436950684
2025-12-06 02:22:57,749 - rlhf_trainer - WARNING - Early stopping due to large KL divergence: 5.224796295166016
2025-12-06 02:23:00,108 - rlhf_trainer - WARNING - Early stopping due to large KL divergence: 41406906368.0
2025-12-06 02:23:02,521 - rlhf_trainer - WARNING - Early stopping due to large KL divergence: 0.07030585408210754
2025-12-06 02:23:04,867 - rlhf_trainer - WARNING - Early stopping due to large KL divergence: 1357984.0
2025-12-06 02:23:07,247 - rlhf_trainer - WARNING - Early stopping due to large KL divergence: 1.1688449382781982
2025-12-06 02:23:09,648 - rlhf_trainer - WARNING - Early stopping due to large KL divergence: 1.108820915222168
2025-12-06 02:23:09,651 - utils - INFO - Step 1130:
2025-12-06 02:23:09,652 - utils - INFO -   Policy Loss: 0.0000
2025-12-06 02:23:09,652 - utils - INFO -   Value Loss: 0.2803
2025-12-06 02:23:09,652 - utils - INFO -   Reward Mean: 0.0000
2025-12-06 02:23:09,652 - utils - INFO -   KL Divergence: 0.0000
2025-12-06 02:23:12,069 - rlhf_trainer - WARNING - Early stopping due to large KL divergence: 0.25511863827705383
2025-12-06 02:23:14,456 - rlhf_trainer - WARNING - Early stopping due to large KL divergence: 33.73448181152344
2025-12-06 02:23:16,899 - rlhf_trainer - WARNING - Early stopping due to large KL divergence: 0.041155651211738586
2025-12-06 02:23:19,263 - rlhf_trainer - WARNING - Early stopping due to large KL divergence: 1.4867994785308838
2025-12-06 02:23:21,753 - rlhf_trainer - WARNING - Early stopping due to large KL divergence: 254.60289001464844
2025-12-06 02:23:24,102 - rlhf_trainer - WARNING - Early stopping due to large KL divergence: 3.108668804168701
2025-12-06 02:23:26,433 - rlhf_trainer - WARNING - Early stopping due to large KL divergence: 6.43795919418335
2025-12-06 02:23:29,214 - rlhf_trainer - WARNING - Early stopping due to large KL divergence: 3.2263987064361572
2025-12-06 02:23:32,001 - rlhf_trainer - WARNING - Early stopping due to large KL divergence: 82.70835876464844
2025-12-06 02:23:34,425 - rlhf_trainer - WARNING - Early stopping due to large KL divergence: 3.936598062515259
2025-12-06 02:23:34,427 - utils - INFO - Step 1140:
2025-12-06 02:23:34,427 - utils - INFO -   Policy Loss: -0.0000
2025-12-06 02:23:34,428 - utils - INFO -   Value Loss: 0.2319
2025-12-06 02:23:34,428 - utils - INFO -   Reward Mean: -0.0000
2025-12-06 02:23:34,428 - utils - INFO -   KL Divergence: 0.0000
2025-12-06 02:23:36,929 - rlhf_trainer - WARNING - Early stopping due to large KL divergence: 5.732128620147705
2025-12-06 02:23:39,294 - rlhf_trainer - WARNING - Early stopping due to large KL divergence: 1.501232624053955
2025-12-06 02:23:42,549 - rlhf_trainer - WARNING - Early stopping due to large KL divergence: 39.79943084716797
2025-12-06 02:23:45,032 - rlhf_trainer - WARNING - Early stopping due to large KL divergence: 52549.03515625
2025-12-06 02:23:47,539 - rlhf_trainer - WARNING - Early stopping due to large KL divergence: 2.9334230422973633
2025-12-06 02:23:49,912 - rlhf_trainer - WARNING - Early stopping due to large KL divergence: 0.3905063271522522
2025-12-06 02:23:52,309 - rlhf_trainer - WARNING - Early stopping due to large KL divergence: 0.1723402738571167
2025-12-06 02:23:54,696 - rlhf_trainer - WARNING - Early stopping due to large KL divergence: 2.1353375911712646
2025-12-06 02:23:57,130 - rlhf_trainer - WARNING - Early stopping due to large KL divergence: 0.0342976450920105
2025-12-06 02:23:59,469 - rlhf_trainer - WARNING - Early stopping due to large KL divergence: 1.264314889907837
2025-12-06 02:23:59,472 - utils - INFO - Step 1150:
2025-12-06 02:23:59,472 - utils - INFO -   Policy Loss: -0.0000
2025-12-06 02:23:59,472 - utils - INFO -   Value Loss: 0.2240
2025-12-06 02:23:59,472 - utils - INFO -   Reward Mean: -0.0000
2025-12-06 02:23:59,472 - utils - INFO -   KL Divergence: 0.0000
2025-12-06 02:24:01,887 - rlhf_trainer - WARNING - Early stopping due to large KL divergence: 0.0386156290769577
2025-12-06 02:24:05,367 - rlhf_trainer - WARNING - Early stopping due to large KL divergence: 29884.65625
2025-12-06 02:24:07,743 - rlhf_trainer - WARNING - Early stopping due to large KL divergence: 2.0910634994506836
2025-12-06 02:24:10,127 - rlhf_trainer - WARNING - Early stopping due to large KL divergence: 0.17250001430511475
2025-12-06 02:24:12,489 - rlhf_trainer - WARNING - Early stopping due to large KL divergence: 1.5967744588851929
2025-12-06 02:24:14,873 - rlhf_trainer - WARNING - Early stopping due to large KL divergence: 2.375899314880371
2025-12-06 02:24:17,246 - rlhf_trainer - WARNING - Early stopping due to large KL divergence: 1.8312156200408936
2025-12-06 02:24:19,683 - rlhf_trainer - WARNING - Early stopping due to large KL divergence: 6.494385719299316
2025-12-06 02:24:22,138 - rlhf_trainer - WARNING - Early stopping due to large KL divergence: 1.7799431085586548
2025-12-06 02:24:24,427 - rlhf_trainer - WARNING - Early stopping due to large KL divergence: 1.5691277980804443
2025-12-06 02:24:24,430 - utils - INFO - Step 1160:
2025-12-06 02:24:24,430 - utils - INFO -   Policy Loss: 0.0000
2025-12-06 02:24:24,430 - utils - INFO -   Value Loss: 5.3821
2025-12-06 02:24:24,430 - utils - INFO -   Reward Mean: 0.0000
2025-12-06 02:24:24,430 - utils - INFO -   KL Divergence: 0.0000
2025-12-06 02:24:26,771 - rlhf_trainer - WARNING - Early stopping due to large KL divergence: 1.2678320407867432
2025-12-06 02:24:29,129 - rlhf_trainer - WARNING - Early stopping due to large KL divergence: 0.8814597129821777
2025-12-06 02:24:31,511 - rlhf_trainer - WARNING - Early stopping due to large KL divergence: 1.6537039279937744
2025-12-06 02:24:33,953 - rlhf_trainer - WARNING - Early stopping due to large KL divergence: 0.081698477268219
2025-12-06 02:24:36,344 - rlhf_trainer - WARNING - Early stopping due to large KL divergence: 1.2946529388427734
2025-12-06 02:24:38,716 - rlhf_trainer - WARNING - Early stopping due to large KL divergence: 4.738438129425049
2025-12-06 02:24:41,112 - rlhf_trainer - WARNING - Early stopping due to large KL divergence: 1.9420735836029053
2025-12-06 02:24:43,495 - rlhf_trainer - WARNING - Early stopping due to large KL divergence: 5.107707977294922
2025-12-06 02:24:45,783 - rlhf_trainer - WARNING - Early stopping due to large KL divergence: 1.450217366218567
2025-12-06 02:24:48,132 - rlhf_trainer - WARNING - Early stopping due to large KL divergence: 2.030592679977417
2025-12-06 02:24:48,135 - utils - INFO - Step 1170:
2025-12-06 02:24:48,160 - utils - INFO -   Policy Loss: 0.0000
2025-12-06 02:24:48,160 - utils - INFO -   Value Loss: 0.1762
2025-12-06 02:24:48,160 - utils - INFO -   Reward Mean: 0.0000
2025-12-06 02:24:48,160 - utils - INFO -   KL Divergence: 0.0000
2025-12-06 02:24:50,524 - rlhf_trainer - WARNING - Early stopping due to large KL divergence: 1.993789792060852
2025-12-06 02:24:52,893 - rlhf_trainer - WARNING - Early stopping due to large KL divergence: 5.222298622131348
2025-12-06 02:24:55,406 - rlhf_trainer - WARNING - Early stopping due to large KL divergence: 0.6243301630020142
2025-12-06 02:24:57,817 - rlhf_trainer - WARNING - Early stopping due to large KL divergence: 0.9289841651916504
2025-12-06 02:25:00,174 - rlhf_trainer - WARNING - Early stopping due to large KL divergence: 1.4763222932815552
2025-12-06 02:25:02,579 - rlhf_trainer - WARNING - Early stopping due to large KL divergence: 3.762084484100342
2025-12-06 02:25:04,924 - rlhf_trainer - WARNING - Early stopping due to large KL divergence: 4.773989200592041
2025-12-06 02:25:07,590 - rlhf_trainer - WARNING - Early stopping due to large KL divergence: 2.488311529159546
2025-12-06 02:25:09,975 - rlhf_trainer - WARNING - Early stopping due to large KL divergence: 2.2309229373931885
2025-12-06 02:25:12,375 - rlhf_trainer - WARNING - Early stopping due to large KL divergence: 0.6370878219604492
2025-12-06 02:25:12,378 - utils - INFO - Step 1180:
2025-12-06 02:25:12,378 - utils - INFO -   Policy Loss: 0.0000
2025-12-06 02:25:12,378 - utils - INFO -   Value Loss: 0.1282
2025-12-06 02:25:12,378 - utils - INFO -   Reward Mean: 0.0000
2025-12-06 02:25:12,378 - utils - INFO -   KL Divergence: 0.0000
2025-12-06 02:25:14,707 - rlhf_trainer - WARNING - Early stopping due to large KL divergence: 9.546732902526855
2025-12-06 02:25:17,099 - rlhf_trainer - WARNING - Early stopping due to large KL divergence: 1.878448724746704
2025-12-06 02:25:19,476 - rlhf_trainer - WARNING - Early stopping due to large KL divergence: 2.6366159915924072
2025-12-06 02:25:21,902 - rlhf_trainer - WARNING - Early stopping due to large KL divergence: 2557.630615234375
2025-12-06 02:25:24,240 - rlhf_trainer - WARNING - Early stopping due to large KL divergence: 973.9388427734375
2025-12-06 02:25:26,641 - rlhf_trainer - WARNING - Early stopping due to large KL divergence: 0.04829764366149902
2025-12-06 02:25:29,049 - rlhf_trainer - WARNING - Early stopping due to large KL divergence: 0.04696561396121979
2025-12-06 02:25:31,437 - rlhf_trainer - WARNING - Early stopping due to large KL divergence: 62.82924270629883
2025-12-06 02:25:33,824 - rlhf_trainer - WARNING - Early stopping due to large KL divergence: 23.898263931274414
2025-12-06 02:25:36,165 - rlhf_trainer - WARNING - Early stopping due to large KL divergence: 0.9240018725395203
2025-12-06 02:25:36,168 - utils - INFO - Step 1190:
2025-12-06 02:25:36,168 - utils - INFO -   Policy Loss: 0.0000
2025-12-06 02:25:36,168 - utils - INFO -   Value Loss: 0.1784
2025-12-06 02:25:36,168 - utils - INFO -   Reward Mean: 0.0000
2025-12-06 02:25:36,168 - utils - INFO -   KL Divergence: 0.0000
2025-12-06 02:25:38,519 - rlhf_trainer - WARNING - Early stopping due to large KL divergence: 4788518400.0
2025-12-06 02:25:40,821 - rlhf_trainer - WARNING - Early stopping due to large KL divergence: 0.9444398283958435
2025-12-06 02:25:43,252 - rlhf_trainer - WARNING - Early stopping due to large KL divergence: 1.4904292821884155
2025-12-06 02:25:45,604 - rlhf_trainer - WARNING - Early stopping due to large KL divergence: 1.8902732133865356
2025-12-06 02:25:48,305 - rlhf_trainer - WARNING - Early stopping due to large KL divergence: 4290.48486328125
2025-12-06 02:25:50,698 - rlhf_trainer - WARNING - Early stopping due to large KL divergence: 0.7947285771369934
2025-12-06 02:25:53,054 - rlhf_trainer - WARNING - Early stopping due to large KL divergence: 0.7672444581985474
2025-12-06 02:25:55,343 - rlhf_trainer - WARNING - Early stopping due to large KL divergence: 0.2265009880065918
2025-12-06 02:25:57,760 - rlhf_trainer - WARNING - Early stopping due to large KL divergence: 0.6796314716339111
2025-12-06 02:26:00,139 - rlhf_trainer - WARNING - Early stopping due to large KL divergence: 0.4457719624042511
2025-12-06 02:26:00,142 - utils - INFO - Step 1200:
2025-12-06 02:26:00,142 - utils - INFO -   Policy Loss: 0.0000
2025-12-06 02:26:00,142 - utils - INFO -   Value Loss: 0.1657
2025-12-06 02:26:00,142 - utils - INFO -   Reward Mean: 0.0000
2025-12-06 02:26:00,142 - utils - INFO -   KL Divergence: 0.0000
2025-12-06 02:26:02,525 - rlhf_trainer - WARNING - Early stopping due to large KL divergence: 1.1176648139953613
2025-12-06 02:26:05,031 - rlhf_trainer - WARNING - Early stopping due to large KL divergence: 4.267239570617676
2025-12-06 02:26:07,685 - rlhf_trainer - WARNING - Early stopping due to large KL divergence: 2043568.75
2025-12-06 02:26:10,047 - rlhf_trainer - WARNING - Early stopping due to large KL divergence: 1.5232367515563965
2025-12-06 02:26:12,669 - rlhf_trainer - WARNING - Early stopping due to large KL divergence: 2.0345211029052734
2025-12-06 02:26:15,054 - rlhf_trainer - WARNING - Early stopping due to large KL divergence: 0.6400163173675537
2025-12-06 02:26:17,474 - rlhf_trainer - WARNING - Early stopping due to large KL divergence: 1.5076136589050293
2025-12-06 02:26:19,882 - rlhf_trainer - WARNING - Early stopping due to large KL divergence: 2.218935489654541
2025-12-06 02:26:22,295 - rlhf_trainer - WARNING - Early stopping due to large KL divergence: 1.406578540802002
2025-12-06 02:26:24,649 - rlhf_trainer - WARNING - Early stopping due to large KL divergence: 3.64520525932312
2025-12-06 02:26:24,653 - utils - INFO - Step 1210:
2025-12-06 02:26:24,653 - utils - INFO -   Policy Loss: -0.0000
2025-12-06 02:26:24,653 - utils - INFO -   Value Loss: 0.1670
2025-12-06 02:26:24,653 - utils - INFO -   Reward Mean: 0.0000
2025-12-06 02:26:24,653 - utils - INFO -   KL Divergence: 0.0000
2025-12-06 02:26:27,076 - rlhf_trainer - WARNING - Early stopping due to large KL divergence: 2.960573434829712
2025-12-06 02:26:29,877 - rlhf_trainer - WARNING - Early stopping due to large KL divergence: 2.8453078269958496
2025-12-06 02:26:32,323 - rlhf_trainer - WARNING - Early stopping due to large KL divergence: 0.06022369861602783
2025-12-06 02:26:34,724 - rlhf_trainer - WARNING - Early stopping due to large KL divergence: 4.505934715270996
2025-12-06 02:26:37,167 - rlhf_trainer - WARNING - Early stopping due to large KL divergence: 2.2729530334472656
2025-12-06 02:26:39,530 - rlhf_trainer - WARNING - Early stopping due to large KL divergence: 11.971076965332031
2025-12-06 02:26:42,015 - rlhf_trainer - WARNING - Early stopping due to large KL divergence: 13.357563972473145
2025-12-06 02:26:44,421 - rlhf_trainer - WARNING - Early stopping due to large KL divergence: 73.71419525146484
2025-12-06 02:26:46,737 - rlhf_trainer - WARNING - Early stopping due to large KL divergence: 1.0260846614837646
2025-12-06 02:26:49,120 - rlhf_trainer - WARNING - Early stopping due to large KL divergence: 1.4501179456710815
2025-12-06 02:26:49,123 - utils - INFO - Step 1220:
2025-12-06 02:26:49,123 - utils - INFO -   Policy Loss: 0.0000
2025-12-06 02:26:49,123 - utils - INFO -   Value Loss: 0.1692
2025-12-06 02:26:49,123 - utils - INFO -   Reward Mean: 0.0000
2025-12-06 02:26:49,123 - utils - INFO -   KL Divergence: 0.0000
2025-12-06 02:26:51,519 - rlhf_trainer - WARNING - Early stopping due to large KL divergence: 5.74295711517334
2025-12-06 02:26:53,874 - rlhf_trainer - WARNING - Early stopping due to large KL divergence: 1.7061803340911865
2025-12-06 02:26:56,252 - rlhf_trainer - WARNING - Early stopping due to large KL divergence: 14.209059715270996
2025-12-06 02:26:58,849 - rlhf_trainer - WARNING - Early stopping due to large KL divergence: 7745.94189453125
2025-12-06 02:27:01,261 - rlhf_trainer - WARNING - Early stopping due to large KL divergence: 4.970164775848389
2025-12-06 02:27:03,143 - rlhf_trainer - WARNING - Early stopping due to large KL divergence: 0.03607776761054993
2025-12-06 02:27:05,493 - rlhf_trainer - WARNING - Early stopping due to large KL divergence: 2.3889946937561035
2025-12-06 02:27:07,864 - rlhf_trainer - WARNING - Early stopping due to large KL divergence: 0.1986197680234909
2025-12-06 02:27:10,235 - rlhf_trainer - WARNING - Early stopping due to large KL divergence: 23203.263671875
2025-12-06 02:27:12,585 - rlhf_trainer - WARNING - Early stopping due to large KL divergence: 13.00847053527832
2025-12-06 02:27:12,588 - utils - INFO - Step 1230:
2025-12-06 02:27:12,588 - utils - INFO -   Policy Loss: 0.0000
2025-12-06 02:27:12,588 - utils - INFO -   Value Loss: 0.1384
2025-12-06 02:27:12,588 - utils - INFO -   Reward Mean: 0.0000
2025-12-06 02:27:12,588 - utils - INFO -   KL Divergence: 0.0000
2025-12-06 02:27:15,066 - rlhf_trainer - WARNING - Early stopping due to large KL divergence: 0.8195682764053345
2025-12-06 02:27:17,401 - rlhf_trainer - WARNING - Early stopping due to large KL divergence: 0.8992279767990112
2025-12-06 02:27:19,751 - rlhf_trainer - WARNING - Early stopping due to large KL divergence: 1.4200286865234375
2025-12-06 02:27:22,169 - rlhf_trainer - WARNING - Early stopping due to large KL divergence: 5.925853729248047
2025-12-06 02:27:24,607 - rlhf_trainer - WARNING - Early stopping due to large KL divergence: 1.9794883728027344
2025-12-06 02:27:26,989 - rlhf_trainer - WARNING - Early stopping due to large KL divergence: 2.3913772106170654
2025-12-06 02:27:29,367 - rlhf_trainer - WARNING - Early stopping due to large KL divergence: 107.61212158203125
2025-12-06 02:27:32,247 - rlhf_trainer - WARNING - Early stopping due to large KL divergence: 0.7152513265609741
2025-12-06 02:27:35,013 - rlhf_trainer - WARNING - Early stopping due to large KL divergence: 45.129005432128906
2025-12-06 02:27:37,387 - rlhf_trainer - WARNING - Early stopping due to large KL divergence: 0.8555635809898376
2025-12-06 02:27:37,390 - utils - INFO - Step 1240:
2025-12-06 02:27:37,390 - utils - INFO -   Policy Loss: 0.0000
2025-12-06 02:27:37,390 - utils - INFO -   Value Loss: 0.1748
2025-12-06 02:27:37,390 - utils - INFO -   Reward Mean: -0.0000
2025-12-06 02:27:37,390 - utils - INFO -   KL Divergence: 0.0000
2025-12-06 02:27:39,788 - rlhf_trainer - WARNING - Early stopping due to large KL divergence: 0.3720199465751648
2025-12-06 02:27:42,303 - rlhf_trainer - WARNING - Early stopping due to large KL divergence: 2.5759270191192627
2025-12-06 02:27:44,677 - rlhf_trainer - WARNING - Early stopping due to large KL divergence: 2.341776132583618
2025-12-06 02:27:47,058 - rlhf_trainer - WARNING - Early stopping due to large KL divergence: 2.084777355194092
2025-12-06 02:27:49,414 - rlhf_trainer - WARNING - Early stopping due to large KL divergence: 35.48272705078125
2025-12-06 02:27:51,754 - rlhf_trainer - WARNING - Early stopping due to large KL divergence: 6784.6572265625
2025-12-06 02:27:54,085 - rlhf_trainer - WARNING - Early stopping due to large KL divergence: 136.4835968017578
2025-12-06 02:27:56,460 - rlhf_trainer - WARNING - Early stopping due to large KL divergence: 1096.727294921875
2025-12-06 02:27:58,915 - rlhf_trainer - WARNING - Early stopping due to large KL divergence: 0.048037633299827576
2025-12-06 02:28:01,671 - rlhf_trainer - WARNING - Early stopping due to large KL divergence: 0.5199517011642456
2025-12-06 02:28:01,674 - utils - INFO - Step 1250:
2025-12-06 02:28:01,674 - utils - INFO -   Policy Loss: 0.0000
2025-12-06 02:28:01,674 - utils - INFO -   Value Loss: 0.1557
2025-12-06 02:28:01,674 - utils - INFO -   Reward Mean: 0.0000
2025-12-06 02:28:01,674 - utils - INFO -   KL Divergence: 0.0000
2025-12-06 02:28:04,058 - rlhf_trainer - WARNING - Early stopping due to large KL divergence: 1.2970123291015625
2025-12-06 02:28:06,408 - rlhf_trainer - WARNING - Early stopping due to large KL divergence: 2.3545913696289062
2025-12-06 02:28:08,691 - rlhf_trainer - WARNING - Early stopping due to large KL divergence: 2.1212191581726074
2025-12-06 02:28:11,290 - rlhf_trainer - WARNING - Early stopping due to large KL divergence: 4.843537330627441
2025-12-06 02:28:13,635 - rlhf_trainer - WARNING - Early stopping due to large KL divergence: 0.4812338948249817
2025-12-06 02:28:16,076 - rlhf_trainer - WARNING - Early stopping due to large KL divergence: 0.03676809370517731
2025-12-06 02:28:18,457 - rlhf_trainer - WARNING - Early stopping due to large KL divergence: 1.6635912656784058
2025-12-06 02:28:20,896 - rlhf_trainer - WARNING - Early stopping due to large KL divergence: 1.0068570375442505
2025-12-06 02:28:23,269 - rlhf_trainer - WARNING - Early stopping due to large KL divergence: 1.3596746921539307
2025-12-06 02:28:25,823 - rlhf_trainer - WARNING - Early stopping due to large KL divergence: 3.7966976165771484
2025-12-06 02:28:25,826 - utils - INFO - Step 1260:
2025-12-06 02:28:25,826 - utils - INFO -   Policy Loss: 0.0000
2025-12-06 02:28:25,826 - utils - INFO -   Value Loss: 0.3148
2025-12-06 02:28:25,826 - utils - INFO -   Reward Mean: 0.0000
2025-12-06 02:28:25,826 - utils - INFO -   KL Divergence: 0.0000
2025-12-06 02:28:28,230 - rlhf_trainer - WARNING - Early stopping due to large KL divergence: 4.150058269500732
2025-12-06 02:28:30,590 - rlhf_trainer - WARNING - Early stopping due to large KL divergence: 3.153322219848633
2025-12-06 02:28:32,943 - rlhf_trainer - WARNING - Early stopping due to large KL divergence: 7.386098861694336
2025-12-06 02:28:35,282 - rlhf_trainer - WARNING - Early stopping due to large KL divergence: 2.516343116760254
2025-12-06 02:28:37,684 - rlhf_trainer - WARNING - Early stopping due to large KL divergence: 6.89908504486084
2025-12-06 02:28:40,146 - rlhf_trainer - WARNING - Early stopping due to large KL divergence: 1.12533438205719
2025-12-06 02:28:42,549 - rlhf_trainer - WARNING - Early stopping due to large KL divergence: 0.8002257943153381
2025-12-06 02:28:44,879 - rlhf_trainer - WARNING - Early stopping due to large KL divergence: 7.552777290344238
2025-12-06 02:28:47,164 - rlhf_trainer - WARNING - Early stopping due to large KL divergence: 26.750324249267578
2025-12-06 02:28:49,490 - rlhf_trainer - WARNING - Early stopping due to large KL divergence: 0.2523932158946991
2025-12-06 02:28:49,493 - utils - INFO - Step 1270:
2025-12-06 02:28:49,494 - utils - INFO -   Policy Loss: 0.0000
2025-12-06 02:28:49,494 - utils - INFO -   Value Loss: 0.2859
2025-12-06 02:28:49,494 - utils - INFO -   Reward Mean: -0.0000
2025-12-06 02:28:49,494 - utils - INFO -   KL Divergence: 0.0000
2025-12-06 02:28:52,057 - rlhf_trainer - WARNING - Early stopping due to large KL divergence: 33238904832.0
2025-12-06 02:28:54,424 - rlhf_trainer - WARNING - Early stopping due to large KL divergence: 0.9248769283294678
2025-12-06 02:28:56,849 - rlhf_trainer - WARNING - Early stopping due to large KL divergence: 0.03924085199832916
2025-12-06 02:28:59,289 - rlhf_trainer - WARNING - Early stopping due to large KL divergence: 1.2691173553466797
2025-12-06 02:29:01,759 - rlhf_trainer - WARNING - Early stopping due to large KL divergence: 4.3929853439331055
2025-12-06 02:29:04,204 - rlhf_trainer - WARNING - Early stopping due to large KL divergence: 2.236367702484131
2025-12-06 02:29:07,035 - rlhf_trainer - WARNING - Early stopping due to large KL divergence: 4.936325550079346
2025-12-06 02:29:09,467 - rlhf_trainer - WARNING - Early stopping due to large KL divergence: 3.4618170261383057
2025-12-06 02:29:12,587 - rlhf_trainer - WARNING - Early stopping due to large KL divergence: 196.98809814453125
2025-12-06 02:29:14,992 - rlhf_trainer - WARNING - Early stopping due to large KL divergence: 7.821967124938965
2025-12-06 02:29:14,995 - utils - INFO - Step 1280:
2025-12-06 02:29:14,995 - utils - INFO -   Policy Loss: 0.0000
2025-12-06 02:29:14,996 - utils - INFO -   Value Loss: 0.2635
2025-12-06 02:29:14,996 - utils - INFO -   Reward Mean: 0.0000
2025-12-06 02:29:14,996 - utils - INFO -   KL Divergence: 0.0000
2025-12-06 02:29:19,130 - rlhf_trainer - WARNING - Early stopping due to large KL divergence: 10.378864288330078
2025-12-06 02:29:21,452 - rlhf_trainer - WARNING - Early stopping due to large KL divergence: 3.956937074661255
2025-12-06 02:29:23,916 - rlhf_trainer - WARNING - Early stopping due to large KL divergence: 564.2954711914062
2025-12-06 02:29:26,318 - rlhf_trainer - WARNING - Early stopping due to large KL divergence: 2.3236804008483887
2025-12-06 02:29:28,658 - rlhf_trainer - WARNING - Early stopping due to large KL divergence: 117.59957122802734
2025-12-06 02:29:31,066 - rlhf_trainer - WARNING - Early stopping due to large KL divergence: 11.846665382385254
2025-12-06 02:29:33,593 - rlhf_trainer - WARNING - Early stopping due to large KL divergence: 4.747786521911621
2025-12-06 02:29:35,932 - rlhf_trainer - WARNING - Early stopping due to large KL divergence: 146666.09375
2025-12-06 02:29:38,733 - rlhf_trainer - WARNING - Early stopping due to large KL divergence: 11.539392471313477
2025-12-06 02:29:41,917 - rlhf_trainer - WARNING - Early stopping due to large KL divergence: 46.39201736450195
2025-12-06 02:29:41,921 - utils - INFO - Step 1290:
2025-12-06 02:29:41,921 - utils - INFO -   Policy Loss: -0.0000
2025-12-06 02:29:41,921 - utils - INFO -   Value Loss: 0.1926
2025-12-06 02:29:41,921 - utils - INFO -   Reward Mean: -0.0000
2025-12-06 02:29:41,921 - utils - INFO -   KL Divergence: 0.0000
2025-12-06 02:29:44,690 - rlhf_trainer - WARNING - Early stopping due to large KL divergence: 7.734715461730957
2025-12-06 02:29:47,412 - rlhf_trainer - WARNING - Early stopping due to large KL divergence: 0.8316915035247803
2025-12-06 02:29:49,770 - rlhf_trainer - WARNING - Early stopping due to large KL divergence: 36.71349334716797
2025-12-06 02:29:52,131 - rlhf_trainer - WARNING - Early stopping due to large KL divergence: 857.3165283203125
2025-12-06 02:29:54,471 - rlhf_trainer - WARNING - Early stopping due to large KL divergence: 23.833160400390625
2025-12-06 02:29:58,072 - rlhf_trainer - WARNING - Early stopping due to large KL divergence: 235112.640625
2025-12-06 02:30:00,511 - rlhf_trainer - WARNING - Early stopping due to large KL divergence: 0.05830053985118866
2025-12-06 02:30:02,884 - rlhf_trainer - WARNING - Early stopping due to large KL divergence: 0.6278442740440369
2025-12-06 02:30:05,228 - rlhf_trainer - WARNING - Early stopping due to large KL divergence: 2.8344736099243164
2025-12-06 02:30:07,574 - rlhf_trainer - WARNING - Early stopping due to large KL divergence: 23.02240562438965
2025-12-06 02:30:07,578 - utils - INFO - Step 1300:
2025-12-06 02:30:07,578 - utils - INFO -   Policy Loss: -0.0000
2025-12-06 02:30:07,578 - utils - INFO -   Value Loss: 0.2344
2025-12-06 02:30:07,578 - utils - INFO -   Reward Mean: 0.0000
2025-12-06 02:30:07,578 - utils - INFO -   KL Divergence: 0.0000
2025-12-06 02:30:09,938 - rlhf_trainer - WARNING - Early stopping due to large KL divergence: 96.84754180908203
2025-12-06 02:30:12,307 - rlhf_trainer - WARNING - Early stopping due to large KL divergence: 310.761474609375
2025-12-06 02:30:15,061 - rlhf_trainer - WARNING - Early stopping due to large KL divergence: 0.6861082315444946
2025-12-06 02:30:17,442 - rlhf_trainer - WARNING - Early stopping due to large KL divergence: 3.087369918823242
2025-12-06 02:30:19,829 - rlhf_trainer - WARNING - Early stopping due to large KL divergence: 480.9427795410156
2025-12-06 02:30:22,215 - rlhf_trainer - WARNING - Early stopping due to large KL divergence: 5882.0673828125
2025-12-06 02:30:24,567 - rlhf_trainer - WARNING - Early stopping due to large KL divergence: 0.32535427808761597
2025-12-06 02:30:26,985 - rlhf_trainer - WARNING - Early stopping due to large KL divergence: 0.8728737235069275
2025-12-06 02:30:29,207 - rlhf_trainer - WARNING - Early stopping due to large KL divergence: 418.2122802734375
2025-12-06 02:30:32,039 - rlhf_trainer - WARNING - Early stopping due to large KL divergence: 23.081497192382812
2025-12-06 02:30:32,042 - utils - INFO - Step 1310:
2025-12-06 02:30:32,042 - utils - INFO -   Policy Loss: -0.0000
2025-12-06 02:30:32,042 - utils - INFO -   Value Loss: 0.2087
2025-12-06 02:30:32,042 - utils - INFO -   Reward Mean: -0.0000
2025-12-06 02:30:32,042 - utils - INFO -   KL Divergence: 0.0000
2025-12-06 02:30:34,841 - rlhf_trainer - WARNING - Early stopping due to large KL divergence: 16.114513397216797
2025-12-06 02:30:37,198 - rlhf_trainer - WARNING - Early stopping due to large KL divergence: 53905.80078125
2025-12-06 02:30:39,462 - rlhf_trainer - WARNING - Early stopping due to large KL divergence: 1631.94189453125
2025-12-06 02:30:41,875 - rlhf_trainer - WARNING - Early stopping due to large KL divergence: 0.1275089979171753
2025-12-06 02:30:44,352 - rlhf_trainer - WARNING - Early stopping due to large KL divergence: 66762.640625
2025-12-06 02:30:48,919 - rlhf_trainer - WARNING - Early stopping due to large KL divergence: 1004261.5
2025-12-06 02:30:51,559 - rlhf_trainer - WARNING - Early stopping due to large KL divergence: 22834936.0
2025-12-06 02:30:53,914 - rlhf_trainer - WARNING - Early stopping due to large KL divergence: 1.0192257165908813
2025-12-06 02:30:56,540 - rlhf_trainer - WARNING - Early stopping due to large KL divergence: 3.587475061416626
2025-12-06 02:30:58,922 - rlhf_trainer - WARNING - Early stopping due to large KL divergence: 2.9081413745880127
2025-12-06 02:30:58,925 - utils - INFO - Step 1320:
2025-12-06 02:30:58,926 - utils - INFO -   Policy Loss: 0.0000
2025-12-06 02:30:58,926 - utils - INFO -   Value Loss: 0.3065
2025-12-06 02:30:58,926 - utils - INFO -   Reward Mean: 0.0000
2025-12-06 02:30:58,926 - utils - INFO -   KL Divergence: 0.0000
2025-12-06 02:31:01,398 - rlhf_trainer - WARNING - Early stopping due to large KL divergence: 29.3543758392334
2025-12-06 02:31:03,690 - rlhf_trainer - WARNING - Early stopping due to large KL divergence: 5.320773124694824
2025-12-06 02:31:06,029 - rlhf_trainer - WARNING - Early stopping due to large KL divergence: 83730.09375
2025-12-06 02:31:08,488 - rlhf_trainer - WARNING - Early stopping due to large KL divergence: 0.049790799617767334
2025-12-06 02:31:10,909 - rlhf_trainer - WARNING - Early stopping due to large KL divergence: 2.3012237548828125
2025-12-06 02:31:13,321 - rlhf_trainer - WARNING - Early stopping due to large KL divergence: 2.5086803436279297
2025-12-06 02:31:15,635 - rlhf_trainer - WARNING - Early stopping due to large KL divergence: 6.765246391296387
2025-12-06 02:31:17,974 - rlhf_trainer - WARNING - Early stopping due to large KL divergence: 1.0008716583251953
2025-12-06 02:31:20,349 - rlhf_trainer - WARNING - Early stopping due to large KL divergence: 2.2679972648620605
2025-12-06 02:31:22,774 - rlhf_trainer - WARNING - Early stopping due to large KL divergence: 0.03954195976257324
2025-12-06 02:31:22,777 - utils - INFO - Step 1330:
2025-12-06 02:31:22,777 - utils - INFO -   Policy Loss: -0.0199
2025-12-06 02:31:22,777 - utils - INFO -   Value Loss: 0.3649
2025-12-06 02:31:22,777 - utils - INFO -   Reward Mean: -0.0000
2025-12-06 02:31:22,777 - utils - INFO -   KL Divergence: 0.0013
2025-12-06 02:31:25,175 - rlhf_trainer - WARNING - Early stopping due to large KL divergence: 4.143691062927246
2025-12-06 02:31:27,532 - rlhf_trainer - WARNING - Early stopping due to large KL divergence: 1.3424623012542725
2025-12-06 02:31:29,826 - rlhf_trainer - WARNING - Early stopping due to large KL divergence: 0.17132046818733215
2025-12-06 02:31:32,331 - rlhf_trainer - WARNING - Early stopping due to large KL divergence: 18.230358123779297
2025-12-06 02:31:36,660 - rlhf_trainer - WARNING - Early stopping due to large KL divergence: 8151243.0
2025-12-06 02:31:38,949 - rlhf_trainer - WARNING - Early stopping due to large KL divergence: 10022.00390625
2025-12-06 02:31:41,437 - rlhf_trainer - WARNING - Early stopping due to large KL divergence: 1.2542603015899658
2025-12-06 02:31:43,832 - rlhf_trainer - WARNING - Early stopping due to large KL divergence: 0.3907180428504944
2025-12-06 02:31:46,253 - rlhf_trainer - WARNING - Early stopping due to large KL divergence: 3.0913641452789307
2025-12-06 02:31:48,646 - rlhf_trainer - WARNING - Early stopping due to large KL divergence: 78.91517639160156
2025-12-06 02:31:48,649 - utils - INFO - Step 1340:
2025-12-06 02:31:48,649 - utils - INFO -   Policy Loss: 0.0000
2025-12-06 02:31:48,649 - utils - INFO -   Value Loss: 0.1511
2025-12-06 02:31:48,649 - utils - INFO -   Reward Mean: 0.0000
2025-12-06 02:31:48,649 - utils - INFO -   KL Divergence: 0.0000
2025-12-06 02:31:51,057 - rlhf_trainer - WARNING - Early stopping due to large KL divergence: 7213.30078125
2025-12-06 02:31:53,607 - rlhf_trainer - WARNING - Early stopping due to large KL divergence: 0.8067744374275208
2025-12-06 02:31:55,952 - rlhf_trainer - WARNING - Early stopping due to large KL divergence: 0.8018947839736938
2025-12-06 02:31:58,289 - rlhf_trainer - WARNING - Early stopping due to large KL divergence: 2.016390800476074
2025-12-06 02:32:00,691 - rlhf_trainer - WARNING - Early stopping due to large KL divergence: 2.0568454265594482
2025-12-06 02:32:03,077 - rlhf_trainer - WARNING - Early stopping due to large KL divergence: 0.7710226774215698
2025-12-06 02:32:05,467 - rlhf_trainer - WARNING - Early stopping due to large KL divergence: 99.88633728027344
2025-12-06 02:32:07,867 - rlhf_trainer - WARNING - Early stopping due to large KL divergence: 0.9691028594970703
2025-12-06 02:32:10,240 - rlhf_trainer - WARNING - Early stopping due to large KL divergence: 3.152345657348633
2025-12-06 02:32:12,597 - rlhf_trainer - WARNING - Early stopping due to large KL divergence: 10.166905403137207
2025-12-06 02:32:12,600 - utils - INFO - Step 1350:
2025-12-06 02:32:12,600 - utils - INFO -   Policy Loss: 0.0000
2025-12-06 02:32:12,600 - utils - INFO -   Value Loss: 0.1421
2025-12-06 02:32:12,600 - utils - INFO -   Reward Mean: -0.0000
2025-12-06 02:32:12,600 - utils - INFO -   KL Divergence: 0.0000
2025-12-06 02:32:14,967 - rlhf_trainer - WARNING - Early stopping due to large KL divergence: 4.087263107299805
2025-12-06 02:32:17,319 - rlhf_trainer - WARNING - Early stopping due to large KL divergence: 1.761513590812683
2025-12-06 02:32:20,050 - rlhf_trainer - WARNING - Early stopping due to large KL divergence: 0.05202612280845642
2025-12-06 02:32:22,433 - rlhf_trainer - WARNING - Early stopping due to large KL divergence: 3.8375680446624756
2025-12-06 02:32:24,791 - rlhf_trainer - WARNING - Early stopping due to large KL divergence: 5.065217971801758
2025-12-06 02:32:28,309 - rlhf_trainer - WARNING - Early stopping due to large KL divergence: 12.521585464477539
2025-12-06 02:32:30,726 - rlhf_trainer - WARNING - Early stopping due to large KL divergence: 6.817117691040039
2025-12-06 02:32:33,134 - rlhf_trainer - WARNING - Early stopping due to large KL divergence: 1.893399953842163
2025-12-06 02:32:35,523 - rlhf_trainer - WARNING - Early stopping due to large KL divergence: 1.7943289279937744
2025-12-06 02:32:37,900 - rlhf_trainer - WARNING - Early stopping due to large KL divergence: 2.600865602493286
2025-12-06 02:32:37,903 - utils - INFO - Step 1360:
2025-12-06 02:32:37,903 - utils - INFO -   Policy Loss: 0.0000
2025-12-06 02:32:37,903 - utils - INFO -   Value Loss: 0.1207
2025-12-06 02:32:37,904 - utils - INFO -   Reward Mean: -0.0000
2025-12-06 02:32:37,904 - utils - INFO -   KL Divergence: 0.0000
2025-12-06 02:32:40,266 - rlhf_trainer - WARNING - Early stopping due to large KL divergence: 1.7323988676071167
2025-12-06 02:32:42,677 - rlhf_trainer - WARNING - Early stopping due to large KL divergence: 1.9115228652954102
2025-12-06 02:32:45,068 - rlhf_trainer - WARNING - Early stopping due to large KL divergence: 3.0404651165008545
2025-12-06 02:32:47,422 - rlhf_trainer - WARNING - Early stopping due to large KL divergence: 3.3150415420532227
2025-12-06 02:32:49,757 - rlhf_trainer - WARNING - Early stopping due to large KL divergence: 1.0423870086669922
2025-12-06 02:32:52,141 - rlhf_trainer - WARNING - Early stopping due to large KL divergence: 7.402146339416504
2025-12-06 02:32:54,563 - rlhf_trainer - WARNING - Early stopping due to large KL divergence: 1.8368756771087646
2025-12-06 02:32:56,853 - rlhf_trainer - WARNING - Early stopping due to large KL divergence: 1.5048421621322632
2025-12-06 02:32:59,223 - rlhf_trainer - WARNING - Early stopping due to large KL divergence: 3.174509048461914
2025-12-06 02:33:01,752 - rlhf_trainer - WARNING - Early stopping due to large KL divergence: 2.5153555870056152
2025-12-06 02:33:01,755 - utils - INFO - Step 1370:
2025-12-06 02:33:01,755 - utils - INFO -   Policy Loss: 0.0000
2025-12-06 02:33:01,755 - utils - INFO -   Value Loss: 0.1967
2025-12-06 02:33:01,755 - utils - INFO -   Reward Mean: 0.0000
2025-12-06 02:33:01,755 - utils - INFO -   KL Divergence: 0.0000
2025-12-06 02:33:04,183 - rlhf_trainer - WARNING - Early stopping due to large KL divergence: 214.28041076660156
2025-12-06 02:33:06,648 - rlhf_trainer - WARNING - Early stopping due to large KL divergence: 2.8700294494628906
2025-12-06 02:33:09,038 - rlhf_trainer - WARNING - Early stopping due to large KL divergence: 0.1313944011926651
2025-12-06 02:33:11,521 - rlhf_trainer - WARNING - Early stopping due to large KL divergence: 0.03550003468990326
2025-12-06 02:33:14,434 - rlhf_trainer - WARNING - Early stopping due to large KL divergence: 23.968852996826172
2025-12-06 02:33:16,771 - rlhf_trainer - WARNING - Early stopping due to large KL divergence: 14.513496398925781
2025-12-06 02:33:19,153 - rlhf_trainer - WARNING - Early stopping due to large KL divergence: 313082.71875
2025-12-06 02:33:21,494 - rlhf_trainer - WARNING - Early stopping due to large KL divergence: 0.9872334003448486
2025-12-06 02:33:23,878 - rlhf_trainer - WARNING - Early stopping due to large KL divergence: 4.106709003448486
2025-12-06 02:33:26,239 - rlhf_trainer - WARNING - Early stopping due to large KL divergence: 0.5727768540382385
2025-12-06 02:33:26,243 - utils - INFO - Step 1380:
2025-12-06 02:33:26,243 - utils - INFO -   Policy Loss: 0.0000
2025-12-06 02:33:26,243 - utils - INFO -   Value Loss: 0.1926
2025-12-06 02:33:26,243 - utils - INFO -   Reward Mean: 0.0000
2025-12-06 02:33:26,243 - utils - INFO -   KL Divergence: 0.0000
2025-12-06 02:33:28,580 - rlhf_trainer - WARNING - Early stopping due to large KL divergence: 5.327323913574219
2025-12-06 02:33:30,960 - rlhf_trainer - WARNING - Early stopping due to large KL divergence: 1.226641058921814
2025-12-06 02:33:33,397 - rlhf_trainer - WARNING - Early stopping due to large KL divergence: 3.277017593383789
2025-12-06 02:33:35,754 - rlhf_trainer - WARNING - Early stopping due to large KL divergence: 73.03778839111328
2025-12-06 02:33:38,102 - rlhf_trainer - WARNING - Early stopping due to large KL divergence: 0.4688158631324768
2025-12-06 02:33:40,451 - rlhf_trainer - WARNING - Early stopping due to large KL divergence: 1.011305570602417
2025-12-06 02:33:42,900 - rlhf_trainer - WARNING - Early stopping due to large KL divergence: 0.04859566688537598
2025-12-06 02:33:45,229 - rlhf_trainer - WARNING - Early stopping due to large KL divergence: 1.8281383514404297
2025-12-06 02:33:47,519 - rlhf_trainer - WARNING - Early stopping due to large KL divergence: 0.9131286144256592
2025-12-06 02:33:49,892 - rlhf_trainer - WARNING - Early stopping due to large KL divergence: 1.7234230041503906
2025-12-06 02:33:49,895 - utils - INFO - Step 1390:
2025-12-06 02:33:49,895 - utils - INFO -   Policy Loss: 0.0000
2025-12-06 02:33:49,895 - utils - INFO -   Value Loss: 0.1740
2025-12-06 02:33:49,895 - utils - INFO -   Reward Mean: -0.0000
2025-12-06 02:33:49,895 - utils - INFO -   KL Divergence: 0.0000
2025-12-06 02:33:52,298 - rlhf_trainer - WARNING - Early stopping due to large KL divergence: 0.6251676678657532
2025-12-06 02:33:54,688 - rlhf_trainer - WARNING - Early stopping due to large KL divergence: 1.3023269176483154
2025-12-06 02:33:57,034 - rlhf_trainer - WARNING - Early stopping due to large KL divergence: 36205484.0
2025-12-06 02:33:59,369 - rlhf_trainer - WARNING - Early stopping due to large KL divergence: 2.059117317199707
2025-12-06 02:34:01,711 - rlhf_trainer - WARNING - Early stopping due to large KL divergence: 2.953176736831665
2025-12-06 02:34:04,046 - rlhf_trainer - WARNING - Early stopping due to large KL divergence: 28.090864181518555
2025-12-06 02:34:06,384 - rlhf_trainer - WARNING - Early stopping due to large KL divergence: 0.9904975891113281
2025-12-06 02:34:08,759 - rlhf_trainer - WARNING - Early stopping due to large KL divergence: 0.5269392728805542
2025-12-06 02:34:11,362 - rlhf_trainer - WARNING - Early stopping due to large KL divergence: 2.0802767276763916
2025-12-06 02:34:13,643 - rlhf_trainer - WARNING - Early stopping due to large KL divergence: 0.8982476592063904
2025-12-06 02:34:13,646 - utils - INFO - Step 1400:
2025-12-06 02:34:13,646 - utils - INFO -   Policy Loss: 0.0000
2025-12-06 02:34:13,646 - utils - INFO -   Value Loss: 6.0398
2025-12-06 02:34:13,646 - utils - INFO -   Reward Mean: 0.0000
2025-12-06 02:34:13,646 - utils - INFO -   KL Divergence: 0.0000
2025-12-06 02:34:16,008 - rlhf_trainer - WARNING - Early stopping due to large KL divergence: 93.4925765991211
2025-12-06 02:34:18,417 - rlhf_trainer - WARNING - Early stopping due to large KL divergence: 2.429506778717041
2025-12-06 02:34:20,735 - rlhf_trainer - WARNING - Early stopping due to large KL divergence: 3.1793744564056396
2025-12-06 02:34:23,115 - rlhf_trainer - WARNING - Early stopping due to large KL divergence: 2.167816162109375
2025-12-06 02:34:25,889 - rlhf_trainer - WARNING - Early stopping due to large KL divergence: 1.6313486099243164
2025-12-06 02:34:28,666 - rlhf_trainer - WARNING - Early stopping due to large KL divergence: 0.06918135285377502
2025-12-06 02:34:31,077 - rlhf_trainer - WARNING - Early stopping due to large KL divergence: 4.300952911376953
2025-12-06 02:34:33,469 - rlhf_trainer - WARNING - Early stopping due to large KL divergence: 2.460352659225464
2025-12-06 02:34:36,232 - rlhf_trainer - WARNING - Early stopping due to large KL divergence: 7.422905921936035
2025-12-06 02:34:39,131 - rlhf_trainer - WARNING - Early stopping due to large KL divergence: 7.333461761474609
2025-12-06 02:34:39,134 - utils - INFO - Step 1410:
2025-12-06 02:34:39,134 - utils - INFO -   Policy Loss: 0.0000
2025-12-06 02:34:39,134 - utils - INFO -   Value Loss: 0.2192
2025-12-06 02:34:39,134 - utils - INFO -   Reward Mean: 0.0000
2025-12-06 02:34:39,134 - utils - INFO -   KL Divergence: 0.0000
2025-12-06 02:34:44,077 - rlhf_trainer - WARNING - Early stopping due to large KL divergence: 2.0555225570371174e+18
2025-12-06 02:34:46,610 - rlhf_trainer - WARNING - Early stopping due to large KL divergence: 1.370116114616394
2025-12-06 02:34:48,940 - rlhf_trainer - WARNING - Early stopping due to large KL divergence: 2.7223002910614014
2025-12-06 02:34:51,643 - rlhf_trainer - WARNING - Early stopping due to large KL divergence: 2977.357177734375
2025-12-06 02:34:54,041 - rlhf_trainer - WARNING - Early stopping due to large KL divergence: 5.8461833000183105
2025-12-06 02:34:56,423 - rlhf_trainer - WARNING - Early stopping due to large KL divergence: 2.0428819054313532e+25
2025-12-06 02:34:58,796 - rlhf_trainer - WARNING - Early stopping due to large KL divergence: 240517.296875
2025-12-06 02:35:01,181 - rlhf_trainer - WARNING - Early stopping due to large KL divergence: 1.6541606187820435
2025-12-06 02:35:03,561 - rlhf_trainer - WARNING - Early stopping due to large KL divergence: 21554295472128.0
2025-12-06 02:35:05,916 - rlhf_trainer - WARNING - Early stopping due to large KL divergence: 0.17399096488952637
2025-12-06 02:35:05,919 - utils - INFO - Step 1420:
2025-12-06 02:35:05,919 - utils - INFO -   Policy Loss: -0.0000
2025-12-06 02:35:05,919 - utils - INFO -   Value Loss: 0.1887
2025-12-06 02:35:05,919 - utils - INFO -   Reward Mean: 0.0000
2025-12-06 02:35:05,919 - utils - INFO -   KL Divergence: 0.0000
2025-12-06 02:35:08,309 - rlhf_trainer - WARNING - Early stopping due to large KL divergence: 0.9619038105010986
2025-12-06 02:35:10,712 - rlhf_trainer - WARNING - Early stopping due to large KL divergence: 3.815230369567871
2025-12-06 02:35:13,148 - rlhf_trainer - WARNING - Early stopping due to large KL divergence: 2440.6318359375
2025-12-06 02:35:15,604 - rlhf_trainer - WARNING - Early stopping due to large KL divergence: 1707.0662841796875
2025-12-06 02:35:18,283 - rlhf_trainer - WARNING - Early stopping due to large KL divergence: 298.4915771484375
2025-12-06 02:35:20,674 - rlhf_trainer - WARNING - Early stopping due to large KL divergence: 11.036758422851562
2025-12-06 02:35:23,185 - rlhf_trainer - WARNING - Early stopping due to large KL divergence: 183.13052368164062
2025-12-06 02:35:25,926 - rlhf_trainer - WARNING - Early stopping due to large KL divergence: 797150.1875
2025-12-06 02:35:28,267 - rlhf_trainer - WARNING - Early stopping due to large KL divergence: 4.533777713775635
2025-12-06 02:35:30,668 - rlhf_trainer - WARNING - Early stopping due to large KL divergence: 199.78131103515625
2025-12-06 02:35:30,671 - utils - INFO - Step 1430:
2025-12-06 02:35:30,672 - utils - INFO -   Policy Loss: -0.0000
2025-12-06 02:35:30,672 - utils - INFO -   Value Loss: 0.2849
2025-12-06 02:35:30,672 - utils - INFO -   Reward Mean: -0.0000
2025-12-06 02:35:30,672 - utils - INFO -   KL Divergence: 0.0000
2025-12-06 02:35:33,061 - rlhf_trainer - WARNING - Early stopping due to large KL divergence: 0.7425500154495239
2025-12-06 02:35:35,444 - rlhf_trainer - WARNING - Early stopping due to large KL divergence: 4.823065280914307
2025-12-06 02:35:37,932 - rlhf_trainer - WARNING - Early stopping due to large KL divergence: 3.12198805809021
2025-12-06 02:35:40,280 - rlhf_trainer - WARNING - Early stopping due to large KL divergence: 446505.4375
2025-12-06 02:35:42,677 - rlhf_trainer - WARNING - Early stopping due to large KL divergence: 1968.8568115234375
2025-12-06 02:35:45,051 - rlhf_trainer - WARNING - Early stopping due to large KL divergence: 1.1200608015060425
2025-12-06 02:35:47,388 - rlhf_trainer - WARNING - Early stopping due to large KL divergence: 1.523195743560791
2025-12-06 02:35:49,785 - rlhf_trainer - WARNING - Early stopping due to large KL divergence: 0.03032490611076355
2025-12-06 02:35:52,154 - rlhf_trainer - WARNING - Early stopping due to large KL divergence: 1075.6141357421875
2025-12-06 02:35:55,270 - rlhf_trainer - WARNING - Early stopping due to large KL divergence: 20.604787826538086
2025-12-06 02:35:55,273 - utils - INFO - Step 1440:
2025-12-06 02:35:55,273 - utils - INFO -   Policy Loss: 0.0000
2025-12-06 02:35:55,273 - utils - INFO -   Value Loss: 0.1981
2025-12-06 02:35:55,274 - utils - INFO -   Reward Mean: 0.0000
2025-12-06 02:35:55,274 - utils - INFO -   KL Divergence: 0.0000
2025-12-06 02:35:57,604 - rlhf_trainer - WARNING - Early stopping due to large KL divergence: 111903.859375
2025-12-06 02:35:59,934 - rlhf_trainer - WARNING - Early stopping due to large KL divergence: 1.6154942512512207
2025-12-06 02:36:02,228 - rlhf_trainer - WARNING - Early stopping due to large KL divergence: 1.2561111450195312
2025-12-06 02:36:04,655 - rlhf_trainer - WARNING - Early stopping due to large KL divergence: 3.2669882774353027
2025-12-06 02:36:07,127 - rlhf_trainer - WARNING - Early stopping due to large KL divergence: 1.1072887182235718
2025-12-06 02:36:09,499 - rlhf_trainer - WARNING - Early stopping due to large KL divergence: 10.70251750946045
2025-12-06 02:36:11,857 - rlhf_trainer - WARNING - Early stopping due to large KL divergence: 2.5310702323913574
2025-12-06 02:36:14,210 - rlhf_trainer - WARNING - Early stopping due to large KL divergence: 0.13863234221935272
2025-12-06 02:36:16,628 - rlhf_trainer - WARNING - Early stopping due to large KL divergence: 0.055277273058891296
2025-12-06 02:36:19,013 - rlhf_trainer - WARNING - Early stopping due to large KL divergence: 1.5141267776489258
2025-12-06 02:36:19,016 - utils - INFO - Step 1450:
2025-12-06 02:36:19,016 - utils - INFO -   Policy Loss: 0.0000
2025-12-06 02:36:19,016 - utils - INFO -   Value Loss: 0.2104
2025-12-06 02:36:19,016 - utils - INFO -   Reward Mean: -0.0000
2025-12-06 02:36:19,016 - utils - INFO -   KL Divergence: 0.0000
2025-12-06 02:36:21,400 - rlhf_trainer - WARNING - Early stopping due to large KL divergence: 315.44940185546875
2025-12-06 02:36:23,841 - rlhf_trainer - WARNING - Early stopping due to large KL divergence: 0.06046287715435028
2025-12-06 02:36:26,205 - rlhf_trainer - WARNING - Early stopping due to large KL divergence: 0.37634965777397156
2025-12-06 02:36:28,535 - rlhf_trainer - WARNING - Early stopping due to large KL divergence: 2.065248966217041
2025-12-06 02:36:30,895 - rlhf_trainer - WARNING - Early stopping due to large KL divergence: 57798.76171875
2025-12-06 02:36:33,246 - rlhf_trainer - WARNING - Early stopping due to large KL divergence: 4.925942420959473
2025-12-06 02:36:35,466 - rlhf_trainer - WARNING - Early stopping due to large KL divergence: 0.0775284618139267
2025-12-06 02:36:38,191 - rlhf_trainer - WARNING - Early stopping due to large KL divergence: 0.02944783866405487
2025-12-06 02:36:40,744 - rlhf_trainer - WARNING - Early stopping due to large KL divergence: 0.8127691745758057
2025-12-06 02:36:43,135 - rlhf_trainer - WARNING - Early stopping due to large KL divergence: 2.2358102798461914
2025-12-06 02:36:43,138 - utils - INFO - Step 1460:
2025-12-06 02:36:43,138 - utils - INFO -   Policy Loss: -0.0000
2025-12-06 02:36:43,138 - utils - INFO -   Value Loss: 0.1310
2025-12-06 02:36:43,139 - utils - INFO -   Reward Mean: 0.0000
2025-12-06 02:36:43,139 - utils - INFO -   KL Divergence: 0.0000
2025-12-06 02:36:45,519 - rlhf_trainer - WARNING - Early stopping due to large KL divergence: 31.056123733520508
2025-12-06 02:36:47,844 - rlhf_trainer - WARNING - Early stopping due to large KL divergence: 0.0597483366727829
2025-12-06 02:36:50,129 - rlhf_trainer - WARNING - Early stopping due to large KL divergence: 3.5990467071533203
2025-12-06 02:36:52,509 - rlhf_trainer - WARNING - Early stopping due to large KL divergence: 1624445184.0
2025-12-06 02:36:54,879 - rlhf_trainer - WARNING - Early stopping due to large KL divergence: 3.524709922719662e+17
2025-12-06 02:36:57,249 - rlhf_trainer - WARNING - Early stopping due to large KL divergence: 27.824398040771484
2025-12-06 02:36:59,589 - rlhf_trainer - WARNING - Early stopping due to large KL divergence: 1.354092001914978
2025-12-06 02:37:02,004 - rlhf_trainer - WARNING - Early stopping due to large KL divergence: 72.6576919555664
2025-12-06 02:37:04,439 - rlhf_trainer - WARNING - Early stopping due to large KL divergence: 2.07242488861084
2025-12-06 02:37:06,749 - rlhf_trainer - WARNING - Early stopping due to large KL divergence: 205912539136.0
2025-12-06 02:37:06,753 - utils - INFO - Step 1470:
2025-12-06 02:37:06,753 - utils - INFO -   Policy Loss: 0.0000
2025-12-06 02:37:06,753 - utils - INFO -   Value Loss: 27.3919
2025-12-06 02:37:06,753 - utils - INFO -   Reward Mean: -0.0000
2025-12-06 02:37:06,753 - utils - INFO -   KL Divergence: 0.0000
2025-12-06 02:37:09,150 - rlhf_trainer - WARNING - Early stopping due to large KL divergence: 53246.62109375
2025-12-06 02:37:11,580 - rlhf_trainer - WARNING - Early stopping due to large KL divergence: 0.05374331772327423
2025-12-06 02:37:13,955 - rlhf_trainer - WARNING - Early stopping due to large KL divergence: 155817216.0
2025-12-06 02:37:17,264 - rlhf_trainer - WARNING - Early stopping due to large KL divergence: 971461.875
2025-12-06 02:37:19,642 - rlhf_trainer - WARNING - Early stopping due to large KL divergence: 1.2528340816497803
2025-12-06 02:37:22,047 - rlhf_trainer - WARNING - Early stopping due to large KL divergence: 16917.8203125
2025-12-06 02:37:24,412 - rlhf_trainer - WARNING - Early stopping due to large KL divergence: 0.7998562455177307
2025-12-06 02:37:26,810 - rlhf_trainer - WARNING - Early stopping due to large KL divergence: 1.3904516696929932
2025-12-06 02:37:29,191 - rlhf_trainer - WARNING - Early stopping due to large KL divergence: 16390301696.0
2025-12-06 02:37:31,609 - rlhf_trainer - WARNING - Early stopping due to large KL divergence: 2.4936041831970215
2025-12-06 02:37:31,612 - utils - INFO - Step 1480:
2025-12-06 02:37:31,612 - utils - INFO -   Policy Loss: 0.0000
2025-12-06 02:37:31,612 - utils - INFO -   Value Loss: 0.1873
2025-12-06 02:37:31,612 - utils - INFO -   Reward Mean: -0.0000
2025-12-06 02:37:31,612 - utils - INFO -   KL Divergence: 0.0000
2025-12-06 02:37:33,998 - rlhf_trainer - WARNING - Early stopping due to large KL divergence: 3.57604282208564e+19
2025-12-06 02:37:36,392 - rlhf_trainer - WARNING - Early stopping due to large KL divergence: 2.661987781524658
2025-12-06 02:37:38,765 - rlhf_trainer - WARNING - Early stopping due to large KL divergence: 194391632.0
2025-12-06 02:37:41,209 - rlhf_trainer - WARNING - Early stopping due to large KL divergence: 3268532.75
2025-12-06 02:37:43,560 - rlhf_trainer - WARNING - Early stopping due to large KL divergence: 2.1575376987457275
2025-12-06 02:37:46,056 - rlhf_trainer - WARNING - Early stopping due to large KL divergence: 1.4053819179534912
2025-12-06 02:37:48,383 - rlhf_trainer - WARNING - Early stopping due to large KL divergence: 5.094245179183858e+18
2025-12-06 02:37:50,716 - rlhf_trainer - WARNING - Early stopping due to large KL divergence: 113.3447265625
2025-12-06 02:37:53,094 - rlhf_trainer - WARNING - Early stopping due to large KL divergence: 520856384.0
2025-12-06 02:37:55,481 - rlhf_trainer - WARNING - Early stopping due to large KL divergence: 0.5066643953323364
2025-12-06 02:37:55,484 - utils - INFO - Step 1490:
2025-12-06 02:37:55,484 - utils - INFO -   Policy Loss: 0.0000
2025-12-06 02:37:55,484 - utils - INFO -   Value Loss: 0.1966
2025-12-06 02:37:55,484 - utils - INFO -   Reward Mean: -0.0000
2025-12-06 02:37:55,484 - utils - INFO -   KL Divergence: 0.0000
2025-12-06 02:37:57,850 - rlhf_trainer - WARNING - Early stopping due to large KL divergence: 317060349952.0
2025-12-06 02:38:00,210 - rlhf_trainer - WARNING - Early stopping due to large KL divergence: 371420832.0
2025-12-06 02:38:02,600 - rlhf_trainer - WARNING - Early stopping due to large KL divergence: 96891240.0
2025-12-06 02:38:04,965 - rlhf_trainer - WARNING - Early stopping due to large KL divergence: 65589248000.0
2025-12-06 02:38:07,310 - rlhf_trainer - WARNING - Early stopping due to large KL divergence: 60054248.0
2025-12-06 02:38:09,641 - rlhf_trainer - WARNING - Early stopping due to large KL divergence: 7104095487787008.0
2025-12-06 02:38:12,064 - rlhf_trainer - WARNING - Early stopping due to large KL divergence: 0.07148371636867523
2025-12-06 02:38:14,431 - rlhf_trainer - WARNING - Early stopping due to large KL divergence: 370938071744512.0
2025-12-06 02:38:17,128 - rlhf_trainer - WARNING - Early stopping due to large KL divergence: 7.122898843022979e+28
2025-12-06 02:38:19,496 - rlhf_trainer - WARNING - Early stopping due to large KL divergence: 22489.51171875
2025-12-06 02:38:19,499 - utils - INFO - Step 1500:
2025-12-06 02:38:19,499 - utils - INFO -   Policy Loss: 0.0000
2025-12-06 02:38:19,499 - utils - INFO -   Value Loss: 0.2075
2025-12-06 02:38:19,499 - utils - INFO -   Reward Mean: -0.0000
2025-12-06 02:38:19,499 - utils - INFO -   KL Divergence: 0.0000
2025-12-06 02:38:21,905 - rlhf_trainer - WARNING - Early stopping due to large KL divergence: 0.31855252385139465
2025-12-06 02:38:24,185 - rlhf_trainer - WARNING - Early stopping due to large KL divergence: 4.604214191436768
2025-12-06 02:38:26,595 - rlhf_trainer - WARNING - Early stopping due to large KL divergence: 1841.125732421875
2025-12-06 02:38:28,913 - rlhf_trainer - WARNING - Early stopping due to large KL divergence: 5.344066619873047
2025-12-06 02:38:31,328 - rlhf_trainer - WARNING - Early stopping due to large KL divergence: 7.934642314910889
2025-12-06 02:38:33,751 - rlhf_trainer - WARNING - Early stopping due to large KL divergence: 18.098342895507812
2025-12-06 02:38:36,125 - rlhf_trainer - WARNING - Early stopping due to large KL divergence: 3.699817657470703
2025-12-06 02:38:38,474 - rlhf_trainer - WARNING - Early stopping due to large KL divergence: 5.674238204956055
2025-12-06 02:38:40,825 - rlhf_trainer - WARNING - Early stopping due to large KL divergence: 12.455978393554688
2025-12-06 02:38:43,115 - rlhf_trainer - WARNING - Early stopping due to large KL divergence: 1.7848236560821533
2025-12-06 02:38:43,119 - utils - INFO - Step 1510:
2025-12-06 02:38:43,119 - utils - INFO -   Policy Loss: 0.0000
2025-12-06 02:38:43,119 - utils - INFO -   Value Loss: 48.8221
2025-12-06 02:38:43,120 - utils - INFO -   Reward Mean: 0.0000
2025-12-06 02:38:43,120 - utils - INFO -   KL Divergence: 0.0000
2025-12-06 02:38:45,471 - rlhf_trainer - WARNING - Early stopping due to large KL divergence: 13.00244140625
2025-12-06 02:38:47,866 - rlhf_trainer - WARNING - Early stopping due to large KL divergence: 5.727434158325195
2025-12-06 02:38:50,340 - rlhf_trainer - WARNING - Early stopping due to large KL divergence: 5.316561698913574
2025-12-06 02:38:52,887 - rlhf_trainer - WARNING - Early stopping due to large KL divergence: 2.325148105621338
2025-12-06 02:38:55,242 - rlhf_trainer - WARNING - Early stopping due to large KL divergence: 1.8466315269470215
2025-12-06 02:38:57,616 - rlhf_trainer - WARNING - Early stopping due to large KL divergence: 0.3232991695404053
2025-12-06 02:39:00,143 - rlhf_trainer - WARNING - Early stopping due to large KL divergence: 3.1611900329589844
2025-12-06 02:39:02,513 - rlhf_trainer - WARNING - Early stopping due to large KL divergence: 3.6560616493225098
2025-12-06 02:39:04,900 - rlhf_trainer - WARNING - Early stopping due to large KL divergence: 1.24164879322052
2025-12-06 02:39:07,273 - rlhf_trainer - WARNING - Early stopping due to large KL divergence: 6.211284637451172
2025-12-06 02:39:07,277 - utils - INFO - Step 1520:
2025-12-06 02:39:07,277 - utils - INFO -   Policy Loss: 0.0000
2025-12-06 02:39:07,277 - utils - INFO -   Value Loss: 0.1820
2025-12-06 02:39:07,277 - utils - INFO -   Reward Mean: -0.0000
2025-12-06 02:39:07,277 - utils - INFO -   KL Divergence: 0.0000
2025-12-06 02:39:09,670 - rlhf_trainer - WARNING - Early stopping due to large KL divergence: 3.0205230712890625
2025-12-06 02:39:13,011 - rlhf_trainer - WARNING - Early stopping due to large KL divergence: 10.870626449584961
2025-12-06 02:39:15,330 - rlhf_trainer - WARNING - Early stopping due to large KL divergence: 12.938011169433594
2025-12-06 02:39:18,195 - rlhf_trainer - WARNING - Early stopping due to large KL divergence: 0.7248966097831726
2025-12-06 02:39:21,055 - rlhf_trainer - WARNING - Early stopping due to large KL divergence: 1.5188851356506348
2025-12-06 02:39:23,327 - rlhf_trainer - WARNING - Early stopping due to large KL divergence: 2.5999836921691895
2025-12-06 02:39:25,715 - rlhf_trainer - WARNING - Early stopping due to large KL divergence: 2.2470667362213135
2025-12-06 02:39:28,379 - rlhf_trainer - WARNING - Early stopping due to large KL divergence: 1.131740689277649
2025-12-06 02:39:30,739 - rlhf_trainer - WARNING - Early stopping due to large KL divergence: 34801476.0
2025-12-06 02:39:33,156 - rlhf_trainer - WARNING - Early stopping due to large KL divergence: 6.741860389709473
2025-12-06 02:39:33,159 - utils - INFO - Step 1530:
2025-12-06 02:39:33,159 - utils - INFO -   Policy Loss: 0.0000
2025-12-06 02:39:33,160 - utils - INFO -   Value Loss: 0.2318
2025-12-06 02:39:33,160 - utils - INFO -   Reward Mean: 0.0000
2025-12-06 02:39:33,160 - utils - INFO -   KL Divergence: 0.0000
2025-12-06 02:39:35,513 - rlhf_trainer - WARNING - Early stopping due to large KL divergence: 12812.81640625
2025-12-06 02:39:37,888 - rlhf_trainer - WARNING - Early stopping due to large KL divergence: 1.887177586555481
2025-12-06 02:39:40,244 - rlhf_trainer - WARNING - Early stopping due to large KL divergence: 3.5327534675598145
2025-12-06 02:39:42,662 - rlhf_trainer - WARNING - Early stopping due to large KL divergence: 0.40522855520248413
2025-12-06 02:39:44,968 - rlhf_trainer - WARNING - Early stopping due to large KL divergence: 1.2241473197937012
2025-12-06 02:39:47,303 - rlhf_trainer - WARNING - Early stopping due to large KL divergence: 11380.2998046875
2025-12-06 02:39:49,685 - rlhf_trainer - WARNING - Early stopping due to large KL divergence: 81.14374542236328
2025-12-06 02:39:52,333 - rlhf_trainer - WARNING - Early stopping due to large KL divergence: 38797.46484375
2025-12-06 02:39:54,693 - rlhf_trainer - WARNING - Early stopping due to large KL divergence: 9.42086410522461
2025-12-06 02:39:56,988 - rlhf_trainer - WARNING - Early stopping due to large KL divergence: 5.146043300628662
2025-12-06 02:39:56,991 - utils - INFO - Step 1540:
2025-12-06 02:39:56,991 - utils - INFO -   Policy Loss: 0.0000
2025-12-06 02:39:56,991 - utils - INFO -   Value Loss: 3.4877
2025-12-06 02:39:56,991 - utils - INFO -   Reward Mean: -0.0000
2025-12-06 02:39:56,991 - utils - INFO -   KL Divergence: 0.0000
2025-12-06 02:39:59,566 - rlhf_trainer - WARNING - Early stopping due to large KL divergence: 1.0885510444641113
2025-12-06 02:40:01,848 - rlhf_trainer - WARNING - Early stopping due to large KL divergence: 0.7174453735351562
2025-12-06 02:40:04,757 - rlhf_trainer - WARNING - Early stopping due to large KL divergence: 107.0749740600586
2025-12-06 02:40:07,159 - rlhf_trainer - WARNING - Early stopping due to large KL divergence: 9800.50390625
2025-12-06 02:40:09,553 - rlhf_trainer - WARNING - Early stopping due to large KL divergence: 1.6179847717285156
2025-12-06 02:40:11,932 - rlhf_trainer - WARNING - Early stopping due to large KL divergence: 3843.16357421875
2025-12-06 02:40:14,297 - rlhf_trainer - WARNING - Early stopping due to large KL divergence: 1.6078643798828125
2025-12-06 02:40:16,640 - rlhf_trainer - WARNING - Early stopping due to large KL divergence: 189.2971954345703
2025-12-06 02:40:18,986 - rlhf_trainer - WARNING - Early stopping due to large KL divergence: 22.40061378479004
2025-12-06 02:40:21,396 - rlhf_trainer - WARNING - Early stopping due to large KL divergence: 1840189.125
2025-12-06 02:40:21,399 - utils - INFO - Step 1550:
2025-12-06 02:40:21,400 - utils - INFO -   Policy Loss: 0.0000
2025-12-06 02:40:21,400 - utils - INFO -   Value Loss: 0.1820
2025-12-06 02:40:21,400 - utils - INFO -   Reward Mean: 0.0000
2025-12-06 02:40:21,400 - utils - INFO -   KL Divergence: 0.0000
2025-12-06 02:40:23,856 - rlhf_trainer - WARNING - Early stopping due to large KL divergence: 471147.5625
2025-12-06 02:40:26,734 - rlhf_trainer - WARNING - Early stopping due to large KL divergence: 0.2745888829231262
2025-12-06 02:40:29,275 - rlhf_trainer - WARNING - Early stopping due to large KL divergence: 7.233519554138184
2025-12-06 02:40:31,653 - rlhf_trainer - WARNING - Early stopping due to large KL divergence: 10.01447582244873
2025-12-06 02:40:33,989 - rlhf_trainer - WARNING - Early stopping due to large KL divergence: 14.146010398864746
2025-12-06 02:40:36,883 - rlhf_trainer - WARNING - Early stopping due to large KL divergence: 168.524169921875
2025-12-06 02:40:39,216 - rlhf_trainer - WARNING - Early stopping due to large KL divergence: 9041.1923828125
2025-12-06 02:40:41,591 - rlhf_trainer - WARNING - Early stopping due to large KL divergence: 84.86017608642578
2025-12-06 02:40:43,944 - rlhf_trainer - WARNING - Early stopping due to large KL divergence: 8995.751953125
2025-12-06 02:40:46,810 - rlhf_trainer - WARNING - Early stopping due to large KL divergence: 6.7826337814331055
2025-12-06 02:40:46,812 - utils - INFO - Step 1560:
2025-12-06 02:40:46,813 - utils - INFO -   Policy Loss: 0.0000
2025-12-06 02:40:46,813 - utils - INFO -   Value Loss: 0.1726
2025-12-06 02:40:46,813 - utils - INFO -   Reward Mean: -0.0000
2025-12-06 02:40:46,813 - utils - INFO -   KL Divergence: 0.0000
2025-12-06 02:40:49,267 - rlhf_trainer - WARNING - Early stopping due to large KL divergence: 101256.6015625
2025-12-06 02:40:51,730 - rlhf_trainer - WARNING - Early stopping due to large KL divergence: 13610304.0
2025-12-06 02:40:54,101 - rlhf_trainer - WARNING - Early stopping due to large KL divergence: 18.073204040527344
2025-12-06 02:40:56,482 - rlhf_trainer - WARNING - Early stopping due to large KL divergence: 101.61074829101562
2025-12-06 02:40:58,841 - rlhf_trainer - WARNING - Early stopping due to large KL divergence: 1992333.125
2025-12-06 02:41:01,313 - rlhf_trainer - WARNING - Early stopping due to large KL divergence: 2.6245033740997314
2025-12-06 02:41:03,834 - rlhf_trainer - WARNING - Early stopping due to large KL divergence: 450.6580810546875
2025-12-06 02:41:06,319 - rlhf_trainer - WARNING - Early stopping due to large KL divergence: 0.04769207537174225
2025-12-06 02:41:09,099 - rlhf_trainer - WARNING - Early stopping due to large KL divergence: 32580.765625
2025-12-06 02:41:11,874 - rlhf_trainer - WARNING - Early stopping due to large KL divergence: 1.652235507965088
2025-12-06 02:41:11,877 - utils - INFO - Step 1570:
2025-12-06 02:41:11,877 - utils - INFO -   Policy Loss: 0.0000
2025-12-06 02:41:11,877 - utils - INFO -   Value Loss: 0.1457
2025-12-06 02:41:11,877 - utils - INFO -   Reward Mean: 0.0000
2025-12-06 02:41:11,877 - utils - INFO -   KL Divergence: 0.0000
2025-12-06 02:41:14,113 - rlhf_trainer - WARNING - Early stopping due to large KL divergence: 0.02137790620326996
2025-12-06 02:41:16,527 - rlhf_trainer - WARNING - Early stopping due to large KL divergence: 1.426928997039795
2025-12-06 02:41:19,029 - rlhf_trainer - WARNING - Early stopping due to large KL divergence: 3.3088040351867676
2025-12-06 02:41:21,385 - rlhf_trainer - WARNING - Early stopping due to large KL divergence: 0.44916781783103943
2025-12-06 02:41:23,961 - rlhf_trainer - WARNING - Early stopping due to large KL divergence: 820.3291015625
2025-12-06 02:41:26,319 - rlhf_trainer - WARNING - Early stopping due to large KL divergence: 0.8457016944885254
2025-12-06 02:41:28,682 - rlhf_trainer - WARNING - Early stopping due to large KL divergence: 1.2547019720077515
2025-12-06 02:41:31,081 - rlhf_trainer - WARNING - Early stopping due to large KL divergence: 50.428855895996094
2025-12-06 02:41:33,427 - rlhf_trainer - WARNING - Early stopping due to large KL divergence: 3.1810476779937744
2025-12-06 02:41:36,303 - rlhf_trainer - WARNING - Early stopping due to large KL divergence: 3.6543078422546387
2025-12-06 02:41:36,309 - utils - INFO - Step 1580:
2025-12-06 02:41:36,309 - utils - INFO -   Policy Loss: 0.0000
2025-12-06 02:41:36,309 - utils - INFO -   Value Loss: 0.2845
2025-12-06 02:41:36,309 - utils - INFO -   Reward Mean: -0.0000
2025-12-06 02:41:36,309 - utils - INFO -   KL Divergence: 0.0000
2025-12-06 02:41:38,696 - rlhf_trainer - WARNING - Early stopping due to large KL divergence: 0.8491856455802917
2025-12-06 02:41:41,129 - rlhf_trainer - WARNING - Early stopping due to large KL divergence: 2998159.5
2025-12-06 02:41:43,514 - rlhf_trainer - WARNING - Early stopping due to large KL divergence: 534639936.0
2025-12-06 02:41:45,892 - rlhf_trainer - WARNING - Early stopping due to large KL divergence: 2.2386510372161865
2025-12-06 02:41:48,236 - rlhf_trainer - WARNING - Early stopping due to large KL divergence: 3.02177095413208
2025-12-06 02:41:50,602 - rlhf_trainer - WARNING - Early stopping due to large KL divergence: 2.97839617729187
2025-12-06 02:41:53,587 - rlhf_trainer - WARNING - Early stopping due to large KL divergence: 3460709482496.0
2025-12-06 02:41:56,002 - rlhf_trainer - WARNING - Early stopping due to large KL divergence: 0.05313740670681
2025-12-06 02:41:58,345 - rlhf_trainer - WARNING - Early stopping due to large KL divergence: 1.9893534183502197
2025-12-06 02:42:00,710 - rlhf_trainer - WARNING - Early stopping due to large KL divergence: 2869.24560546875
2025-12-06 02:42:00,713 - utils - INFO - Step 1590:
2025-12-06 02:42:00,713 - utils - INFO -   Policy Loss: 0.0000
2025-12-06 02:42:00,713 - utils - INFO -   Value Loss: 0.1675
2025-12-06 02:42:00,713 - utils - INFO -   Reward Mean: -0.0000
2025-12-06 02:42:00,713 - utils - INFO -   KL Divergence: 0.0000
2025-12-06 02:42:03,054 - rlhf_trainer - WARNING - Early stopping due to large KL divergence: 1.8747332096099854
2025-12-06 02:42:05,436 - rlhf_trainer - WARNING - Early stopping due to large KL divergence: 5476676096.0
2025-12-06 02:42:07,795 - rlhf_trainer - WARNING - Early stopping due to large KL divergence: 61108324.0
2025-12-06 02:42:10,167 - rlhf_trainer - WARNING - Early stopping due to large KL divergence: 0.05784766376018524
2025-12-06 02:42:12,516 - rlhf_trainer - WARNING - Early stopping due to large KL divergence: 1.7637794017791748
2025-12-06 02:42:15,150 - rlhf_trainer - WARNING - Early stopping due to large KL divergence: 1448284651520.0
2025-12-06 02:42:17,620 - rlhf_trainer - WARNING - Early stopping due to large KL divergence: 307256.78125
2025-12-06 02:42:19,948 - rlhf_trainer - WARNING - Early stopping due to large KL divergence: 518344896.0
2025-12-06 02:42:22,398 - rlhf_trainer - WARNING - Early stopping due to large KL divergence: 0.12021881341934204
2025-12-06 02:42:24,807 - rlhf_trainer - WARNING - Early stopping due to large KL divergence: 0.8228151202201843
2025-12-06 02:42:24,810 - utils - INFO - Step 1600:
2025-12-06 02:42:24,810 - utils - INFO -   Policy Loss: 0.0000
2025-12-06 02:42:24,810 - utils - INFO -   Value Loss: 0.2721
2025-12-06 02:42:24,810 - utils - INFO -   Reward Mean: -0.0000
2025-12-06 02:42:24,810 - utils - INFO -   KL Divergence: 0.0000
2025-12-06 02:42:27,833 - rlhf_trainer - WARNING - Early stopping due to large KL divergence: 45411876.0
2025-12-06 02:42:30,183 - rlhf_trainer - WARNING - Early stopping due to large KL divergence: 0.0403965562582016
2025-12-06 02:42:32,938 - rlhf_trainer - WARNING - Early stopping due to large KL divergence: 1479852.25
2025-12-06 02:42:35,298 - rlhf_trainer - WARNING - Early stopping due to large KL divergence: 246113.0
2025-12-06 02:42:37,695 - rlhf_trainer - WARNING - Early stopping due to large KL divergence: 16917.9296875
2025-12-06 02:42:40,003 - rlhf_trainer - WARNING - Early stopping due to large KL divergence: 226611440.0
2025-12-06 02:42:42,786 - rlhf_trainer - WARNING - Early stopping due to large KL divergence: 9103912.0
2025-12-06 02:42:45,223 - rlhf_trainer - WARNING - Early stopping due to large KL divergence: 3.2932881897621134e+20
2025-12-06 02:42:47,669 - rlhf_trainer - WARNING - Early stopping due to large KL divergence: 2.794447539986374e+22
2025-12-06 02:42:50,257 - rlhf_trainer - WARNING - Early stopping due to large KL divergence: 202926432.0
2025-12-06 02:42:50,261 - utils - INFO - Step 1610:
2025-12-06 02:42:50,261 - utils - INFO -   Policy Loss: 0.0000
2025-12-06 02:42:50,261 - utils - INFO -   Value Loss: 0.4739
2025-12-06 02:42:50,261 - utils - INFO -   Reward Mean: -0.0000
2025-12-06 02:42:50,261 - utils - INFO -   KL Divergence: 0.0000
2025-12-06 02:42:52,596 - rlhf_trainer - WARNING - Early stopping due to large KL divergence: 0.9986676573753357
2025-12-06 02:42:55,003 - rlhf_trainer - WARNING - Early stopping due to large KL divergence: 3.998854875564575
2025-12-06 02:42:58,655 - rlhf_trainer - WARNING - Early stopping due to large KL divergence: 19.325775146484375
2025-12-06 02:43:01,016 - rlhf_trainer - WARNING - Early stopping due to large KL divergence: 17.01520347595215
2025-12-06 02:43:03,359 - rlhf_trainer - WARNING - Early stopping due to large KL divergence: 6.371326446533203
2025-12-06 02:43:05,695 - rlhf_trainer - WARNING - Early stopping due to large KL divergence: 2.676176071166992
2025-12-06 02:43:08,043 - rlhf_trainer - WARNING - Early stopping due to large KL divergence: 9.978333473205566
2025-12-06 02:43:10,414 - rlhf_trainer - WARNING - Early stopping due to large KL divergence: 12.89690113067627
2025-12-06 02:43:12,778 - rlhf_trainer - WARNING - Early stopping due to large KL divergence: 16.44321632385254
2025-12-06 02:43:15,158 - rlhf_trainer - WARNING - Early stopping due to large KL divergence: 22.863664627075195
2025-12-06 02:43:15,161 - utils - INFO - Step 1620:
2025-12-06 02:43:15,161 - utils - INFO -   Policy Loss: 0.0000
2025-12-06 02:43:15,161 - utils - INFO -   Value Loss: 0.1877
2025-12-06 02:43:15,161 - utils - INFO -   Reward Mean: 0.0000
2025-12-06 02:43:15,161 - utils - INFO -   KL Divergence: 0.0000
2025-12-06 02:43:17,540 - rlhf_trainer - WARNING - Early stopping due to large KL divergence: 7.424689292907715
2025-12-06 02:43:19,906 - rlhf_trainer - WARNING - Early stopping due to large KL divergence: 1373.562744140625
2025-12-06 02:43:22,254 - rlhf_trainer - WARNING - Early stopping due to large KL divergence: 5.6129326820373535
2025-12-06 02:43:24,722 - rlhf_trainer - WARNING - Early stopping due to large KL divergence: 318625152.0
2025-12-06 02:43:27,069 - rlhf_trainer - WARNING - Early stopping due to large KL divergence: 18.645259857177734
2025-12-06 02:43:29,423 - rlhf_trainer - WARNING - Early stopping due to large KL divergence: 1.0527267456054688
2025-12-06 02:43:31,801 - rlhf_trainer - WARNING - Early stopping due to large KL divergence: 51798.28515625
2025-12-06 02:43:34,272 - rlhf_trainer - WARNING - Early stopping due to large KL divergence: 5869.8583984375
2025-12-06 02:43:36,559 - rlhf_trainer - WARNING - Early stopping due to large KL divergence: 1.3473320007324219
2025-12-06 02:43:38,912 - rlhf_trainer - WARNING - Early stopping due to large KL divergence: 3.4198169708251953
2025-12-06 02:43:38,915 - utils - INFO - Step 1630:
2025-12-06 02:43:38,915 - utils - INFO -   Policy Loss: 0.0000
2025-12-06 02:43:38,915 - utils - INFO -   Value Loss: 0.1847
2025-12-06 02:43:38,915 - utils - INFO -   Reward Mean: 0.0000
2025-12-06 02:43:38,915 - utils - INFO -   KL Divergence: 0.0000
2025-12-06 02:43:41,297 - rlhf_trainer - WARNING - Early stopping due to large KL divergence: 11.036288261413574
2025-12-06 02:43:43,660 - rlhf_trainer - WARNING - Early stopping due to large KL divergence: 8.872201919555664
2025-12-06 02:43:45,994 - rlhf_trainer - WARNING - Early stopping due to large KL divergence: 14.20068359375
2025-12-06 02:43:48,355 - rlhf_trainer - WARNING - Early stopping due to large KL divergence: 4.083606243133545
2025-12-06 02:43:50,740 - rlhf_trainer - WARNING - Early stopping due to large KL divergence: 2.8834495544433594
2025-12-06 02:43:53,100 - rlhf_trainer - WARNING - Early stopping due to large KL divergence: 0.851685106754303
2025-12-06 02:43:55,541 - rlhf_trainer - WARNING - Early stopping due to large KL divergence: 0.03970438241958618
2025-12-06 02:43:57,947 - rlhf_trainer - WARNING - Early stopping due to large KL divergence: 2.695730209350586
2025-12-06 02:44:00,327 - rlhf_trainer - WARNING - Early stopping due to large KL divergence: 2.4479455947875977
2025-12-06 02:44:02,629 - rlhf_trainer - WARNING - Early stopping due to large KL divergence: 1335633.25
2025-12-06 02:44:02,632 - utils - INFO - Step 1640:
2025-12-06 02:44:02,632 - utils - INFO -   Policy Loss: 0.0000
2025-12-06 02:44:02,632 - utils - INFO -   Value Loss: 2.0815
2025-12-06 02:44:02,632 - utils - INFO -   Reward Mean: 0.0000
2025-12-06 02:44:02,632 - utils - INFO -   KL Divergence: 0.0000
2025-12-06 02:44:05,807 - rlhf_trainer - WARNING - Early stopping due to large KL divergence: 1687548544.0
2025-12-06 02:44:08,157 - rlhf_trainer - WARNING - Early stopping due to large KL divergence: 369690.53125
2025-12-06 02:44:10,589 - rlhf_trainer - WARNING - Early stopping due to large KL divergence: 0.04267944395542145
2025-12-06 02:44:13,030 - rlhf_trainer - WARNING - Early stopping due to large KL divergence: 0.03798334300518036
2025-12-06 02:44:15,408 - rlhf_trainer - WARNING - Early stopping due to large KL divergence: 0.4999639689922333
2025-12-06 02:44:17,822 - rlhf_trainer - WARNING - Early stopping due to large KL divergence: 3.8281702995300293
2025-12-06 02:44:20,206 - rlhf_trainer - WARNING - Early stopping due to large KL divergence: 395.84381103515625
2025-12-06 02:44:22,534 - rlhf_trainer - WARNING - Early stopping due to large KL divergence: 95295720.0
2025-12-06 02:44:24,878 - rlhf_trainer - WARNING - Early stopping due to large KL divergence: 2.399646520614624
2025-12-06 02:44:27,267 - rlhf_trainer - WARNING - Early stopping due to large KL divergence: 1.254904866218567
2025-12-06 02:44:27,270 - utils - INFO - Step 1650:
2025-12-06 02:44:27,270 - utils - INFO -   Policy Loss: 0.0000
2025-12-06 02:44:27,270 - utils - INFO -   Value Loss: 0.1816
2025-12-06 02:44:27,270 - utils - INFO -   Reward Mean: 0.0000
2025-12-06 02:44:27,270 - utils - INFO -   KL Divergence: 0.0000
2025-12-06 02:44:29,675 - rlhf_trainer - WARNING - Early stopping due to large KL divergence: 16.217824935913086
2025-12-06 02:44:32,076 - rlhf_trainer - WARNING - Early stopping due to large KL divergence: 5.600174903869629
2025-12-06 02:44:34,443 - rlhf_trainer - WARNING - Early stopping due to large KL divergence: 13.169719696044922
2025-12-06 02:44:36,936 - rlhf_trainer - WARNING - Early stopping due to large KL divergence: 1.6194579601287842
2025-12-06 02:44:39,176 - rlhf_trainer - WARNING - Early stopping due to large KL divergence: 2.190269947052002
2025-12-06 02:44:41,556 - rlhf_trainer - WARNING - Early stopping due to large KL divergence: 1.4497021436691284
2025-12-06 02:44:43,965 - rlhf_trainer - WARNING - Early stopping due to large KL divergence: 0.9378856420516968
2025-12-06 02:44:46,396 - rlhf_trainer - WARNING - Early stopping due to large KL divergence: 0.07946300506591797
2025-12-06 02:44:48,877 - rlhf_trainer - WARNING - Early stopping due to large KL divergence: 4639.37353515625
2025-12-06 02:44:51,245 - rlhf_trainer - WARNING - Early stopping due to large KL divergence: 14.381243705749512
2025-12-06 02:44:51,248 - utils - INFO - Step 1660:
2025-12-06 02:44:51,249 - utils - INFO -   Policy Loss: -0.0000
2025-12-06 02:44:51,249 - utils - INFO -   Value Loss: 0.1369
2025-12-06 02:44:51,249 - utils - INFO -   Reward Mean: -0.0000
2025-12-06 02:44:51,249 - utils - INFO -   KL Divergence: 0.0000
2025-12-06 02:44:53,663 - rlhf_trainer - WARNING - Early stopping due to large KL divergence: 346.2054138183594
2025-12-06 02:44:56,001 - rlhf_trainer - WARNING - Early stopping due to large KL divergence: 0.9875049591064453
2025-12-06 02:44:58,386 - rlhf_trainer - WARNING - Early stopping due to large KL divergence: 1.8831086158752441
2025-12-06 02:45:00,751 - rlhf_trainer - WARNING - Early stopping due to large KL divergence: 3.804973375055462e+16
2025-12-06 02:45:03,126 - rlhf_trainer - WARNING - Early stopping due to large KL divergence: 2.101933717727661
2025-12-06 02:45:05,506 - rlhf_trainer - WARNING - Early stopping due to large KL divergence: 6.216198921203613
2025-12-06 02:45:07,871 - rlhf_trainer - WARNING - Early stopping due to large KL divergence: 10.625088691711426
2025-12-06 02:45:10,264 - rlhf_trainer - WARNING - Early stopping due to large KL divergence: 4.2407612800598145
2025-12-06 02:45:13,216 - rlhf_trainer - WARNING - Early stopping due to large KL divergence: 5.483438491821289
2025-12-06 02:45:15,559 - rlhf_trainer - WARNING - Early stopping due to large KL divergence: 107.21520233154297
2025-12-06 02:45:15,563 - utils - INFO - Step 1670:
2025-12-06 02:45:15,563 - utils - INFO -   Policy Loss: 0.0000
2025-12-06 02:45:15,563 - utils - INFO -   Value Loss: 0.1305
2025-12-06 02:45:15,563 - utils - INFO -   Reward Mean: -0.0000
2025-12-06 02:45:15,563 - utils - INFO -   KL Divergence: 0.0000
2025-12-06 02:45:17,944 - rlhf_trainer - WARNING - Early stopping due to large KL divergence: 41.92822265625
2025-12-06 02:45:20,317 - rlhf_trainer - WARNING - Early stopping due to large KL divergence: 15.41240119934082
2025-12-06 02:45:23,955 - rlhf_trainer - WARNING - Early stopping due to large KL divergence: 22.690311431884766
2025-12-06 02:45:26,354 - rlhf_trainer - WARNING - Early stopping due to large KL divergence: 0.15320080518722534
2025-12-06 02:45:28,816 - rlhf_trainer - WARNING - Early stopping due to large KL divergence: 119390.6953125
2025-12-06 02:45:32,143 - rlhf_trainer - WARNING - Early stopping due to large KL divergence: 119.33316040039062
2025-12-06 02:45:34,545 - rlhf_trainer - WARNING - Early stopping due to large KL divergence: 5946.865234375
2025-12-06 02:45:37,033 - rlhf_trainer - WARNING - Early stopping due to large KL divergence: 83.1025161743164
2025-12-06 02:45:39,423 - rlhf_trainer - WARNING - Early stopping due to large KL divergence: 1011693.0625
2025-12-06 02:45:41,830 - rlhf_trainer - WARNING - Early stopping due to large KL divergence: 8161468928.0
2025-12-06 02:45:41,833 - utils - INFO - Step 1680:
2025-12-06 02:45:41,833 - utils - INFO -   Policy Loss: -0.0000
2025-12-06 02:45:41,833 - utils - INFO -   Value Loss: 0.2498
2025-12-06 02:45:41,833 - utils - INFO -   Reward Mean: 0.0000
2025-12-06 02:45:41,834 - utils - INFO -   KL Divergence: 0.0000
2025-12-06 02:45:44,205 - rlhf_trainer - WARNING - Early stopping due to large KL divergence: 35704.14453125
2025-12-06 02:45:46,729 - rlhf_trainer - WARNING - Early stopping due to large KL divergence: 374528.1875
2025-12-06 02:45:49,079 - rlhf_trainer - WARNING - Early stopping due to large KL divergence: 4089.73193359375
2025-12-06 02:45:51,482 - rlhf_trainer - WARNING - Early stopping due to large KL divergence: 1930282.25
2025-12-06 02:45:53,860 - rlhf_trainer - WARNING - Early stopping due to large KL divergence: 1.4202454090118408
2025-12-06 02:45:56,199 - rlhf_trainer - WARNING - Early stopping due to large KL divergence: 556.5816040039062
2025-12-06 02:45:58,538 - rlhf_trainer - WARNING - Early stopping due to large KL divergence: 301.941162109375
2025-12-06 02:46:00,935 - rlhf_trainer - WARNING - Early stopping due to large KL divergence: 1.7091541290283203
2025-12-06 02:46:04,272 - rlhf_trainer - WARNING - Early stopping due to large KL divergence: 4361230848.0
2025-12-06 02:46:06,645 - rlhf_trainer - WARNING - Early stopping due to large KL divergence: 4.210752498650776e+21
2025-12-06 02:46:06,649 - utils - INFO - Step 1690:
2025-12-06 02:46:06,649 - utils - INFO -   Policy Loss: -0.0000
2025-12-06 02:46:06,649 - utils - INFO -   Value Loss: 0.1756
2025-12-06 02:46:06,649 - utils - INFO -   Reward Mean: 0.0000
2025-12-06 02:46:06,649 - utils - INFO -   KL Divergence: 0.0000
2025-12-06 02:46:09,047 - rlhf_trainer - WARNING - Early stopping due to large KL divergence: 1161533056.0
2025-12-06 02:46:11,421 - rlhf_trainer - WARNING - Early stopping due to large KL divergence: 4.090916156768799
2025-12-06 02:46:13,773 - rlhf_trainer - WARNING - Early stopping due to large KL divergence: 143.24594116210938
2025-12-06 02:46:16,757 - rlhf_trainer - WARNING - Early stopping due to large KL divergence: 1652262107611136.0
2025-12-06 02:46:19,761 - rlhf_trainer - WARNING - Early stopping due to large KL divergence: 1.3701127307403643e+23
2025-12-06 02:46:23,874 - rlhf_trainer - WARNING - Early stopping due to large KL divergence: 5.474353477076577e+29
2025-12-06 02:46:26,285 - rlhf_trainer - WARNING - Early stopping due to large KL divergence: 0.057428836822509766
2025-12-06 02:46:28,733 - rlhf_trainer - WARNING - Early stopping due to large KL divergence: 1905517135921152.0
2025-12-06 02:46:31,146 - rlhf_trainer - WARNING - Early stopping due to large KL divergence: 2.2277276515960693
2025-12-06 02:46:33,551 - rlhf_trainer - WARNING - Early stopping due to large KL divergence: 7.126003579092992e+16
2025-12-06 02:46:33,554 - utils - INFO - Step 1700:
2025-12-06 02:46:33,554 - utils - INFO -   Policy Loss: -0.0000
2025-12-06 02:46:33,555 - utils - INFO -   Value Loss: 2.4207
2025-12-06 02:46:33,555 - utils - INFO -   Reward Mean: 0.0000
2025-12-06 02:46:33,555 - utils - INFO -   KL Divergence: 0.0000
2025-12-06 02:46:35,945 - rlhf_trainer - WARNING - Early stopping due to large KL divergence: 12340599808.0
2025-12-06 02:46:38,271 - rlhf_trainer - WARNING - Early stopping due to large KL divergence: 6493.3583984375
2025-12-06 02:46:40,689 - rlhf_trainer - WARNING - Early stopping due to large KL divergence: 3.372779607772827
2025-12-06 02:46:43,093 - rlhf_trainer - WARNING - Early stopping due to large KL divergence: 1.3927173614501953
2025-12-06 02:46:45,434 - rlhf_trainer - WARNING - Early stopping due to large KL divergence: 18.850271224975586
2025-12-06 02:46:49,890 - rlhf_trainer - WARNING - Early stopping due to large KL divergence: 92853627781120.0
2025-12-06 02:46:52,668 - rlhf_trainer - WARNING - Early stopping due to large KL divergence: 420.6245422363281
2025-12-06 02:46:55,215 - rlhf_trainer - WARNING - Early stopping due to large KL divergence: 983421.75
2025-12-06 02:46:57,576 - rlhf_trainer - WARNING - Early stopping due to large KL divergence: 2.3632664680480957
2025-12-06 02:46:59,906 - rlhf_trainer - WARNING - Early stopping due to large KL divergence: 251.12266540527344
2025-12-06 02:46:59,909 - utils - INFO - Step 1710:
2025-12-06 02:46:59,909 - utils - INFO -   Policy Loss: 0.0000
2025-12-06 02:46:59,909 - utils - INFO -   Value Loss: 0.1571
2025-12-06 02:46:59,909 - utils - INFO -   Reward Mean: 0.0000
2025-12-06 02:46:59,909 - utils - INFO -   KL Divergence: 0.0000
2025-12-06 02:47:02,302 - rlhf_trainer - WARNING - Early stopping due to large KL divergence: 8.536144256591797
2025-12-06 02:47:04,641 - rlhf_trainer - WARNING - Early stopping due to large KL divergence: 36.1726188659668
2025-12-06 02:47:07,061 - rlhf_trainer - WARNING - Early stopping due to large KL divergence: 3.0906388759613037
2025-12-06 02:47:09,473 - rlhf_trainer - WARNING - Early stopping due to large KL divergence: 3.2610316276550293
2025-12-06 02:47:12,397 - rlhf_trainer - WARNING - Early stopping due to large KL divergence: 4856806400.0
2025-12-06 02:47:15,647 - rlhf_trainer - WARNING - Early stopping due to large KL divergence: 2.1220074052386816e+16
2025-12-06 02:47:18,029 - rlhf_trainer - WARNING - Early stopping due to large KL divergence: 11402261561344.0
2025-12-06 02:47:20,446 - rlhf_trainer - WARNING - Early stopping due to large KL divergence: 13313.4921875
2025-12-06 02:47:24,455 - rlhf_trainer - WARNING - Early stopping due to large KL divergence: 4.8561573361857405e+31
2025-12-06 02:47:26,797 - rlhf_trainer - WARNING - Early stopping due to large KL divergence: 0.19930358231067657
2025-12-06 02:47:26,799 - utils - INFO - Step 1720:
2025-12-06 02:47:26,799 - utils - INFO -   Policy Loss: 0.0000
2025-12-06 02:47:26,799 - utils - INFO -   Value Loss: 0.1108
2025-12-06 02:47:26,799 - utils - INFO -   Reward Mean: 0.0000
2025-12-06 02:47:26,800 - utils - INFO -   KL Divergence: 0.0000
2025-12-06 02:47:29,185 - rlhf_trainer - WARNING - Early stopping due to large KL divergence: 2.607527732849121
2025-12-06 02:47:31,647 - rlhf_trainer - WARNING - Early stopping due to large KL divergence: 0.03227883577346802
2025-12-06 02:47:34,024 - rlhf_trainer - WARNING - Early stopping due to large KL divergence: 4.471724987030029
2025-12-06 02:47:36,407 - rlhf_trainer - WARNING - Early stopping due to large KL divergence: 4.299507141113281
2025-12-06 02:47:38,751 - rlhf_trainer - WARNING - Early stopping due to large KL divergence: 441782976.0
2025-12-06 02:47:41,362 - rlhf_trainer - WARNING - Early stopping due to large KL divergence: 26346.646484375
2025-12-06 02:47:43,786 - rlhf_trainer - WARNING - Early stopping due to large KL divergence: 1807218.875
2025-12-06 02:47:46,151 - rlhf_trainer - WARNING - Early stopping due to large KL divergence: 17.287376403808594
2025-12-06 02:47:48,535 - rlhf_trainer - WARNING - Early stopping due to large KL divergence: 7904.798828125
2025-12-06 02:47:50,936 - rlhf_trainer - WARNING - Early stopping due to large KL divergence: 12.54931926727295
2025-12-06 02:47:50,939 - utils - INFO - Step 1730:
2025-12-06 02:47:50,939 - utils - INFO -   Policy Loss: -0.0000
2025-12-06 02:47:50,939 - utils - INFO -   Value Loss: 0.1832
2025-12-06 02:47:50,940 - utils - INFO -   Reward Mean: -0.0000
2025-12-06 02:47:50,940 - utils - INFO -   KL Divergence: 0.0000
2025-12-06 02:47:53,353 - rlhf_trainer - WARNING - Early stopping due to large KL divergence: 4.5445966720581055
2025-12-06 02:47:55,734 - rlhf_trainer - WARNING - Early stopping due to large KL divergence: 422.8569030761719
2025-12-06 02:47:58,974 - rlhf_trainer - WARNING - Early stopping due to large KL divergence: 6.818530306346189e+16
2025-12-06 02:48:01,390 - rlhf_trainer - WARNING - Early stopping due to large KL divergence: 1350.5615234375
2025-12-06 02:48:03,959 - rlhf_trainer - WARNING - Early stopping due to large KL divergence: 6.457432746887207
2025-12-06 02:48:06,347 - rlhf_trainer - WARNING - Early stopping due to large KL divergence: 8.387359619140625
2025-12-06 02:48:08,757 - rlhf_trainer - WARNING - Early stopping due to large KL divergence: 16.48819923400879
2025-12-06 02:48:11,161 - rlhf_trainer - WARNING - Early stopping due to large KL divergence: 0.05926281213760376
2025-12-06 02:48:13,498 - rlhf_trainer - WARNING - Early stopping due to large KL divergence: 30.917509078979492
2025-12-06 02:48:15,840 - rlhf_trainer - WARNING - Early stopping due to large KL divergence: 14.265166282653809
2025-12-06 02:48:15,844 - utils - INFO - Step 1740:
2025-12-06 02:48:15,844 - utils - INFO -   Policy Loss: 0.0000
2025-12-06 02:48:15,844 - utils - INFO -   Value Loss: 0.1384
2025-12-06 02:48:15,844 - utils - INFO -   Reward Mean: 0.0000
2025-12-06 02:48:15,844 - utils - INFO -   KL Divergence: 0.0000
2025-12-06 02:48:18,223 - rlhf_trainer - WARNING - Early stopping due to large KL divergence: 26.9666748046875
2025-12-06 02:48:20,624 - rlhf_trainer - WARNING - Early stopping due to large KL divergence: 15.842090606689453
2025-12-06 02:48:23,006 - rlhf_trainer - WARNING - Early stopping due to large KL divergence: 3.013716220855713
2025-12-06 02:48:25,372 - rlhf_trainer - WARNING - Early stopping due to large KL divergence: 51759.62109375
2025-12-06 02:48:27,718 - rlhf_trainer - WARNING - Early stopping due to large KL divergence: 4000956928.0
2025-12-06 02:48:30,113 - rlhf_trainer - WARNING - Early stopping due to large KL divergence: 2.161855459213257
2025-12-06 02:48:32,499 - rlhf_trainer - WARNING - Early stopping due to large KL divergence: 7.3541388511657715
2025-12-06 02:48:34,864 - rlhf_trainer - WARNING - Early stopping due to large KL divergence: 1025.3660888671875
2025-12-06 02:48:37,276 - rlhf_trainer - WARNING - Early stopping due to large KL divergence: 1.9112858772277832
2025-12-06 02:48:39,626 - rlhf_trainer - WARNING - Early stopping due to large KL divergence: 94.94041442871094
2025-12-06 02:48:39,629 - utils - INFO - Step 1750:
2025-12-06 02:48:39,629 - utils - INFO -   Policy Loss: 0.0000
2025-12-06 02:48:39,630 - utils - INFO -   Value Loss: 0.2571
2025-12-06 02:48:39,630 - utils - INFO -   Reward Mean: -0.0000
2025-12-06 02:48:39,630 - utils - INFO -   KL Divergence: 0.0000
2025-12-06 02:48:42,018 - rlhf_trainer - WARNING - Early stopping due to large KL divergence: 2.8416078090667725
2025-12-06 02:48:46,018 - rlhf_trainer - WARNING - Early stopping due to large KL divergence: 82875176.0
2025-12-06 02:48:49,149 - rlhf_trainer - WARNING - Early stopping due to large KL divergence: 23.622631072998047
2025-12-06 02:48:51,552 - rlhf_trainer - WARNING - Early stopping due to large KL divergence: 1.937039852142334
2025-12-06 02:48:53,905 - rlhf_trainer - WARNING - Early stopping due to large KL divergence: 40.60107421875
2025-12-06 02:48:56,273 - rlhf_trainer - WARNING - Early stopping due to large KL divergence: 14310.2138671875
2025-12-06 02:48:58,637 - rlhf_trainer - WARNING - Early stopping due to large KL divergence: 59883.6484375
2025-12-06 02:49:01,101 - rlhf_trainer - WARNING - Early stopping due to large KL divergence: 197735.28125
2025-12-06 02:49:03,461 - rlhf_trainer - WARNING - Early stopping due to large KL divergence: 200170928.0
2025-12-06 02:49:05,868 - rlhf_trainer - WARNING - Early stopping due to large KL divergence: 149.47547912597656
2025-12-06 02:49:05,871 - utils - INFO - Step 1760:
2025-12-06 02:49:05,871 - utils - INFO -   Policy Loss: -0.0000
2025-12-06 02:49:05,871 - utils - INFO -   Value Loss: 0.1668
2025-12-06 02:49:05,871 - utils - INFO -   Reward Mean: 0.0000
2025-12-06 02:49:05,871 - utils - INFO -   KL Divergence: 0.0000
2025-12-06 02:49:08,254 - rlhf_trainer - WARNING - Early stopping due to large KL divergence: 25124.392578125
2025-12-06 02:49:10,638 - rlhf_trainer - WARNING - Early stopping due to large KL divergence: 3.831106185913086
2025-12-06 02:49:13,120 - rlhf_trainer - WARNING - Early stopping due to large KL divergence: 5.427801132202148
2025-12-06 02:49:15,448 - rlhf_trainer - WARNING - Early stopping due to large KL divergence: 4.960468292236328
2025-12-06 02:49:18,885 - rlhf_trainer - WARNING - Early stopping due to large KL divergence: 15.216355323791504
2025-12-06 02:49:21,502 - rlhf_trainer - WARNING - Early stopping due to large KL divergence: 8543.9912109375
2025-12-06 02:49:23,815 - rlhf_trainer - WARNING - Early stopping due to large KL divergence: 208551776.0
2025-12-06 02:49:26,048 - rlhf_trainer - WARNING - Early stopping due to large KL divergence: 6.525264739990234
2025-12-06 02:49:28,384 - rlhf_trainer - WARNING - Early stopping due to large KL divergence: 720.9052124023438
2025-12-06 02:49:30,792 - rlhf_trainer - WARNING - Early stopping due to large KL divergence: 1.9647915363311768
2025-12-06 02:49:30,796 - utils - INFO - Step 1770:
2025-12-06 02:49:30,796 - utils - INFO -   Policy Loss: 0.0000
2025-12-06 02:49:30,796 - utils - INFO -   Value Loss: 0.1477
2025-12-06 02:49:30,796 - utils - INFO -   Reward Mean: -0.0000
2025-12-06 02:49:30,796 - utils - INFO -   KL Divergence: 0.0000
2025-12-06 02:49:33,279 - rlhf_trainer - WARNING - Early stopping due to large KL divergence: 4.342844486236572
2025-12-06 02:49:35,665 - rlhf_trainer - WARNING - Early stopping due to large KL divergence: 1.553117036819458
2025-12-06 02:49:39,269 - rlhf_trainer - WARNING - Early stopping due to large KL divergence: 1.2344068215147216e+21
2025-12-06 02:49:42,346 - rlhf_trainer - WARNING - Early stopping due to large KL divergence: 514.6576538085938
2025-12-06 02:49:44,730 - rlhf_trainer - WARNING - Early stopping due to large KL divergence: 2.860835552215576
2025-12-06 02:49:47,044 - rlhf_trainer - WARNING - Early stopping due to large KL divergence: 6.72508430480957
2025-12-06 02:49:49,292 - rlhf_trainer - WARNING - Early stopping due to large KL divergence: 1.3947710990905762
2025-12-06 02:49:51,771 - rlhf_trainer - WARNING - Early stopping due to large KL divergence: 1.846994400024414
2025-12-06 02:49:54,168 - rlhf_trainer - WARNING - Early stopping due to large KL divergence: 14.441490173339844
2025-12-06 02:49:56,539 - rlhf_trainer - WARNING - Early stopping due to large KL divergence: 4.983064651489258
2025-12-06 02:49:56,543 - utils - INFO - Step 1780:
2025-12-06 02:49:56,543 - utils - INFO -   Policy Loss: 0.0000
2025-12-06 02:49:56,543 - utils - INFO -   Value Loss: 0.3360
2025-12-06 02:49:56,543 - utils - INFO -   Reward Mean: -0.0000
2025-12-06 02:49:56,543 - utils - INFO -   KL Divergence: 0.0000
2025-12-06 02:49:58,895 - rlhf_trainer - WARNING - Early stopping due to large KL divergence: 1.9186100959777832
2025-12-06 02:50:01,288 - rlhf_trainer - WARNING - Early stopping due to large KL divergence: 6.2385735511779785
2025-12-06 02:50:03,671 - rlhf_trainer - WARNING - Early stopping due to large KL divergence: 5.896864891052246
2025-12-06 02:50:06,052 - rlhf_trainer - WARNING - Early stopping due to large KL divergence: 9.969952583312988
2025-12-06 02:50:08,450 - rlhf_trainer - WARNING - Early stopping due to large KL divergence: 4.793157577514648
2025-12-06 02:50:10,836 - rlhf_trainer - WARNING - Early stopping due to large KL divergence: 3.1908345222473145
2025-12-06 02:50:13,244 - rlhf_trainer - WARNING - Early stopping due to large KL divergence: 1.849024772644043
2025-12-06 02:50:15,584 - rlhf_trainer - WARNING - Early stopping due to large KL divergence: 3.2583703994750977
2025-12-06 02:50:18,079 - rlhf_trainer - WARNING - Early stopping due to large KL divergence: 2.174894332885742
2025-12-06 02:50:21,414 - rlhf_trainer - WARNING - Early stopping due to large KL divergence: 6.767603397369385
2025-12-06 02:50:21,417 - utils - INFO - Step 1790:
2025-12-06 02:50:21,418 - utils - INFO -   Policy Loss: 0.0000
2025-12-06 02:50:21,418 - utils - INFO -   Value Loss: 0.1708
2025-12-06 02:50:21,418 - utils - INFO -   Reward Mean: 0.0000
2025-12-06 02:50:21,418 - utils - INFO -   KL Divergence: 0.0000
2025-12-06 02:50:23,750 - rlhf_trainer - WARNING - Early stopping due to large KL divergence: 0.6685253381729126
2025-12-06 02:50:26,048 - rlhf_trainer - WARNING - Early stopping due to large KL divergence: 1.5368283987045288
2025-12-06 02:50:28,432 - rlhf_trainer - WARNING - Early stopping due to large KL divergence: 2.639909505844116
2025-12-06 02:50:30,774 - rlhf_trainer - WARNING - Early stopping due to large KL divergence: 2.6021602153778076
2025-12-06 02:50:33,043 - rlhf_trainer - WARNING - Early stopping due to large KL divergence: 0.2812598943710327
2025-12-06 02:50:35,404 - rlhf_trainer - WARNING - Early stopping due to large KL divergence: 2.2693145275115967
2025-12-06 02:50:37,774 - rlhf_trainer - WARNING - Early stopping due to large KL divergence: 0.39351534843444824
2025-12-06 02:50:40,158 - rlhf_trainer - WARNING - Early stopping due to large KL divergence: 379.969482421875
2025-12-06 02:50:42,434 - rlhf_trainer - WARNING - Early stopping due to large KL divergence: 0.8762320280075073
2025-12-06 02:50:44,835 - rlhf_trainer - WARNING - Early stopping due to large KL divergence: 1.4073463678359985
2025-12-06 02:50:44,838 - utils - INFO - Step 1800:
2025-12-06 02:50:44,838 - utils - INFO -   Policy Loss: 0.0000
2025-12-06 02:50:44,838 - utils - INFO -   Value Loss: 0.1931
2025-12-06 02:50:44,838 - utils - INFO -   Reward Mean: 0.0000
2025-12-06 02:50:44,838 - utils - INFO -   KL Divergence: 0.0000
2025-12-06 02:50:47,214 - rlhf_trainer - WARNING - Early stopping due to large KL divergence: 4.40547513961792
2025-12-06 02:50:49,966 - rlhf_trainer - WARNING - Early stopping due to large KL divergence: 0.7245832085609436
2025-12-06 02:50:52,801 - rlhf_trainer - WARNING - Early stopping due to large KL divergence: 1.8637292385101318
2025-12-06 02:50:55,167 - rlhf_trainer - WARNING - Early stopping due to large KL divergence: 4.062870025634766
2025-12-06 02:50:57,528 - rlhf_trainer - WARNING - Early stopping due to large KL divergence: 4.002821922302246
2025-12-06 02:50:59,887 - rlhf_trainer - WARNING - Early stopping due to large KL divergence: 1.0522220134735107
2025-12-06 02:51:02,286 - rlhf_trainer - WARNING - Early stopping due to large KL divergence: 9701843.0
2025-12-06 02:51:05,180 - rlhf_trainer - WARNING - Early stopping due to large KL divergence: 22968938.0
2025-12-06 02:51:07,955 - rlhf_trainer - WARNING - Early stopping due to large KL divergence: 5209.36376953125
2025-12-06 02:51:10,732 - rlhf_trainer - WARNING - Early stopping due to large KL divergence: 3.8136727809906006
2025-12-06 02:51:10,735 - utils - INFO - Step 1810:
2025-12-06 02:51:10,735 - utils - INFO -   Policy Loss: 0.0000
2025-12-06 02:51:10,735 - utils - INFO -   Value Loss: 5.9767
2025-12-06 02:51:10,735 - utils - INFO -   Reward Mean: 0.0000
2025-12-06 02:51:10,735 - utils - INFO -   KL Divergence: 0.0000
2025-12-06 02:51:13,523 - rlhf_trainer - WARNING - Early stopping due to large KL divergence: 1.4278699159622192
2025-12-06 02:51:16,292 - rlhf_trainer - WARNING - Early stopping due to large KL divergence: 549460736.0
2025-12-06 02:51:18,738 - rlhf_trainer - WARNING - Early stopping due to large KL divergence: 3015.450927734375
2025-12-06 02:51:21,283 - rlhf_trainer - WARNING - Early stopping due to large KL divergence: 767.9891967773438
2025-12-06 02:51:23,657 - rlhf_trainer - WARNING - Early stopping due to large KL divergence: 3.7144651412963867
2025-12-06 02:51:26,183 - rlhf_trainer - WARNING - Early stopping due to large KL divergence: 1.337141513824463
2025-12-06 02:51:29,035 - rlhf_trainer - WARNING - Early stopping due to large KL divergence: 157116624.0
2025-12-06 02:51:31,440 - rlhf_trainer - WARNING - Early stopping due to large KL divergence: 0.7898041009902954
2025-12-06 02:51:33,809 - rlhf_trainer - WARNING - Early stopping due to large KL divergence: 1.3048076629638672
2025-12-06 02:51:36,169 - rlhf_trainer - WARNING - Early stopping due to large KL divergence: 1.1206371784210205
2025-12-06 02:51:36,172 - utils - INFO - Step 1820:
2025-12-06 02:51:36,172 - utils - INFO -   Policy Loss: 0.0000
2025-12-06 02:51:36,172 - utils - INFO -   Value Loss: 0.2951
2025-12-06 02:51:36,172 - utils - INFO -   Reward Mean: 0.0000
2025-12-06 02:51:36,172 - utils - INFO -   KL Divergence: 0.0000
2025-12-06 02:51:38,439 - rlhf_trainer - WARNING - Early stopping due to large KL divergence: 2.434614658355713
2025-12-06 02:51:40,860 - rlhf_trainer - WARNING - Early stopping due to large KL divergence: 0.878670334815979
2025-12-06 02:51:43,797 - rlhf_trainer - WARNING - Early stopping due to large KL divergence: 4.44927978515625
2025-12-06 02:51:46,290 - rlhf_trainer - WARNING - Early stopping due to large KL divergence: 4.955473899841309
2025-12-06 02:51:48,627 - rlhf_trainer - WARNING - Early stopping due to large KL divergence: 0.0503077358007431
2025-12-06 02:51:51,017 - rlhf_trainer - WARNING - Early stopping due to large KL divergence: 2.063412666320801
2025-12-06 02:51:53,382 - rlhf_trainer - WARNING - Early stopping due to large KL divergence: 5.4270172119140625
2025-12-06 02:51:55,752 - rlhf_trainer - WARNING - Early stopping due to large KL divergence: 2.481440305709839
2025-12-06 02:51:58,053 - rlhf_trainer - WARNING - Early stopping due to large KL divergence: 1.4772570133209229
2025-12-06 02:52:00,559 - rlhf_trainer - WARNING - Early stopping due to large KL divergence: 3.2874131202697754
2025-12-06 02:52:00,563 - utils - INFO - Step 1830:
2025-12-06 02:52:00,563 - utils - INFO -   Policy Loss: 0.0000
2025-12-06 02:52:00,563 - utils - INFO -   Value Loss: 0.1604
2025-12-06 02:52:00,563 - utils - INFO -   Reward Mean: -0.0000
2025-12-06 02:52:00,563 - utils - INFO -   KL Divergence: 0.0000
2025-12-06 02:52:02,924 - rlhf_trainer - WARNING - Early stopping due to large KL divergence: 3.1534368991851807
2025-12-06 02:52:05,245 - rlhf_trainer - WARNING - Early stopping due to large KL divergence: 403.71160888671875
2025-12-06 02:52:07,613 - rlhf_trainer - WARNING - Early stopping due to large KL divergence: 2.0437541007995605
2025-12-06 02:52:10,008 - rlhf_trainer - WARNING - Early stopping due to large KL divergence: 1.0163019895553589
2025-12-06 02:52:12,396 - rlhf_trainer - WARNING - Early stopping due to large KL divergence: 2.1770808696746826
2025-12-06 02:52:14,751 - rlhf_trainer - WARNING - Early stopping due to large KL divergence: 2290834944.0
2025-12-06 02:52:17,128 - rlhf_trainer - WARNING - Early stopping due to large KL divergence: 102637440.0
2025-12-06 02:52:21,001 - rlhf_trainer - WARNING - Early stopping due to large KL divergence: 2.0947613782533734e+18
2025-12-06 02:52:23,357 - rlhf_trainer - WARNING - Early stopping due to large KL divergence: 84.68452453613281
2025-12-06 02:52:25,714 - rlhf_trainer - WARNING - Early stopping due to large KL divergence: 37.4818229675293
2025-12-06 02:52:25,716 - utils - INFO - Step 1840:
2025-12-06 02:52:25,717 - utils - INFO -   Policy Loss: 0.0000
2025-12-06 02:52:25,717 - utils - INFO -   Value Loss: 0.1667
2025-12-06 02:52:25,717 - utils - INFO -   Reward Mean: -0.0000
2025-12-06 02:52:25,717 - utils - INFO -   KL Divergence: 0.0000
2025-12-06 02:52:28,082 - rlhf_trainer - WARNING - Early stopping due to large KL divergence: 16324.919921875
2025-12-06 02:52:30,485 - rlhf_trainer - WARNING - Early stopping due to large KL divergence: 1201.312255859375
2025-12-06 02:52:33,049 - rlhf_trainer - WARNING - Early stopping due to large KL divergence: 271.38592529296875
2025-12-06 02:52:35,414 - rlhf_trainer - WARNING - Early stopping due to large KL divergence: 0.5634608268737793
2025-12-06 02:52:37,827 - rlhf_trainer - WARNING - Early stopping due to large KL divergence: 148.9338836669922
2025-12-06 02:52:40,222 - rlhf_trainer - WARNING - Early stopping due to large KL divergence: 0.688356876373291
2025-12-06 02:52:42,560 - rlhf_trainer - WARNING - Early stopping due to large KL divergence: 1443.3665771484375
2025-12-06 02:52:44,952 - rlhf_trainer - WARNING - Early stopping due to large KL divergence: 1.0181541442871094
2025-12-06 02:52:47,336 - rlhf_trainer - WARNING - Early stopping due to large KL divergence: 3.5794730186462402
2025-12-06 02:52:49,715 - rlhf_trainer - WARNING - Early stopping due to large KL divergence: 4.729784965515137
2025-12-06 02:52:49,718 - utils - INFO - Step 1850:
2025-12-06 02:52:49,718 - utils - INFO -   Policy Loss: 0.0000
2025-12-06 02:52:49,719 - utils - INFO -   Value Loss: 0.1573
2025-12-06 02:52:49,719 - utils - INFO -   Reward Mean: -0.0000
2025-12-06 02:52:49,719 - utils - INFO -   KL Divergence: 0.0000
2025-12-06 02:52:52,028 - rlhf_trainer - WARNING - Early stopping due to large KL divergence: 2.0285682678222656
2025-12-06 02:52:54,395 - rlhf_trainer - WARNING - Early stopping due to large KL divergence: 5.11834192276001
2025-12-06 02:52:56,778 - rlhf_trainer - WARNING - Early stopping due to large KL divergence: 3.2186622619628906
2025-12-06 02:52:59,599 - rlhf_trainer - WARNING - Early stopping due to large KL divergence: 5.799538612365723
2025-12-06 02:53:03,194 - rlhf_trainer - WARNING - Early stopping due to large KL divergence: 34.47150421142578
2025-12-06 02:53:05,571 - rlhf_trainer - WARNING - Early stopping due to large KL divergence: 3.5134174823760986
2025-12-06 02:53:08,013 - rlhf_trainer - WARNING - Early stopping due to large KL divergence: 0.8024027943611145
2025-12-06 02:53:10,645 - rlhf_trainer - WARNING - Early stopping due to large KL divergence: 22.566251754760742
2025-12-06 02:53:13,071 - rlhf_trainer - WARNING - Early stopping due to large KL divergence: 0.6528700590133667
2025-12-06 02:53:15,484 - rlhf_trainer - WARNING - Early stopping due to large KL divergence: 100.11012268066406
2025-12-06 02:53:15,487 - utils - INFO - Step 1860:
2025-12-06 02:53:15,487 - utils - INFO -   Policy Loss: -0.0000
2025-12-06 02:53:15,487 - utils - INFO -   Value Loss: 0.2935
2025-12-06 02:53:15,487 - utils - INFO -   Reward Mean: 0.0000
2025-12-06 02:53:15,487 - utils - INFO -   KL Divergence: 0.0000
2025-12-06 02:53:17,869 - rlhf_trainer - WARNING - Early stopping due to large KL divergence: 3.147839307785034
2025-12-06 02:53:20,327 - rlhf_trainer - WARNING - Early stopping due to large KL divergence: 48767.703125
2025-12-06 02:53:22,655 - rlhf_trainer - WARNING - Early stopping due to large KL divergence: 17528.97265625
2025-12-06 02:53:24,983 - rlhf_trainer - WARNING - Early stopping due to large KL divergence: 4.192539215087891
2025-12-06 02:53:27,380 - rlhf_trainer - WARNING - Early stopping due to large KL divergence: 52728.98046875
2025-12-06 02:53:29,789 - rlhf_trainer - WARNING - Early stopping due to large KL divergence: 5838437376.0
2025-12-06 02:53:32,259 - rlhf_trainer - WARNING - Early stopping due to large KL divergence: 1046.8709716796875
2025-12-06 02:53:35,877 - rlhf_trainer - WARNING - Early stopping due to large KL divergence: 54033340.0
2025-12-06 02:53:38,221 - rlhf_trainer - WARNING - Early stopping due to large KL divergence: 5672866.5
2025-12-06 02:53:40,753 - rlhf_trainer - WARNING - Early stopping due to large KL divergence: 4.439882755279541
2025-12-06 02:53:40,756 - utils - INFO - Step 1870:
2025-12-06 02:53:40,756 - utils - INFO -   Policy Loss: 0.0000
2025-12-06 02:53:40,757 - utils - INFO -   Value Loss: 0.1614
2025-12-06 02:53:40,757 - utils - INFO -   Reward Mean: -0.0000
2025-12-06 02:53:40,757 - utils - INFO -   KL Divergence: 0.0000
2025-12-06 02:53:43,104 - rlhf_trainer - WARNING - Early stopping due to large KL divergence: 1.1028167009353638
2025-12-06 02:53:45,501 - rlhf_trainer - WARNING - Early stopping due to large KL divergence: 11846386.0
2025-12-06 02:53:47,766 - rlhf_trainer - WARNING - Early stopping due to large KL divergence: 41670.72265625
2025-12-06 02:53:50,148 - rlhf_trainer - WARNING - Early stopping due to large KL divergence: 39.20925521850586
2025-12-06 02:53:52,532 - rlhf_trainer - WARNING - Early stopping due to large KL divergence: 460.3130187988281
2025-12-06 02:53:54,919 - rlhf_trainer - WARNING - Early stopping due to large KL divergence: 102288.640625
2025-12-06 02:53:57,271 - rlhf_trainer - WARNING - Early stopping due to large KL divergence: 0.5378670692443848
2025-12-06 02:53:59,622 - rlhf_trainer - WARNING - Early stopping due to large KL divergence: 2.922118663787842
2025-12-06 02:54:02,044 - rlhf_trainer - WARNING - Early stopping due to large KL divergence: 746.0595092773438
2025-12-06 02:54:04,461 - rlhf_trainer - WARNING - Early stopping due to large KL divergence: 1462646.5
2025-12-06 02:54:04,465 - utils - INFO - Step 1880:
2025-12-06 02:54:04,466 - utils - INFO -   Policy Loss: 0.0000
2025-12-06 02:54:04,466 - utils - INFO -   Value Loss: 0.2422
2025-12-06 02:54:04,466 - utils - INFO -   Reward Mean: 0.0000
2025-12-06 02:54:04,466 - utils - INFO -   KL Divergence: 0.0000
2025-12-06 02:54:08,601 - rlhf_trainer - WARNING - Early stopping due to large KL divergence: 1.1533129445160911e+27
2025-12-06 02:54:11,087 - rlhf_trainer - WARNING - Early stopping due to large KL divergence: 0.8304527997970581
2025-12-06 02:54:13,472 - rlhf_trainer - WARNING - Early stopping due to large KL divergence: 3.0204010009765625
2025-12-06 02:54:15,811 - rlhf_trainer - WARNING - Early stopping due to large KL divergence: 1.216689944267273
2025-12-06 02:54:18,179 - rlhf_trainer - WARNING - Early stopping due to large KL divergence: 3714908.5
2025-12-06 02:54:21,113 - rlhf_trainer - WARNING - Early stopping due to large KL divergence: 105.1191635131836
2025-12-06 02:54:23,497 - rlhf_trainer - WARNING - Early stopping due to large KL divergence: 50683281408.0
2025-12-06 02:54:25,874 - rlhf_trainer - WARNING - Early stopping due to large KL divergence: 27.196491241455078
2025-12-06 02:54:28,250 - rlhf_trainer - WARNING - Early stopping due to large KL divergence: 3193.812255859375
2025-12-06 02:54:30,629 - rlhf_trainer - WARNING - Early stopping due to large KL divergence: 1.2013747692108154
2025-12-06 02:54:30,632 - utils - INFO - Step 1890:
2025-12-06 02:54:30,633 - utils - INFO -   Policy Loss: 0.0000
2025-12-06 02:54:30,633 - utils - INFO -   Value Loss: 0.1656
2025-12-06 02:54:30,633 - utils - INFO -   Reward Mean: 0.0000
2025-12-06 02:54:30,633 - utils - INFO -   KL Divergence: 0.0000
2025-12-06 02:54:34,233 - rlhf_trainer - WARNING - Early stopping due to large KL divergence: 1.5853745418010624e+16
2025-12-06 02:54:36,581 - rlhf_trainer - WARNING - Early stopping due to large KL divergence: 0.7615324258804321
2025-12-06 02:54:38,940 - rlhf_trainer - WARNING - Early stopping due to large KL divergence: 142776592.0
2025-12-06 02:54:41,609 - rlhf_trainer - WARNING - Early stopping due to large KL divergence: 20352.98828125
2025-12-06 02:54:43,966 - rlhf_trainer - WARNING - Early stopping due to large KL divergence: 2166886.0
2025-12-06 02:54:47,239 - rlhf_trainer - WARNING - Early stopping due to large KL divergence: 7336.7060546875
2025-12-06 02:54:49,620 - rlhf_trainer - WARNING - Early stopping due to large KL divergence: 1.132001519203186
2025-12-06 02:54:52,009 - rlhf_trainer - WARNING - Early stopping due to large KL divergence: 1.962129831314087
2025-12-06 02:54:54,348 - rlhf_trainer - WARNING - Early stopping due to large KL divergence: 17774854.0
2025-12-06 02:54:57,104 - rlhf_trainer - WARNING - Early stopping due to large KL divergence: 5.1838100907124326e+17
2025-12-06 02:54:57,107 - utils - INFO - Step 1900:
2025-12-06 02:54:57,107 - utils - INFO -   Policy Loss: 0.0000
2025-12-06 02:54:57,107 - utils - INFO -   Value Loss: 0.1526
2025-12-06 02:54:57,107 - utils - INFO -   Reward Mean: 0.0000
2025-12-06 02:54:57,107 - utils - INFO -   KL Divergence: 0.0000
2025-12-06 02:55:01,834 - rlhf_trainer - WARNING - Early stopping due to large KL divergence: 40308.921875
2025-12-06 02:55:04,172 - rlhf_trainer - WARNING - Early stopping due to large KL divergence: 1.863877296447754
2025-12-06 02:55:06,563 - rlhf_trainer - WARNING - Early stopping due to large KL divergence: 1.8538095951080322
2025-12-06 02:55:08,973 - rlhf_trainer - WARNING - Early stopping due to large KL divergence: 4.892666339874268
2025-12-06 02:55:11,357 - rlhf_trainer - WARNING - Early stopping due to large KL divergence: 0.6595273613929749
2025-12-06 02:55:13,694 - rlhf_trainer - WARNING - Early stopping due to large KL divergence: 6.474809646606445
2025-12-06 02:55:16,036 - rlhf_trainer - WARNING - Early stopping due to large KL divergence: 7562882048.0
2025-12-06 02:55:18,478 - rlhf_trainer - WARNING - Early stopping due to large KL divergence: 9.868752479553223
2025-12-06 02:55:21,197 - rlhf_trainer - WARNING - Early stopping due to large KL divergence: 161397.46875
2025-12-06 02:55:23,869 - rlhf_trainer - WARNING - Early stopping due to large KL divergence: 313366478848.0
2025-12-06 02:55:23,872 - utils - INFO - Step 1910:
2025-12-06 02:55:23,872 - utils - INFO -   Policy Loss: -0.0000
2025-12-06 02:55:23,872 - utils - INFO -   Value Loss: 0.6049
2025-12-06 02:55:23,872 - utils - INFO -   Reward Mean: 0.0000
2025-12-06 02:55:23,872 - utils - INFO -   KL Divergence: 0.0000
2025-12-06 02:55:26,212 - rlhf_trainer - WARNING - Early stopping due to large KL divergence: 0.7296802997589111
2025-12-06 02:55:28,575 - rlhf_trainer - WARNING - Early stopping due to large KL divergence: 0.5218399167060852
2025-12-06 02:55:30,990 - rlhf_trainer - WARNING - Early stopping due to large KL divergence: 1.7215615510940552
2025-12-06 02:55:33,379 - rlhf_trainer - WARNING - Early stopping due to large KL divergence: 0.9728492498397827
2025-12-06 02:55:35,766 - rlhf_trainer - WARNING - Early stopping due to large KL divergence: 498.9248352050781
2025-12-06 02:55:38,764 - rlhf_trainer - WARNING - Early stopping due to large KL divergence: 15330365.0
2025-12-06 02:55:42,919 - rlhf_trainer - WARNING - Early stopping due to large KL divergence: 7.384230613708496
2025-12-06 02:55:45,264 - rlhf_trainer - WARNING - Early stopping due to large KL divergence: 573281796096.0
2025-12-06 02:55:47,892 - rlhf_trainer - WARNING - Early stopping due to large KL divergence: 1.814672335949529e+18
2025-12-06 02:55:50,255 - rlhf_trainer - WARNING - Early stopping due to large KL divergence: 16.978816986083984
2025-12-06 02:55:50,259 - utils - INFO - Step 1920:
2025-12-06 02:55:50,259 - utils - INFO -   Policy Loss: 0.0000
2025-12-06 02:55:50,259 - utils - INFO -   Value Loss: 0.1232
2025-12-06 02:55:50,259 - utils - INFO -   Reward Mean: 0.0000
2025-12-06 02:55:50,259 - utils - INFO -   KL Divergence: 0.0000
2025-12-06 02:55:52,740 - rlhf_trainer - WARNING - Early stopping due to large KL divergence: 5.043985884202926e+17
2025-12-06 02:55:55,980 - rlhf_trainer - WARNING - Early stopping due to large KL divergence: 3.033979654312134
2025-12-06 02:55:58,326 - rlhf_trainer - WARNING - Early stopping due to large KL divergence: 299.6413269042969
2025-12-06 02:56:00,684 - rlhf_trainer - WARNING - Early stopping due to large KL divergence: 1.4813109636306763
2025-12-06 02:56:03,991 - rlhf_trainer - WARNING - Early stopping due to large KL divergence: 79202.40625
2025-12-06 02:56:07,881 - rlhf_trainer - WARNING - Early stopping due to large KL divergence: 50564432.0
2025-12-06 02:56:10,158 - rlhf_trainer - WARNING - Early stopping due to large KL divergence: 1665405568.0
2025-12-06 02:56:12,670 - rlhf_trainer - WARNING - Early stopping due to large KL divergence: 0.2658437192440033
2025-12-06 02:56:14,999 - rlhf_trainer - WARNING - Early stopping due to large KL divergence: 4.657326698303223
2025-12-06 02:56:17,343 - rlhf_trainer - WARNING - Early stopping due to large KL divergence: 9.711474418640137
2025-12-06 02:56:17,346 - utils - INFO - Step 1930:
2025-12-06 02:56:17,347 - utils - INFO -   Policy Loss: 0.0000
2025-12-06 02:56:17,347 - utils - INFO -   Value Loss: 0.2347
2025-12-06 02:56:17,347 - utils - INFO -   Reward Mean: 0.0000
2025-12-06 02:56:17,347 - utils - INFO -   KL Divergence: 0.0000
2025-12-06 02:56:19,682 - rlhf_trainer - WARNING - Early stopping due to large KL divergence: 2.652885675430298
2025-12-06 02:56:22,125 - rlhf_trainer - WARNING - Early stopping due to large KL divergence: 1.8537590503692627
2025-12-06 02:56:24,561 - rlhf_trainer - WARNING - Early stopping due to large KL divergence: 0.049352362751960754
2025-12-06 02:56:26,882 - rlhf_trainer - WARNING - Early stopping due to large KL divergence: 10127804.0
2025-12-06 02:56:29,242 - rlhf_trainer - WARNING - Early stopping due to large KL divergence: 8.450105667114258
2025-12-06 02:56:31,786 - rlhf_trainer - WARNING - Early stopping due to large KL divergence: 69.05097961425781
2025-12-06 02:56:34,217 - rlhf_trainer - WARNING - Early stopping due to large KL divergence: 3.525722026824951
2025-12-06 02:56:36,609 - rlhf_trainer - WARNING - Early stopping due to large KL divergence: 10.232015609741211
2025-12-06 02:56:39,003 - rlhf_trainer - WARNING - Early stopping due to large KL divergence: 2.095221996307373
2025-12-06 02:56:42,993 - rlhf_trainer - WARNING - Early stopping due to large KL divergence: 1082.842041015625
2025-12-06 02:56:42,997 - utils - INFO - Step 1940:
2025-12-06 02:56:42,998 - utils - INFO -   Policy Loss: 0.0000
2025-12-06 02:56:42,998 - utils - INFO -   Value Loss: 0.3214
2025-12-06 02:56:42,998 - utils - INFO -   Reward Mean: -0.0000
2025-12-06 02:56:42,998 - utils - INFO -   KL Divergence: 0.0000
2025-12-06 02:56:45,358 - rlhf_trainer - WARNING - Early stopping due to large KL divergence: 0.24335633218288422
2025-12-06 02:56:47,707 - rlhf_trainer - WARNING - Early stopping due to large KL divergence: 49.81937789916992
2025-12-06 02:56:50,064 - rlhf_trainer - WARNING - Early stopping due to large KL divergence: 67343.5078125
2025-12-06 02:56:52,380 - rlhf_trainer - WARNING - Early stopping due to large KL divergence: 13587.4404296875
2025-12-06 02:56:54,754 - rlhf_trainer - WARNING - Early stopping due to large KL divergence: 3.5340023040771484
2025-12-06 02:56:57,212 - rlhf_trainer - WARNING - Early stopping due to large KL divergence: 3763.91552734375
2025-12-06 02:56:59,697 - rlhf_trainer - WARNING - Early stopping due to large KL divergence: 72747.6953125
2025-12-06 02:57:02,103 - rlhf_trainer - WARNING - Early stopping due to large KL divergence: 2.384965419769287
2025-12-06 02:57:04,448 - rlhf_trainer - WARNING - Early stopping due to large KL divergence: 46488764.0
2025-12-06 02:57:06,806 - rlhf_trainer - WARNING - Early stopping due to large KL divergence: 8.167764663696289
2025-12-06 02:57:06,810 - utils - INFO - Step 1950:
2025-12-06 02:57:06,810 - utils - INFO -   Policy Loss: -0.0000
2025-12-06 02:57:06,810 - utils - INFO -   Value Loss: 0.1848
2025-12-06 02:57:06,810 - utils - INFO -   Reward Mean: 0.0000
2025-12-06 02:57:06,810 - utils - INFO -   KL Divergence: 0.0000
2025-12-06 02:57:10,099 - rlhf_trainer - WARNING - Early stopping due to large KL divergence: 10.539491653442383
2025-12-06 02:57:12,496 - rlhf_trainer - WARNING - Early stopping due to large KL divergence: 137038992.0
2025-12-06 02:57:14,805 - rlhf_trainer - WARNING - Early stopping due to large KL divergence: 0.22545687854290009
2025-12-06 02:57:17,201 - rlhf_trainer - WARNING - Early stopping due to large KL divergence: 2.4344449043273926
2025-12-06 02:57:20,942 - rlhf_trainer - WARNING - Early stopping due to large KL divergence: 7.338659221421613e+20
2025-12-06 02:57:23,432 - rlhf_trainer - WARNING - Early stopping due to large KL divergence: 102633299968.0
2025-12-06 02:57:25,797 - rlhf_trainer - WARNING - Early stopping due to large KL divergence: 3.160367250442505
2025-12-06 02:57:28,136 - rlhf_trainer - WARNING - Early stopping due to large KL divergence: 13127713292288.0
2025-12-06 02:57:30,500 - rlhf_trainer - WARNING - Early stopping due to large KL divergence: 3.0285563468933105
2025-12-06 02:57:32,852 - rlhf_trainer - WARNING - Early stopping due to large KL divergence: 2.128188133239746
2025-12-06 02:57:32,855 - utils - INFO - Step 1960:
2025-12-06 02:57:32,855 - utils - INFO -   Policy Loss: 0.0000
2025-12-06 02:57:32,855 - utils - INFO -   Value Loss: 0.1305
2025-12-06 02:57:32,855 - utils - INFO -   Reward Mean: 0.0000
2025-12-06 02:57:32,855 - utils - INFO -   KL Divergence: 0.0000
2025-12-06 02:57:35,316 - rlhf_trainer - WARNING - Early stopping due to large KL divergence: 4.227014064788818
2025-12-06 02:57:37,670 - rlhf_trainer - WARNING - Early stopping due to large KL divergence: 1.1155925989151
2025-12-06 02:57:40,692 - rlhf_trainer - WARNING - Early stopping due to large KL divergence: 68404.390625
2025-12-06 02:57:43,075 - rlhf_trainer - WARNING - Early stopping due to large KL divergence: 3755047.0
2025-12-06 02:57:45,429 - rlhf_trainer - WARNING - Early stopping due to large KL divergence: 1.657173991203308
2025-12-06 02:57:47,821 - rlhf_trainer - WARNING - Early stopping due to large KL divergence: 5.430854320526123
2025-12-06 02:57:50,627 - rlhf_trainer - WARNING - Early stopping due to large KL divergence: 4013.2646484375
2025-12-06 02:57:53,036 - rlhf_trainer - WARNING - Early stopping due to large KL divergence: 23466561536.0
2025-12-06 02:57:55,451 - rlhf_trainer - WARNING - Early stopping due to large KL divergence: 1.3524906635284424
2025-12-06 02:57:58,197 - rlhf_trainer - WARNING - Early stopping due to large KL divergence: 0.7949868440628052
2025-12-06 02:57:58,201 - utils - INFO - Step 1970:
2025-12-06 02:57:58,201 - utils - INFO -   Policy Loss: -0.0000
2025-12-06 02:57:58,201 - utils - INFO -   Value Loss: 0.1772
2025-12-06 02:57:58,201 - utils - INFO -   Reward Mean: -0.0000
2025-12-06 02:57:58,201 - utils - INFO -   KL Divergence: 0.0000
2025-12-06 02:58:00,492 - rlhf_trainer - WARNING - Early stopping due to large KL divergence: 4.460344314575195
2025-12-06 02:58:03,244 - rlhf_trainer - WARNING - Early stopping due to large KL divergence: 169.59161376953125
2025-12-06 02:58:06,481 - rlhf_trainer - WARNING - Early stopping due to large KL divergence: 1.3089648485183716
2025-12-06 02:58:09,973 - rlhf_trainer - WARNING - Early stopping due to large KL divergence: 8.67701041536172e+17
2025-12-06 02:58:12,731 - rlhf_trainer - WARNING - Early stopping due to large KL divergence: 0.0293261855840683
2025-12-06 02:58:15,053 - rlhf_trainer - WARNING - Early stopping due to large KL divergence: 849741348864.0
2025-12-06 02:58:17,858 - rlhf_trainer - WARNING - Early stopping due to large KL divergence: 427945472.0
2025-12-06 02:58:20,607 - rlhf_trainer - WARNING - Early stopping due to large KL divergence: 1312933.125
2025-12-06 02:58:22,983 - rlhf_trainer - WARNING - Early stopping due to large KL divergence: 4.1638967138760786e+18
2025-12-06 02:58:25,317 - rlhf_trainer - WARNING - Early stopping due to large KL divergence: 2.5648158207549374e+20
2025-12-06 02:58:25,321 - utils - INFO - Step 1980:
2025-12-06 02:58:25,321 - utils - INFO -   Policy Loss: 0.0000
2025-12-06 02:58:25,321 - utils - INFO -   Value Loss: 0.1286
2025-12-06 02:58:25,321 - utils - INFO -   Reward Mean: 0.0000
2025-12-06 02:58:25,321 - utils - INFO -   KL Divergence: 0.0000
2025-12-06 02:58:27,664 - rlhf_trainer - WARNING - Early stopping due to large KL divergence: 1.5603101736291878e+27
2025-12-06 02:58:30,024 - rlhf_trainer - WARNING - Early stopping due to large KL divergence: inf
2025-12-06 02:58:32,863 - rlhf_trainer - WARNING - Early stopping due to large KL divergence: 1.2992142534712807e+20
2025-12-06 02:58:35,352 - rlhf_trainer - WARNING - Early stopping due to large KL divergence: 49101944.0
2025-12-06 02:58:37,780 - rlhf_trainer - WARNING - Early stopping due to large KL divergence: 0.04108332097530365
2025-12-06 02:58:40,188 - rlhf_trainer - WARNING - Early stopping due to large KL divergence: 1.4749393463134766
2025-12-06 02:58:42,573 - rlhf_trainer - WARNING - Early stopping due to large KL divergence: 21297.474609375
2025-12-06 02:58:44,970 - rlhf_trainer - WARNING - Early stopping due to large KL divergence: 44.41395950317383
2025-12-06 02:58:47,393 - rlhf_trainer - WARNING - Early stopping due to large KL divergence: 4597391.0
2025-12-06 02:58:50,188 - rlhf_trainer - WARNING - Early stopping due to large KL divergence: 1486.3756103515625
2025-12-06 02:58:50,192 - utils - INFO - Step 1990:
2025-12-06 02:58:50,192 - utils - INFO -   Policy Loss: 0.0000
2025-12-06 02:58:50,192 - utils - INFO -   Value Loss: 0.1632
2025-12-06 02:58:50,192 - utils - INFO -   Reward Mean: 0.0000
2025-12-06 02:58:50,192 - utils - INFO -   KL Divergence: 0.0000
2025-12-06 02:58:52,595 - rlhf_trainer - WARNING - Early stopping due to large KL divergence: 3237037.75
2025-12-06 02:58:54,998 - rlhf_trainer - WARNING - Early stopping due to large KL divergence: 57070.6328125
2025-12-06 02:58:57,442 - rlhf_trainer - WARNING - Early stopping due to large KL divergence: 1.233668327331543
2025-12-06 02:59:01,055 - rlhf_trainer - WARNING - Early stopping due to large KL divergence: 2061361634869248.0
2025-12-06 02:59:03,419 - rlhf_trainer - WARNING - Early stopping due to large KL divergence: 147813152.0
2025-12-06 02:59:05,792 - rlhf_trainer - WARNING - Early stopping due to large KL divergence: 145438715936768.0
2025-12-06 02:59:08,175 - rlhf_trainer - WARNING - Early stopping due to large KL divergence: 88457408.0
2025-12-06 02:59:10,620 - rlhf_trainer - WARNING - Early stopping due to large KL divergence: 1.7019681930541992
2025-12-06 02:59:13,414 - rlhf_trainer - WARNING - Early stopping due to large KL divergence: 65142202368.0
2025-12-06 02:59:15,789 - rlhf_trainer - WARNING - Early stopping due to large KL divergence: 13320148.0
2025-12-06 02:59:15,792 - utils - INFO - Step 2000:
2025-12-06 02:59:15,792 - utils - INFO -   Policy Loss: 0.0000
2025-12-06 02:59:15,792 - utils - INFO -   Value Loss: 3.0696
2025-12-06 02:59:15,792 - utils - INFO -   Reward Mean: 0.0000
2025-12-06 02:59:15,792 - utils - INFO -   KL Divergence: 0.0000
2025-12-06 02:59:18,349 - rlhf_trainer - WARNING - Early stopping due to large KL divergence: 0.8278439044952393
2025-12-06 02:59:20,806 - rlhf_trainer - WARNING - Early stopping due to large KL divergence: 2183477.0
2025-12-06 02:59:23,156 - rlhf_trainer - WARNING - Early stopping due to large KL divergence: 1.0447194576263428
2025-12-06 02:59:25,487 - rlhf_trainer - WARNING - Early stopping due to large KL divergence: 2.7751083374023438
2025-12-06 02:59:27,829 - rlhf_trainer - WARNING - Early stopping due to large KL divergence: 8.680530548095703
2025-12-06 02:59:30,163 - rlhf_trainer - WARNING - Early stopping due to large KL divergence: 23.031064987182617
2025-12-06 02:59:32,534 - rlhf_trainer - WARNING - Early stopping due to large KL divergence: 5.426855564117432
2025-12-06 02:59:34,861 - rlhf_trainer - WARNING - Early stopping due to large KL divergence: 17.803850173950195
2025-12-06 02:59:37,471 - rlhf_trainer - WARNING - Early stopping due to large KL divergence: 22.517391204833984
2025-12-06 02:59:39,858 - rlhf_trainer - WARNING - Early stopping due to large KL divergence: 1.278228759765625
2025-12-06 02:59:39,862 - utils - INFO - Step 2010:
2025-12-06 02:59:39,862 - utils - INFO -   Policy Loss: 0.0000
2025-12-06 02:59:39,862 - utils - INFO -   Value Loss: 0.1971
2025-12-06 02:59:39,864 - utils - INFO -   Reward Mean: 0.0000
2025-12-06 02:59:39,864 - utils - INFO -   KL Divergence: 0.0000
2025-12-06 02:59:42,260 - rlhf_trainer - WARNING - Early stopping due to large KL divergence: 2015.444580078125
2025-12-06 02:59:44,745 - rlhf_trainer - WARNING - Early stopping due to large KL divergence: 1763176014151680.0
2025-12-06 02:59:47,567 - rlhf_trainer - WARNING - Early stopping due to large KL divergence: 294956105728.0
2025-12-06 02:59:49,884 - rlhf_trainer - WARNING - Early stopping due to large KL divergence: 15.50940227508545
2025-12-06 02:59:52,261 - rlhf_trainer - WARNING - Early stopping due to large KL divergence: 7405.8955078125
2025-12-06 02:59:54,674 - rlhf_trainer - WARNING - Early stopping due to large KL divergence: 202145008.0
2025-12-06 02:59:57,185 - rlhf_trainer - WARNING - Early stopping due to large KL divergence: 1.3314179182052612
2025-12-06 02:59:59,705 - rlhf_trainer - WARNING - Early stopping due to large KL divergence: 3203.350830078125
2025-12-06 03:00:02,112 - rlhf_trainer - WARNING - Early stopping due to large KL divergence: 26.92510986328125
2025-12-06 03:00:04,482 - rlhf_trainer - WARNING - Early stopping due to large KL divergence: 299613088.0
2025-12-06 03:00:04,486 - utils - INFO - Step 2020:
2025-12-06 03:00:04,486 - utils - INFO -   Policy Loss: -0.0000
2025-12-06 03:00:04,486 - utils - INFO -   Value Loss: 0.2761
2025-12-06 03:00:04,486 - utils - INFO -   Reward Mean: 0.0000
2025-12-06 03:00:04,486 - utils - INFO -   KL Divergence: 0.0000
2025-12-06 03:00:06,901 - rlhf_trainer - WARNING - Early stopping due to large KL divergence: 1.8260648250579834
2025-12-06 03:00:11,254 - rlhf_trainer - WARNING - Early stopping due to large KL divergence: 964294541312.0
2025-12-06 03:00:13,614 - rlhf_trainer - WARNING - Early stopping due to large KL divergence: 5.907899856567383
2025-12-06 03:00:15,966 - rlhf_trainer - WARNING - Early stopping due to large KL divergence: 18.83201789855957
2025-12-06 03:00:18,354 - rlhf_trainer - WARNING - Early stopping due to large KL divergence: 1586427648.0
2025-12-06 03:00:20,731 - rlhf_trainer - WARNING - Early stopping due to large KL divergence: 1.5868849754333496
2025-12-06 03:00:23,745 - rlhf_trainer - WARNING - Early stopping due to large KL divergence: 8.863418579101562
2025-12-06 03:00:26,074 - rlhf_trainer - WARNING - Early stopping due to large KL divergence: 4.486858367919922
2025-12-06 03:00:28,829 - rlhf_trainer - WARNING - Early stopping due to large KL divergence: 15.505985260009766
2025-12-06 03:00:31,320 - rlhf_trainer - WARNING - Early stopping due to large KL divergence: 2.925708532333374
2025-12-06 03:00:31,323 - utils - INFO - Step 2030:
2025-12-06 03:00:31,323 - utils - INFO -   Policy Loss: 0.0000
2025-12-06 03:00:31,323 - utils - INFO -   Value Loss: 0.1804
2025-12-06 03:00:31,323 - utils - INFO -   Reward Mean: -0.0000
2025-12-06 03:00:31,323 - utils - INFO -   KL Divergence: 0.0000
2025-12-06 03:00:35,155 - rlhf_trainer - WARNING - Early stopping due to large KL divergence: 9158.08984375
2025-12-06 03:00:37,537 - rlhf_trainer - WARNING - Early stopping due to large KL divergence: 185229.9375
2025-12-06 03:00:40,511 - rlhf_trainer - WARNING - Early stopping due to large KL divergence: 162175975424.0
2025-12-06 03:00:43,994 - rlhf_trainer - WARNING - Early stopping due to large KL divergence: 12.847016334533691
2025-12-06 03:00:46,430 - rlhf_trainer - WARNING - Early stopping due to large KL divergence: 9.3274564743042
2025-12-06 03:00:48,826 - rlhf_trainer - WARNING - Early stopping due to large KL divergence: 1.893566608428955
2025-12-06 03:00:51,248 - rlhf_trainer - WARNING - Early stopping due to large KL divergence: 4.567212104797363
2025-12-06 03:00:53,608 - rlhf_trainer - WARNING - Early stopping due to large KL divergence: 2.177432060241699
2025-12-06 03:00:55,964 - rlhf_trainer - WARNING - Early stopping due to large KL divergence: 1.7331124544143677
2025-12-06 03:00:58,347 - rlhf_trainer - WARNING - Early stopping due to large KL divergence: 2.1735317707061768
2025-12-06 03:00:58,350 - utils - INFO - Step 2040:
2025-12-06 03:00:58,350 - utils - INFO -   Policy Loss: 0.0000
2025-12-06 03:00:58,350 - utils - INFO -   Value Loss: 0.1776
2025-12-06 03:00:58,350 - utils - INFO -   Reward Mean: 0.0000
2025-12-06 03:00:58,350 - utils - INFO -   KL Divergence: 0.0000
2025-12-06 03:01:00,690 - rlhf_trainer - WARNING - Early stopping due to large KL divergence: 4.929322719573975
2025-12-06 03:01:03,031 - rlhf_trainer - WARNING - Early stopping due to large KL divergence: 637982539776.0
2025-12-06 03:01:05,436 - rlhf_trainer - WARNING - Early stopping due to large KL divergence: 2.7350692749023438
2025-12-06 03:01:07,791 - rlhf_trainer - WARNING - Early stopping due to large KL divergence: 1516.671875
2025-12-06 03:01:10,124 - rlhf_trainer - WARNING - Early stopping due to large KL divergence: 768458432.0
2025-12-06 03:01:12,497 - rlhf_trainer - WARNING - Early stopping due to large KL divergence: 79.35150909423828
2025-12-06 03:01:14,842 - rlhf_trainer - WARNING - Early stopping due to large KL divergence: 60331.578125
2025-12-06 03:01:17,128 - rlhf_trainer - WARNING - Early stopping due to large KL divergence: 1.7640548944473267
2025-12-06 03:01:19,474 - rlhf_trainer - WARNING - Early stopping due to large KL divergence: 9868676096.0
2025-12-06 03:01:22,264 - rlhf_trainer - WARNING - Early stopping due to large KL divergence: 1336884736.0
2025-12-06 03:01:22,268 - utils - INFO - Step 2050:
2025-12-06 03:01:22,268 - utils - INFO -   Policy Loss: 0.0000
2025-12-06 03:01:22,268 - utils - INFO -   Value Loss: 0.1517
2025-12-06 03:01:22,268 - utils - INFO -   Reward Mean: -0.0000
2025-12-06 03:01:22,268 - utils - INFO -   KL Divergence: 0.0000
2025-12-06 03:01:25,146 - rlhf_trainer - WARNING - Early stopping due to large KL divergence: 45233.90625
2025-12-06 03:01:27,534 - rlhf_trainer - WARNING - Early stopping due to large KL divergence: 12.231327056884766
2025-12-06 03:01:30,034 - rlhf_trainer - WARNING - Early stopping due to large KL divergence: 46.1319580078125
2025-12-06 03:01:32,484 - rlhf_trainer - WARNING - Early stopping due to large KL divergence: 3.1712987422943115
2025-12-06 03:01:34,823 - rlhf_trainer - WARNING - Early stopping due to large KL divergence: 9.248759269714355
2025-12-06 03:01:37,464 - rlhf_trainer - WARNING - Early stopping due to large KL divergence: 22.51870346069336
2025-12-06 03:01:39,817 - rlhf_trainer - WARNING - Early stopping due to large KL divergence: 8.882862091064453
2025-12-06 03:01:42,262 - rlhf_trainer - WARNING - Early stopping due to large KL divergence: 7.687436580657959
2025-12-06 03:01:45,743 - rlhf_trainer - WARNING - Early stopping due to large KL divergence: 24.54529571533203
2025-12-06 03:01:48,286 - rlhf_trainer - WARNING - Early stopping due to large KL divergence: 1.1606836318969727
2025-12-06 03:01:48,289 - utils - INFO - Step 2060:
2025-12-06 03:01:48,289 - utils - INFO -   Policy Loss: 0.0000
2025-12-06 03:01:48,289 - utils - INFO -   Value Loss: 13.2166
2025-12-06 03:01:48,289 - utils - INFO -   Reward Mean: 0.0000
2025-12-06 03:01:48,289 - utils - INFO -   KL Divergence: 0.0000
2025-12-06 03:01:50,661 - rlhf_trainer - WARNING - Early stopping due to large KL divergence: 4.112608432769775
2025-12-06 03:01:53,030 - rlhf_trainer - WARNING - Early stopping due to large KL divergence: 7.876566410064697
2025-12-06 03:01:55,367 - rlhf_trainer - WARNING - Early stopping due to large KL divergence: 6.713776588439941
2025-12-06 03:01:57,678 - rlhf_trainer - WARNING - Early stopping due to large KL divergence: 801.6338500976562
2025-12-06 03:02:00,564 - rlhf_trainer - WARNING - Early stopping due to large KL divergence: 1.0194106938640302e+18
2025-12-06 03:02:02,901 - rlhf_trainer - WARNING - Early stopping due to large KL divergence: 7.360719203948975
2025-12-06 03:02:05,247 - rlhf_trainer - WARNING - Early stopping due to large KL divergence: 5368125440.0
2025-12-06 03:02:08,992 - rlhf_trainer - WARNING - Early stopping due to large KL divergence: 6.210269822341612e+17
2025-12-06 03:02:11,392 - rlhf_trainer - WARNING - Early stopping due to large KL divergence: 6.0887041091918945
2025-12-06 03:02:13,720 - rlhf_trainer - WARNING - Early stopping due to large KL divergence: 959203.75
2025-12-06 03:02:13,723 - utils - INFO - Step 2070:
2025-12-06 03:02:13,723 - utils - INFO -   Policy Loss: 0.0000
2025-12-06 03:02:13,723 - utils - INFO -   Value Loss: 0.1357
2025-12-06 03:02:13,723 - utils - INFO -   Reward Mean: -0.0000
2025-12-06 03:02:13,723 - utils - INFO -   KL Divergence: 0.0000
2025-12-06 03:02:16,060 - rlhf_trainer - WARNING - Early stopping due to large KL divergence: 2537.090087890625
2025-12-06 03:02:18,477 - rlhf_trainer - WARNING - Early stopping due to large KL divergence: 0.06675960123538971
2025-12-06 03:02:20,808 - rlhf_trainer - WARNING - Early stopping due to large KL divergence: 0.9721538424491882
2025-12-06 03:02:23,188 - rlhf_trainer - WARNING - Early stopping due to large KL divergence: 3647467776.0
2025-12-06 03:02:25,531 - rlhf_trainer - WARNING - Early stopping due to large KL divergence: 4099672899584.0
2025-12-06 03:02:27,944 - rlhf_trainer - WARNING - Early stopping due to large KL divergence: 15108.1162109375
2025-12-06 03:02:30,355 - rlhf_trainer - WARNING - Early stopping due to large KL divergence: 135574752.0
2025-12-06 03:02:32,697 - rlhf_trainer - WARNING - Early stopping due to large KL divergence: 62802332.0
2025-12-06 03:02:35,032 - rlhf_trainer - WARNING - Early stopping due to large KL divergence: 7.511066393135158e+30
2025-12-06 03:02:39,485 - rlhf_trainer - WARNING - Early stopping due to large KL divergence: 1013356864.0
2025-12-06 03:02:39,489 - utils - INFO - Step 2080:
2025-12-06 03:02:39,490 - utils - INFO -   Policy Loss: 0.0000
2025-12-06 03:02:39,490 - utils - INFO -   Value Loss: 0.2154
2025-12-06 03:02:39,490 - utils - INFO -   Reward Mean: 0.0000
2025-12-06 03:02:39,490 - utils - INFO -   KL Divergence: 0.0000
2025-12-06 03:02:41,926 - rlhf_trainer - WARNING - Early stopping due to large KL divergence: 0.2832877039909363
2025-12-06 03:02:44,288 - rlhf_trainer - WARNING - Early stopping due to large KL divergence: 1.1114184856414795
2025-12-06 03:02:46,618 - rlhf_trainer - WARNING - Early stopping due to large KL divergence: 108875390910464.0
2025-12-06 03:02:48,948 - rlhf_trainer - WARNING - Early stopping due to large KL divergence: 6.089136600494385
2025-12-06 03:02:51,361 - rlhf_trainer - WARNING - Early stopping due to large KL divergence: 1975863.25
2025-12-06 03:02:53,944 - rlhf_trainer - WARNING - Early stopping due to large KL divergence: 7.441092275532202e+18
2025-12-06 03:02:56,705 - rlhf_trainer - WARNING - Early stopping due to large KL divergence: 24.45524787902832
2025-12-06 03:02:59,514 - rlhf_trainer - WARNING - Early stopping due to large KL divergence: 3584393947906048.0
2025-12-06 03:03:02,193 - rlhf_trainer - WARNING - Early stopping due to large KL divergence: 180.78756713867188
2025-12-06 03:03:04,572 - rlhf_trainer - WARNING - Early stopping due to large KL divergence: 2.1373558044433594
2025-12-06 03:03:04,575 - utils - INFO - Step 2090:
2025-12-06 03:03:04,575 - utils - INFO -   Policy Loss: 0.0000
2025-12-06 03:03:04,575 - utils - INFO -   Value Loss: 0.0981
2025-12-06 03:03:04,575 - utils - INFO -   Reward Mean: -0.0000
2025-12-06 03:03:04,575 - utils - INFO -   KL Divergence: 0.0000
2025-12-06 03:03:06,931 - rlhf_trainer - WARNING - Early stopping due to large KL divergence: 4547.41748046875
2025-12-06 03:03:09,279 - rlhf_trainer - WARNING - Early stopping due to large KL divergence: 4.248901624266752e+16
2025-12-06 03:03:12,038 - rlhf_trainer - WARNING - Early stopping due to large KL divergence: 71148.53125
2025-12-06 03:03:14,373 - rlhf_trainer - WARNING - Early stopping due to large KL divergence: 2.549759864807129
2025-12-06 03:03:16,735 - rlhf_trainer - WARNING - Early stopping due to large KL divergence: 5.302465438842773
2025-12-06 03:03:19,115 - rlhf_trainer - WARNING - Early stopping due to large KL divergence: 2.641775608062744
2025-12-06 03:03:21,528 - rlhf_trainer - WARNING - Early stopping due to large KL divergence: 0.05629359185695648
2025-12-06 03:03:23,868 - rlhf_trainer - WARNING - Early stopping due to large KL divergence: 6.918252944946289
2025-12-06 03:03:26,192 - rlhf_trainer - WARNING - Early stopping due to large KL divergence: 19.005887985229492
2025-12-06 03:03:28,567 - rlhf_trainer - WARNING - Early stopping due to large KL divergence: 5.723481178283691
2025-12-06 03:03:28,571 - utils - INFO - Step 2100:
2025-12-06 03:03:28,571 - utils - INFO -   Policy Loss: -0.0000
2025-12-06 03:03:28,571 - utils - INFO -   Value Loss: 0.1326
2025-12-06 03:03:28,571 - utils - INFO -   Reward Mean: 0.0000
2025-12-06 03:03:28,571 - utils - INFO -   KL Divergence: 0.0000
2025-12-06 03:03:30,968 - rlhf_trainer - WARNING - Early stopping due to large KL divergence: 3.3371899127960205
2025-12-06 03:03:33,312 - rlhf_trainer - WARNING - Early stopping due to large KL divergence: 11.63032341003418
2025-12-06 03:03:35,716 - rlhf_trainer - WARNING - Early stopping due to large KL divergence: 18.645160675048828
2025-12-06 03:03:38,097 - rlhf_trainer - WARNING - Early stopping due to large KL divergence: 5.014651775360107
2025-12-06 03:03:41,081 - rlhf_trainer - WARNING - Early stopping due to large KL divergence: 1.3010348081588745
2025-12-06 03:03:43,473 - rlhf_trainer - WARNING - Early stopping due to large KL divergence: 0.6040973663330078
2025-12-06 03:03:45,966 - rlhf_trainer - WARNING - Early stopping due to large KL divergence: 23.068811416625977
2025-12-06 03:03:48,462 - rlhf_trainer - WARNING - Early stopping due to large KL divergence: 0.11901971697807312
2025-12-06 03:03:50,838 - rlhf_trainer - WARNING - Early stopping due to large KL divergence: 3.06032657623291
2025-12-06 03:03:53,176 - rlhf_trainer - WARNING - Early stopping due to large KL divergence: 10.040589332580566
2025-12-06 03:03:53,179 - utils - INFO - Step 2110:
2025-12-06 03:03:53,180 - utils - INFO -   Policy Loss: 0.0000
2025-12-06 03:03:53,180 - utils - INFO -   Value Loss: 1.3852
2025-12-06 03:03:53,180 - utils - INFO -   Reward Mean: 0.0000
2025-12-06 03:03:53,180 - utils - INFO -   KL Divergence: 0.0000
2025-12-06 03:03:55,576 - rlhf_trainer - WARNING - Early stopping due to large KL divergence: 1.2089784145355225
2025-12-06 03:03:57,928 - rlhf_trainer - WARNING - Early stopping due to large KL divergence: 13.104166984558105
2025-12-06 03:04:00,267 - rlhf_trainer - WARNING - Early stopping due to large KL divergence: 0.30626070499420166
2025-12-06 03:04:02,686 - rlhf_trainer - WARNING - Early stopping due to large KL divergence: 0.05743248760700226
2025-12-06 03:04:05,085 - rlhf_trainer - WARNING - Early stopping due to large KL divergence: 37.601715087890625
2025-12-06 03:04:07,439 - rlhf_trainer - WARNING - Early stopping due to large KL divergence: 85783.40625
2025-12-06 03:04:10,915 - rlhf_trainer - WARNING - Early stopping due to large KL divergence: 7760842850304.0
2025-12-06 03:04:13,263 - rlhf_trainer - WARNING - Early stopping due to large KL divergence: 0.04054516553878784
2025-12-06 03:04:15,610 - rlhf_trainer - WARNING - Early stopping due to large KL divergence: 1.6358357667922974
2025-12-06 03:04:18,472 - rlhf_trainer - WARNING - Early stopping due to large KL divergence: 4.976375964670127e+28
2025-12-06 03:04:18,475 - utils - INFO - Step 2120:
2025-12-06 03:04:18,475 - utils - INFO -   Policy Loss: -0.0000
2025-12-06 03:04:18,475 - utils - INFO -   Value Loss: 0.1709
2025-12-06 03:04:18,475 - utils - INFO -   Reward Mean: -0.0000
2025-12-06 03:04:18,475 - utils - INFO -   KL Divergence: 0.0000
2025-12-06 03:04:20,854 - rlhf_trainer - WARNING - Early stopping due to large KL divergence: 1.011807971316961e+30
2025-12-06 03:04:23,207 - rlhf_trainer - WARNING - Early stopping due to large KL divergence: 11892275200.0
2025-12-06 03:04:25,590 - rlhf_trainer - WARNING - Early stopping due to large KL divergence: 200591.046875
2025-12-06 03:04:27,987 - rlhf_trainer - WARNING - Early stopping due to large KL divergence: 2.607776641845703
2025-12-06 03:04:30,395 - rlhf_trainer - WARNING - Early stopping due to large KL divergence: 2.7826929092407227
2025-12-06 03:04:32,760 - rlhf_trainer - WARNING - Early stopping due to large KL divergence: 7.174599647521973
2025-12-06 03:04:35,202 - rlhf_trainer - WARNING - Early stopping due to large KL divergence: 0.08571884036064148
2025-12-06 03:04:37,571 - rlhf_trainer - WARNING - Early stopping due to large KL divergence: 75146176.0
2025-12-06 03:04:39,961 - rlhf_trainer - WARNING - Early stopping due to large KL divergence: 4.396417617797852
2025-12-06 03:04:42,386 - rlhf_trainer - WARNING - Early stopping due to large KL divergence: 4.104766368865967
2025-12-06 03:04:42,389 - utils - INFO - Step 2130:
2025-12-06 03:04:42,390 - utils - INFO -   Policy Loss: 0.0000
2025-12-06 03:04:42,390 - utils - INFO -   Value Loss: 0.2103
2025-12-06 03:04:42,390 - utils - INFO -   Reward Mean: -0.0000
2025-12-06 03:04:42,390 - utils - INFO -   KL Divergence: 0.0000
2025-12-06 03:04:44,750 - rlhf_trainer - WARNING - Early stopping due to large KL divergence: 1763.0830078125
2025-12-06 03:04:47,194 - rlhf_trainer - WARNING - Early stopping due to large KL divergence: 1.7585429201865933e+17
2025-12-06 03:04:49,608 - rlhf_trainer - WARNING - Early stopping due to large KL divergence: 5.7726167246115506e+23
2025-12-06 03:04:52,008 - rlhf_trainer - WARNING - Early stopping due to large KL divergence: 1005701056.0
2025-12-06 03:04:54,432 - rlhf_trainer - WARNING - Early stopping due to large KL divergence: 0.19324195384979248
2025-12-06 03:04:57,102 - rlhf_trainer - WARNING - Early stopping due to large KL divergence: 145705936.0
2025-12-06 03:04:59,908 - rlhf_trainer - WARNING - Early stopping due to large KL divergence: 4430818816.0
2025-12-06 03:05:02,291 - rlhf_trainer - WARNING - Early stopping due to large KL divergence: 2388887385145344.0
2025-12-06 03:05:05,207 - rlhf_trainer - WARNING - Early stopping due to large KL divergence: 0.7633565068244934
2025-12-06 03:05:07,550 - rlhf_trainer - WARNING - Early stopping due to large KL divergence: 6855.41748046875
2025-12-06 03:05:07,553 - utils - INFO - Step 2140:
2025-12-06 03:05:07,553 - utils - INFO -   Policy Loss: 0.0000
2025-12-06 03:05:07,553 - utils - INFO -   Value Loss: 0.1527
2025-12-06 03:05:07,553 - utils - INFO -   Reward Mean: 0.0000
2025-12-06 03:05:07,553 - utils - INFO -   KL Divergence: 0.0000
2025-12-06 03:05:09,922 - rlhf_trainer - WARNING - Early stopping due to large KL divergence: 31.899641036987305
2025-12-06 03:05:12,328 - rlhf_trainer - WARNING - Early stopping due to large KL divergence: 67.23905944824219
2025-12-06 03:05:14,754 - rlhf_trainer - WARNING - Early stopping due to large KL divergence: 11.326906204223633
2025-12-06 03:05:17,122 - rlhf_trainer - WARNING - Early stopping due to large KL divergence: 1365.2843017578125
2025-12-06 03:05:19,494 - rlhf_trainer - WARNING - Early stopping due to large KL divergence: 8.716227531433105
2025-12-06 03:05:21,845 - rlhf_trainer - WARNING - Early stopping due to large KL divergence: 4.912270545959473
2025-12-06 03:05:24,192 - rlhf_trainer - WARNING - Early stopping due to large KL divergence: 7.774919509887695
2025-12-06 03:05:26,533 - rlhf_trainer - WARNING - Early stopping due to large KL divergence: 4.415209770202637
2025-12-06 03:05:28,936 - rlhf_trainer - WARNING - Early stopping due to large KL divergence: 1.2935291528701782
2025-12-06 03:05:31,362 - rlhf_trainer - WARNING - Early stopping due to large KL divergence: 15728436.0
2025-12-06 03:05:31,366 - utils - INFO - Step 2150:
2025-12-06 03:05:31,366 - utils - INFO -   Policy Loss: -0.0000
2025-12-06 03:05:31,366 - utils - INFO -   Value Loss: 0.2410
2025-12-06 03:05:31,366 - utils - INFO -   Reward Mean: 0.0000
2025-12-06 03:05:31,366 - utils - INFO -   KL Divergence: 0.0000
2025-12-06 03:05:34,129 - rlhf_trainer - WARNING - Early stopping due to large KL divergence: 14.750255584716797
2025-12-06 03:05:36,473 - rlhf_trainer - WARNING - Early stopping due to large KL divergence: 5.655853748321533
2025-12-06 03:05:38,853 - rlhf_trainer - WARNING - Early stopping due to large KL divergence: 16887.33203125
2025-12-06 03:05:41,298 - rlhf_trainer - WARNING - Early stopping due to large KL divergence: 0.04861868917942047
2025-12-06 03:05:43,657 - rlhf_trainer - WARNING - Early stopping due to large KL divergence: 27952.921875
2025-12-06 03:05:45,959 - rlhf_trainer - WARNING - Early stopping due to large KL divergence: 0.266369104385376
2025-12-06 03:05:48,306 - rlhf_trainer - WARNING - Early stopping due to large KL divergence: 90224.71875
2025-12-06 03:05:50,694 - rlhf_trainer - WARNING - Early stopping due to large KL divergence: 0.4717675447463989
2025-12-06 03:05:53,126 - rlhf_trainer - WARNING - Early stopping due to large KL divergence: 11594124288.0
2025-12-06 03:05:55,479 - rlhf_trainer - WARNING - Early stopping due to large KL divergence: 1.6317325830459595
2025-12-06 03:05:55,482 - utils - INFO - Step 2160:
2025-12-06 03:05:55,482 - utils - INFO -   Policy Loss: 0.0000
2025-12-06 03:05:55,482 - utils - INFO -   Value Loss: 0.1602
2025-12-06 03:05:55,482 - utils - INFO -   Reward Mean: 0.0000
2025-12-06 03:05:55,482 - utils - INFO -   KL Divergence: 0.0000
2025-12-06 03:05:57,818 - rlhf_trainer - WARNING - Early stopping due to large KL divergence: 5808812.0
2025-12-06 03:06:00,104 - rlhf_trainer - WARNING - Early stopping due to large KL divergence: 1.8745386600494385
2025-12-06 03:06:03,675 - rlhf_trainer - WARNING - Early stopping due to large KL divergence: 12.9075288772583
2025-12-06 03:06:06,248 - rlhf_trainer - WARNING - Early stopping due to large KL divergence: 1.9355254173278809
2025-12-06 03:06:08,773 - rlhf_trainer - WARNING - Early stopping due to large KL divergence: 904360704.0
2025-12-06 03:06:11,153 - rlhf_trainer - WARNING - Early stopping due to large KL divergence: 2.5299901962280273
2025-12-06 03:06:13,524 - rlhf_trainer - WARNING - Early stopping due to large KL divergence: 46.93288803100586
2025-12-06 03:06:16,291 - rlhf_trainer - WARNING - Early stopping due to large KL divergence: 8.937287175565543e+22
2025-12-06 03:06:18,659 - rlhf_trainer - WARNING - Early stopping due to large KL divergence: 282550632448.0
2025-12-06 03:06:20,954 - rlhf_trainer - WARNING - Early stopping due to large KL divergence: 3744.896484375
2025-12-06 03:06:20,957 - utils - INFO - Step 2170:
2025-12-06 03:06:20,957 - utils - INFO -   Policy Loss: 0.0000
2025-12-06 03:06:20,957 - utils - INFO -   Value Loss: 51.3709
2025-12-06 03:06:20,957 - utils - INFO -   Reward Mean: -0.0000
2025-12-06 03:06:20,957 - utils - INFO -   KL Divergence: 0.0000
2025-12-06 03:06:23,835 - rlhf_trainer - WARNING - Early stopping due to large KL divergence: 335.264404296875
2025-12-06 03:06:27,392 - rlhf_trainer - WARNING - Early stopping due to large KL divergence: 7.613262176513672
2025-12-06 03:06:29,771 - rlhf_trainer - WARNING - Early stopping due to large KL divergence: 2.544167622977973e+28
2025-12-06 03:06:32,167 - rlhf_trainer - WARNING - Early stopping due to large KL divergence: 2287012.0
2025-12-06 03:06:34,537 - rlhf_trainer - WARNING - Early stopping due to large KL divergence: 0.27099254727363586
2025-12-06 03:06:36,884 - rlhf_trainer - WARNING - Early stopping due to large KL divergence: 0.6353940963745117
2025-12-06 03:06:39,278 - rlhf_trainer - WARNING - Early stopping due to large KL divergence: 8.87092113494873
2025-12-06 03:06:42,460 - rlhf_trainer - WARNING - Early stopping due to large KL divergence: 3.089902238731024e+28
2025-12-06 03:06:44,756 - rlhf_trainer - WARNING - Early stopping due to large KL divergence: 1.333957552909851
2025-12-06 03:06:47,107 - rlhf_trainer - WARNING - Early stopping due to large KL divergence: 20.915081024169922
2025-12-06 03:06:47,110 - utils - INFO - Step 2180:
2025-12-06 03:06:47,110 - utils - INFO -   Policy Loss: 0.0000
2025-12-06 03:06:47,110 - utils - INFO -   Value Loss: 0.1858
2025-12-06 03:06:47,110 - utils - INFO -   Reward Mean: -0.0000
2025-12-06 03:06:47,110 - utils - INFO -   KL Divergence: 0.0000
2025-12-06 03:06:49,498 - rlhf_trainer - WARNING - Early stopping due to large KL divergence: 1.603102684020996
2025-12-06 03:06:52,728 - rlhf_trainer - WARNING - Early stopping due to large KL divergence: 4893506535424.0
2025-12-06 03:06:55,072 - rlhf_trainer - WARNING - Early stopping due to large KL divergence: 152.60496520996094
2025-12-06 03:06:57,386 - rlhf_trainer - WARNING - Early stopping due to large KL divergence: 113.43991088867188
2025-12-06 03:06:59,716 - rlhf_trainer - WARNING - Early stopping due to large KL divergence: 1350.8719482421875
2025-12-06 03:07:02,487 - rlhf_trainer - WARNING - Early stopping due to large KL divergence: 1.0626659393310547
2025-12-06 03:07:04,835 - rlhf_trainer - WARNING - Early stopping due to large KL divergence: 9.271601676940918
2025-12-06 03:07:07,128 - rlhf_trainer - WARNING - Early stopping due to large KL divergence: 11.053494453430176
2025-12-06 03:07:09,466 - rlhf_trainer - WARNING - Early stopping due to large KL divergence: 1438.8720703125
2025-12-06 03:07:11,888 - rlhf_trainer - WARNING - Early stopping due to large KL divergence: 0.0693487823009491
2025-12-06 03:07:11,891 - utils - INFO - Step 2190:
2025-12-06 03:07:11,892 - utils - INFO -   Policy Loss: -0.0286
2025-12-06 03:07:11,892 - utils - INFO -   Value Loss: 0.4150
2025-12-06 03:07:11,892 - utils - INFO -   Reward Mean: 0.0000
2025-12-06 03:07:11,892 - utils - INFO -   KL Divergence: 0.0022
2025-12-06 03:07:14,314 - rlhf_trainer - WARNING - Early stopping due to large KL divergence: 17.5430850982666
2025-12-06 03:07:17,269 - rlhf_trainer - WARNING - Early stopping due to large KL divergence: 7.181097984313965
2025-12-06 03:07:19,675 - rlhf_trainer - WARNING - Early stopping due to large KL divergence: 3.4469969272613525
2025-12-06 03:07:22,053 - rlhf_trainer - WARNING - Early stopping due to large KL divergence: 6.312223434448242
2025-12-06 03:07:24,297 - rlhf_trainer - WARNING - Early stopping due to large KL divergence: 2.230201005935669
2025-12-06 03:07:26,738 - rlhf_trainer - WARNING - Early stopping due to large KL divergence: 15.800551414489746
2025-12-06 03:07:29,096 - rlhf_trainer - WARNING - Early stopping due to large KL divergence: 1.5196789503097534
2025-12-06 03:07:33,513 - rlhf_trainer - WARNING - Early stopping due to large KL divergence: 45.1566162109375
2025-12-06 03:07:35,874 - rlhf_trainer - WARNING - Early stopping due to large KL divergence: 0.25894051790237427
2025-12-06 03:07:38,212 - rlhf_trainer - WARNING - Early stopping due to large KL divergence: 0.9008255004882812
2025-12-06 03:07:38,215 - utils - INFO - Step 2200:
2025-12-06 03:07:38,215 - utils - INFO -   Policy Loss: 0.0000
2025-12-06 03:07:38,215 - utils - INFO -   Value Loss: 0.1618
2025-12-06 03:07:38,215 - utils - INFO -   Reward Mean: 0.0000
2025-12-06 03:07:38,215 - utils - INFO -   KL Divergence: 0.0000
2025-12-06 03:07:41,130 - rlhf_trainer - WARNING - Early stopping due to large KL divergence: 17.104228973388672
2025-12-06 03:07:43,510 - rlhf_trainer - WARNING - Early stopping due to large KL divergence: 2.1461851596832275
2025-12-06 03:07:45,874 - rlhf_trainer - WARNING - Early stopping due to large KL divergence: 3927562.75
2025-12-06 03:07:48,212 - rlhf_trainer - WARNING - Early stopping due to large KL divergence: 6.70302677154541
2025-12-06 03:07:50,562 - rlhf_trainer - WARNING - Early stopping due to large KL divergence: 2.595224380493164
2025-12-06 03:07:53,296 - rlhf_trainer - WARNING - Early stopping due to large KL divergence: 149847920.0
2025-12-06 03:07:55,656 - rlhf_trainer - WARNING - Early stopping due to large KL divergence: 9029147426816.0
2025-12-06 03:07:58,011 - rlhf_trainer - WARNING - Early stopping due to large KL divergence: 6.729197025299072
2025-12-06 03:08:00,388 - rlhf_trainer - WARNING - Early stopping due to large KL divergence: 4694384.0
2025-12-06 03:08:03,116 - rlhf_trainer - WARNING - Early stopping due to large KL divergence: 1578251190272.0
2025-12-06 03:08:03,119 - utils - INFO - Step 2210:
2025-12-06 03:08:03,119 - utils - INFO -   Policy Loss: 0.0000
2025-12-06 03:08:03,119 - utils - INFO -   Value Loss: 0.3030
2025-12-06 03:08:03,120 - utils - INFO -   Reward Mean: 0.0000
2025-12-06 03:08:03,120 - utils - INFO -   KL Divergence: 0.0000
2025-12-06 03:08:05,498 - rlhf_trainer - WARNING - Early stopping due to large KL divergence: 21459783122944.0
2025-12-06 03:08:07,879 - rlhf_trainer - WARNING - Early stopping due to large KL divergence: 3.5443904399871826
2025-12-06 03:08:10,271 - rlhf_trainer - WARNING - Early stopping due to large KL divergence: 1289441664.0
2025-12-06 03:08:12,793 - rlhf_trainer - WARNING - Early stopping due to large KL divergence: 237.62680053710938
2025-12-06 03:08:15,285 - rlhf_trainer - WARNING - Early stopping due to large KL divergence: 2.158087730407715
2025-12-06 03:08:17,544 - rlhf_trainer - WARNING - Early stopping due to large KL divergence: 5427207602176.0
2025-12-06 03:08:19,900 - rlhf_trainer - WARNING - Early stopping due to large KL divergence: 1.4406468868255615
2025-12-06 03:08:22,446 - rlhf_trainer - WARNING - Early stopping due to large KL divergence: 3.737858295440674
2025-12-06 03:08:24,789 - rlhf_trainer - WARNING - Early stopping due to large KL divergence: 10434000.0
2025-12-06 03:08:27,127 - rlhf_trainer - WARNING - Early stopping due to large KL divergence: 874219.4375
2025-12-06 03:08:27,131 - utils - INFO - Step 2220:
2025-12-06 03:08:27,131 - utils - INFO -   Policy Loss: 0.0000
2025-12-06 03:08:27,131 - utils - INFO -   Value Loss: 0.0603
2025-12-06 03:08:27,131 - utils - INFO -   Reward Mean: 0.0000
2025-12-06 03:08:27,132 - utils - INFO -   KL Divergence: 0.0000
2025-12-06 03:08:29,532 - rlhf_trainer - WARNING - Early stopping due to large KL divergence: 447165792256.0
2025-12-06 03:08:33,752 - rlhf_trainer - WARNING - Early stopping due to large KL divergence: 10.067319869995117
2025-12-06 03:08:36,482 - rlhf_trainer - WARNING - Early stopping due to large KL divergence: 1286753484800.0
2025-12-06 03:08:38,846 - rlhf_trainer - WARNING - Early stopping due to large KL divergence: 72.1408462524414
2025-12-06 03:08:42,329 - rlhf_trainer - WARNING - Early stopping due to large KL divergence: 13.736572265625
2025-12-06 03:08:44,676 - rlhf_trainer - WARNING - Early stopping due to large KL divergence: 685458718720.0
2025-12-06 03:08:48,952 - rlhf_trainer - WARNING - Early stopping due to large KL divergence: 834493690675200.0
2025-12-06 03:08:51,741 - rlhf_trainer - WARNING - Early stopping due to large KL divergence: 0.03736405074596405
2025-12-06 03:08:54,952 - rlhf_trainer - WARNING - Early stopping due to large KL divergence: 4.608640576272969e+24
2025-12-06 03:08:57,335 - rlhf_trainer - WARNING - Early stopping due to large KL divergence: 0.5332903265953064
2025-12-06 03:08:57,338 - utils - INFO - Step 2230:
2025-12-06 03:08:57,339 - utils - INFO -   Policy Loss: 0.0000
2025-12-06 03:08:57,339 - utils - INFO -   Value Loss: 0.0947
2025-12-06 03:08:57,339 - utils - INFO -   Reward Mean: 0.0000
2025-12-06 03:08:57,339 - utils - INFO -   KL Divergence: 0.0000
2025-12-06 03:08:59,702 - rlhf_trainer - WARNING - Early stopping due to large KL divergence: 1.2277518510818481
2025-12-06 03:09:02,081 - rlhf_trainer - WARNING - Early stopping due to large KL divergence: 5.29165506362915
2025-12-06 03:09:04,455 - rlhf_trainer - WARNING - Early stopping due to large KL divergence: 3.827904224395752
2025-12-06 03:09:06,771 - rlhf_trainer - WARNING - Early stopping due to large KL divergence: 5776.70947265625
2025-12-06 03:09:09,111 - rlhf_trainer - WARNING - Early stopping due to large KL divergence: 512807.5625
2025-12-06 03:09:11,530 - rlhf_trainer - WARNING - Early stopping due to large KL divergence: 38.22321319580078
2025-12-06 03:09:13,874 - rlhf_trainer - WARNING - Early stopping due to large KL divergence: 3.1986336708068848
2025-12-06 03:09:16,206 - rlhf_trainer - WARNING - Early stopping due to large KL divergence: 16.334375381469727
2025-12-06 03:09:19,174 - rlhf_trainer - WARNING - Early stopping due to large KL divergence: 4.2259135246276855
2025-12-06 03:09:21,643 - rlhf_trainer - WARNING - Early stopping due to large KL divergence: 0.04124729335308075
2025-12-06 03:09:21,648 - utils - INFO - Step 2240:
2025-12-06 03:09:21,649 - utils - INFO -   Policy Loss: -0.0225
2025-12-06 03:09:21,649 - utils - INFO -   Value Loss: 0.2876
2025-12-06 03:09:21,649 - utils - INFO -   Reward Mean: -0.0000
2025-12-06 03:09:21,649 - utils - INFO -   KL Divergence: 0.0021
2025-12-06 03:09:24,063 - rlhf_trainer - WARNING - Early stopping due to large KL divergence: 13.790691375732422
2025-12-06 03:09:26,685 - rlhf_trainer - WARNING - Early stopping due to large KL divergence: 1.5456002950668335
2025-12-06 03:09:29,032 - rlhf_trainer - WARNING - Early stopping due to large KL divergence: 55.38434600830078
2025-12-06 03:09:31,784 - rlhf_trainer - WARNING - Early stopping due to large KL divergence: 6.4942626953125
2025-12-06 03:09:34,662 - rlhf_trainer - WARNING - Early stopping due to large KL divergence: 379656896512.0
2025-12-06 03:09:37,038 - rlhf_trainer - WARNING - Early stopping due to large KL divergence: 93.67060852050781
2025-12-06 03:09:39,478 - rlhf_trainer - WARNING - Early stopping due to large KL divergence: 4489619456.0
2025-12-06 03:09:42,777 - rlhf_trainer - WARNING - Early stopping due to large KL divergence: 3.320336297562741e+29
2025-12-06 03:09:45,154 - rlhf_trainer - WARNING - Early stopping due to large KL divergence: 49.914833068847656
2025-12-06 03:09:45,158 - utils - INFO - Epoch 1 completed:
2025-12-06 03:09:45,158 - utils - INFO -   Average Reward: -0.0000
2025-12-06 03:09:45,158 - utils - INFO -   Policy Loss: -0.0010
2025-12-06 03:09:45,158 - utils - INFO -   KL Divergence: 0.0001
2025-12-06 03:09:45,158 - utils - INFO - RLHF Epoch 2/2
2025-12-06 03:09:47,476 - rlhf_trainer - WARNING - Early stopping due to large KL divergence: 4.839493274688721
2025-12-06 03:09:47,479 - utils - INFO - Step 2250:
2025-12-06 03:09:47,479 - utils - INFO -   Policy Loss: 0.0000
2025-12-06 03:09:47,479 - utils - INFO -   Value Loss: 0.1141
2025-12-06 03:09:47,479 - utils - INFO -   Reward Mean: 0.0000
2025-12-06 03:09:47,479 - utils - INFO -   KL Divergence: 0.0000
2025-12-06 03:09:50,019 - rlhf_trainer - WARNING - Early stopping due to large KL divergence: 5.237009048461914
2025-12-06 03:09:52,439 - rlhf_trainer - WARNING - Early stopping due to large KL divergence: 2.405729293823242
2025-12-06 03:09:54,828 - rlhf_trainer - WARNING - Early stopping due to large KL divergence: 65057.74609375
2025-12-06 03:09:57,178 - rlhf_trainer - WARNING - Early stopping due to large KL divergence: 2.767209053039551
2025-12-06 03:09:59,594 - rlhf_trainer - WARNING - Early stopping due to large KL divergence: 0.03658170998096466
2025-12-06 03:10:01,964 - rlhf_trainer - WARNING - Early stopping due to large KL divergence: 6.274257183074951
2025-12-06 03:10:04,340 - rlhf_trainer - WARNING - Early stopping due to large KL divergence: 1.5669643878936768
2025-12-06 03:10:06,829 - rlhf_trainer - WARNING - Early stopping due to large KL divergence: 0.9585371017456055
2025-12-06 03:10:09,193 - rlhf_trainer - WARNING - Early stopping due to large KL divergence: 0.6652411222457886
2025-12-06 03:10:11,606 - rlhf_trainer - WARNING - Early stopping due to large KL divergence: 1.3069562911987305
2025-12-06 03:10:11,609 - utils - INFO - Step 2260:
2025-12-06 03:10:11,609 - utils - INFO -   Policy Loss: 0.0000
2025-12-06 03:10:11,609 - utils - INFO -   Value Loss: 0.2289
2025-12-06 03:10:11,609 - utils - INFO -   Reward Mean: -0.0000
2025-12-06 03:10:11,609 - utils - INFO -   KL Divergence: 0.0000
2025-12-06 03:10:14,470 - rlhf_trainer - WARNING - Early stopping due to large KL divergence: 137110.03125
2025-12-06 03:10:16,903 - rlhf_trainer - WARNING - Early stopping due to large KL divergence: 1.0448746551546834e+23
2025-12-06 03:10:19,354 - rlhf_trainer - WARNING - Early stopping due to large KL divergence: 1.0498323076964854e+22
2025-12-06 03:10:22,008 - rlhf_trainer - WARNING - Early stopping due to large KL divergence: 308.4814758300781
2025-12-06 03:10:24,363 - rlhf_trainer - WARNING - Early stopping due to large KL divergence: 600207720448.0
2025-12-06 03:10:26,720 - rlhf_trainer - WARNING - Early stopping due to large KL divergence: 94358.3984375
2025-12-06 03:10:29,092 - rlhf_trainer - WARNING - Early stopping due to large KL divergence: 1.5621607303619385
2025-12-06 03:10:31,515 - rlhf_trainer - WARNING - Early stopping due to large KL divergence: 203720656.0
2025-12-06 03:10:33,866 - rlhf_trainer - WARNING - Early stopping due to large KL divergence: 4911702016.0
2025-12-06 03:10:36,239 - rlhf_trainer - WARNING - Early stopping due to large KL divergence: 7.061232089996338
2025-12-06 03:10:36,242 - utils - INFO - Step 2270:
2025-12-06 03:10:36,243 - utils - INFO -   Policy Loss: -0.0000
2025-12-06 03:10:36,243 - utils - INFO -   Value Loss: 0.2500
2025-12-06 03:10:36,243 - utils - INFO -   Reward Mean: 0.0000
2025-12-06 03:10:36,243 - utils - INFO -   KL Divergence: 0.0000
2025-12-06 03:10:38,587 - rlhf_trainer - WARNING - Early stopping due to large KL divergence: 0.883163571357727
2025-12-06 03:10:41,069 - rlhf_trainer - WARNING - Early stopping due to large KL divergence: 2.6873607635498047
2025-12-06 03:10:43,521 - rlhf_trainer - WARNING - Early stopping due to large KL divergence: 4.334031581878662
2025-12-06 03:10:45,849 - rlhf_trainer - WARNING - Early stopping due to large KL divergence: 2425618.75
2025-12-06 03:10:48,176 - rlhf_trainer - WARNING - Early stopping due to large KL divergence: 2.144181966781616
2025-12-06 03:10:50,920 - rlhf_trainer - WARNING - Early stopping due to large KL divergence: 1.5964874475569152e+17
2025-12-06 03:10:54,976 - rlhf_trainer - WARNING - Early stopping due to large KL divergence: 987723.125
2025-12-06 03:10:57,296 - rlhf_trainer - WARNING - Early stopping due to large KL divergence: 1.4058634042739868
2025-12-06 03:10:59,631 - rlhf_trainer - WARNING - Early stopping due to large KL divergence: 5.924250602722168
2025-12-06 03:11:02,021 - rlhf_trainer - WARNING - Early stopping due to large KL divergence: 2.710557460784912
2025-12-06 03:11:02,024 - utils - INFO - Step 2280:
2025-12-06 03:11:02,024 - utils - INFO -   Policy Loss: 0.0000
2025-12-06 03:11:02,024 - utils - INFO -   Value Loss: 0.1861
2025-12-06 03:11:02,024 - utils - INFO -   Reward Mean: -0.0000
2025-12-06 03:11:02,024 - utils - INFO -   KL Divergence: 0.0000
2025-12-06 03:11:04,478 - rlhf_trainer - WARNING - Early stopping due to large KL divergence: 8.84994125366211
2025-12-06 03:11:06,782 - rlhf_trainer - WARNING - Early stopping due to large KL divergence: 1084185509888.0
2025-12-06 03:11:09,147 - rlhf_trainer - WARNING - Early stopping due to large KL divergence: 5200.64013671875
2025-12-06 03:11:11,926 - rlhf_trainer - WARNING - Early stopping due to large KL divergence: 0.5125049352645874
2025-12-06 03:11:16,004 - rlhf_trainer - WARNING - Early stopping due to large KL divergence: 3018484350976.0
2025-12-06 03:11:18,385 - rlhf_trainer - WARNING - Early stopping due to large KL divergence: 6653.17626953125
2025-12-06 03:11:20,745 - rlhf_trainer - WARNING - Early stopping due to large KL divergence: 19508.291015625
2025-12-06 03:11:23,069 - rlhf_trainer - WARNING - Early stopping due to large KL divergence: 2.9956347942352295
2025-12-06 03:11:25,474 - rlhf_trainer - WARNING - Early stopping due to large KL divergence: 0.06165724992752075
2025-12-06 03:11:27,900 - rlhf_trainer - WARNING - Early stopping due to large KL divergence: 2.8893637657165527
2025-12-06 03:11:27,905 - utils - INFO - Step 2290:
2025-12-06 03:11:27,905 - utils - INFO -   Policy Loss: 0.0000
2025-12-06 03:11:27,905 - utils - INFO -   Value Loss: 0.1591
2025-12-06 03:11:27,905 - utils - INFO -   Reward Mean: 0.0000
2025-12-06 03:11:27,905 - utils - INFO -   KL Divergence: 0.0000
2025-12-06 03:11:30,319 - rlhf_trainer - WARNING - Early stopping due to large KL divergence: 21498224.0
2025-12-06 03:11:32,643 - rlhf_trainer - WARNING - Early stopping due to large KL divergence: 534.2825927734375
2025-12-06 03:11:34,992 - rlhf_trainer - WARNING - Early stopping due to large KL divergence: 302953.3125
2025-12-06 03:11:37,343 - rlhf_trainer - WARNING - Early stopping due to large KL divergence: 3.094552755355835
2025-12-06 03:11:39,714 - rlhf_trainer - WARNING - Early stopping due to large KL divergence: 4.071466445922852
2025-12-06 03:11:42,120 - rlhf_trainer - WARNING - Early stopping due to large KL divergence: 8.5375394821167
2025-12-06 03:11:44,473 - rlhf_trainer - WARNING - Early stopping due to large KL divergence: 6.103972434997559
2025-12-06 03:11:47,733 - rlhf_trainer - WARNING - Early stopping due to large KL divergence: 24.592382431030273
2025-12-06 03:11:50,072 - rlhf_trainer - WARNING - Early stopping due to large KL divergence: 5.675816059112549
2025-12-06 03:11:52,635 - rlhf_trainer - WARNING - Early stopping due to large KL divergence: 13.164142608642578
2025-12-06 03:11:52,638 - utils - INFO - Step 2300:
2025-12-06 03:11:52,638 - utils - INFO -   Policy Loss: 0.0000
2025-12-06 03:11:52,639 - utils - INFO -   Value Loss: 0.2067
2025-12-06 03:11:52,639 - utils - INFO -   Reward Mean: 0.0000
2025-12-06 03:11:52,639 - utils - INFO -   KL Divergence: 0.0000
2025-12-06 03:11:55,005 - rlhf_trainer - WARNING - Early stopping due to large KL divergence: 14.302828788757324
2025-12-06 03:11:57,372 - rlhf_trainer - WARNING - Early stopping due to large KL divergence: 0.04328066110610962
2025-12-06 03:11:59,729 - rlhf_trainer - WARNING - Early stopping due to large KL divergence: 8.820188522338867
2025-12-06 03:12:02,042 - rlhf_trainer - WARNING - Early stopping due to large KL divergence: 187.42764282226562
2025-12-06 03:12:04,425 - rlhf_trainer - WARNING - Early stopping due to large KL divergence: 279.4766845703125
2025-12-06 03:12:06,812 - rlhf_trainer - WARNING - Early stopping due to large KL divergence: 0.7724239826202393
2025-12-06 03:12:09,237 - rlhf_trainer - WARNING - Early stopping due to large KL divergence: 0.04552772641181946
2025-12-06 03:12:11,629 - rlhf_trainer - WARNING - Early stopping due to large KL divergence: 4.110620021820068
2025-12-06 03:12:13,967 - rlhf_trainer - WARNING - Early stopping due to large KL divergence: 200.22802734375
2025-12-06 03:12:16,325 - rlhf_trainer - WARNING - Early stopping due to large KL divergence: 2.40640926361084
2025-12-06 03:12:16,329 - utils - INFO - Step 2310:
2025-12-06 03:12:16,329 - utils - INFO -   Policy Loss: -0.0000
2025-12-06 03:12:16,329 - utils - INFO -   Value Loss: 0.4566
2025-12-06 03:12:16,329 - utils - INFO -   Reward Mean: 0.0000
2025-12-06 03:12:16,329 - utils - INFO -   KL Divergence: 0.0000
2025-12-06 03:12:18,762 - rlhf_trainer - WARNING - Early stopping due to large KL divergence: 4.829132556915283
2025-12-06 03:12:21,134 - rlhf_trainer - WARNING - Early stopping due to large KL divergence: 2.794966220855713
2025-12-06 03:12:24,080 - rlhf_trainer - WARNING - Early stopping due to large KL divergence: 34873.8984375
2025-12-06 03:12:26,444 - rlhf_trainer - WARNING - Early stopping due to large KL divergence: 10.884584426879883
2025-12-06 03:12:28,777 - rlhf_trainer - WARNING - Early stopping due to large KL divergence: 3.2509713172912598
2025-12-06 03:12:31,169 - rlhf_trainer - WARNING - Early stopping due to large KL divergence: 6.391262531280518
2025-12-06 03:12:33,587 - rlhf_trainer - WARNING - Early stopping due to large KL divergence: 2.59765625
2025-12-06 03:12:35,949 - rlhf_trainer - WARNING - Early stopping due to large KL divergence: 0.5690451860427856
2025-12-06 03:12:38,387 - rlhf_trainer - WARNING - Early stopping due to large KL divergence: 1.4287601709365845
2025-12-06 03:12:40,840 - rlhf_trainer - WARNING - Early stopping due to large KL divergence: 16.654006958007812
2025-12-06 03:12:40,844 - utils - INFO - Step 2320:
2025-12-06 03:12:40,844 - utils - INFO -   Policy Loss: 0.0000
2025-12-06 03:12:40,844 - utils - INFO -   Value Loss: 0.1995
2025-12-06 03:12:40,844 - utils - INFO -   Reward Mean: -0.0000
2025-12-06 03:12:40,844 - utils - INFO -   KL Divergence: 0.0000
2025-12-06 03:12:43,227 - rlhf_trainer - WARNING - Early stopping due to large KL divergence: 1.486812949180603
2025-12-06 03:12:45,570 - rlhf_trainer - WARNING - Early stopping due to large KL divergence: 207035.421875
2025-12-06 03:12:47,963 - rlhf_trainer - WARNING - Early stopping due to large KL divergence: 0.05412718653678894
2025-12-06 03:12:50,375 - rlhf_trainer - WARNING - Early stopping due to large KL divergence: 10.982651710510254
2025-12-06 03:12:52,751 - rlhf_trainer - WARNING - Early stopping due to large KL divergence: 1.478132724761963
2025-12-06 03:12:55,103 - rlhf_trainer - WARNING - Early stopping due to large KL divergence: 39.209346771240234
2025-12-06 03:12:58,084 - rlhf_trainer - WARNING - Early stopping due to large KL divergence: 11.847082138061523
2025-12-06 03:13:00,454 - rlhf_trainer - WARNING - Early stopping due to large KL divergence: 1.7297353744506836
2025-12-06 03:13:03,463 - rlhf_trainer - WARNING - Early stopping due to large KL divergence: 8.283125877380371
2025-12-06 03:13:05,847 - rlhf_trainer - WARNING - Early stopping due to large KL divergence: 28402.130859375
2025-12-06 03:13:05,850 - utils - INFO - Step 2330:
2025-12-06 03:13:05,850 - utils - INFO -   Policy Loss: -0.0000
2025-12-06 03:13:05,850 - utils - INFO -   Value Loss: 0.1795
2025-12-06 03:13:05,850 - utils - INFO -   Reward Mean: -0.0000
2025-12-06 03:13:05,851 - utils - INFO -   KL Divergence: 0.0000
2025-12-06 03:13:08,219 - rlhf_trainer - WARNING - Early stopping due to large KL divergence: 5856997376.0
2025-12-06 03:13:10,647 - rlhf_trainer - WARNING - Early stopping due to large KL divergence: 0.04247952997684479
2025-12-06 03:13:13,023 - rlhf_trainer - WARNING - Early stopping due to large KL divergence: 0.8128429055213928
2025-12-06 03:13:15,384 - rlhf_trainer - WARNING - Early stopping due to large KL divergence: 310646.40625
2025-12-06 03:13:17,813 - rlhf_trainer - WARNING - Early stopping due to large KL divergence: 3.92010498046875
2025-12-06 03:13:20,715 - rlhf_trainer - WARNING - Early stopping due to large KL divergence: 1621620.375
2025-12-06 03:13:23,476 - rlhf_trainer - WARNING - Early stopping due to large KL divergence: 0.03840632736682892
2025-12-06 03:13:25,836 - rlhf_trainer - WARNING - Early stopping due to large KL divergence: 1.9161875247955322
2025-12-06 03:13:28,228 - rlhf_trainer - WARNING - Early stopping due to large KL divergence: 133663121408.0
2025-12-06 03:13:30,703 - rlhf_trainer - WARNING - Early stopping due to large KL divergence: 6507148.5
2025-12-06 03:13:30,706 - utils - INFO - Step 2340:
2025-12-06 03:13:30,706 - utils - INFO -   Policy Loss: 0.0000
2025-12-06 03:13:30,706 - utils - INFO -   Value Loss: 0.1490
2025-12-06 03:13:30,707 - utils - INFO -   Reward Mean: 0.0000
2025-12-06 03:13:30,707 - utils - INFO -   KL Divergence: 0.0000
2025-12-06 03:13:33,057 - rlhf_trainer - WARNING - Early stopping due to large KL divergence: 12015327.0
2025-12-06 03:13:35,433 - rlhf_trainer - WARNING - Early stopping due to large KL divergence: 55.800453186035156
2025-12-06 03:13:37,832 - rlhf_trainer - WARNING - Early stopping due to large KL divergence: 121577949626368.0
2025-12-06 03:13:40,355 - rlhf_trainer - WARNING - Early stopping due to large KL divergence: 163.85350036621094
2025-12-06 03:13:42,764 - rlhf_trainer - WARNING - Early stopping due to large KL divergence: 1.267425537109375
2025-12-06 03:13:45,226 - rlhf_trainer - WARNING - Early stopping due to large KL divergence: 1.9257735013961792
2025-12-06 03:13:47,626 - rlhf_trainer - WARNING - Early stopping due to large KL divergence: 1.032450795173645
2025-12-06 03:13:50,019 - rlhf_trainer - WARNING - Early stopping due to large KL divergence: 0.8645294904708862
2025-12-06 03:13:52,427 - rlhf_trainer - WARNING - Early stopping due to large KL divergence: 25824.283203125
2025-12-06 03:13:56,085 - rlhf_trainer - WARNING - Early stopping due to large KL divergence: 21.01466941833496
2025-12-06 03:13:56,089 - utils - INFO - Step 2350:
2025-12-06 03:13:56,089 - utils - INFO -   Policy Loss: 0.0000
2025-12-06 03:13:56,089 - utils - INFO -   Value Loss: 0.1837
2025-12-06 03:13:56,089 - utils - INFO -   Reward Mean: 0.0000
2025-12-06 03:13:56,089 - utils - INFO -   KL Divergence: 0.0000
2025-12-06 03:13:58,425 - rlhf_trainer - WARNING - Early stopping due to large KL divergence: 4.322871208190918
2025-12-06 03:14:00,817 - rlhf_trainer - WARNING - Early stopping due to large KL divergence: 2.7909622192382812
2025-12-06 03:14:03,167 - rlhf_trainer - WARNING - Early stopping due to large KL divergence: 413.72900390625
2025-12-06 03:14:05,526 - rlhf_trainer - WARNING - Early stopping due to large KL divergence: 5.38549280166626
2025-12-06 03:14:07,862 - rlhf_trainer - WARNING - Early stopping due to large KL divergence: 38.8067512512207
2025-12-06 03:14:10,243 - rlhf_trainer - WARNING - Early stopping due to large KL divergence: 3.2255825996398926
2025-12-06 03:14:13,211 - rlhf_trainer - WARNING - Early stopping due to large KL divergence: 3.2921175956726074
2025-12-06 03:14:15,480 - rlhf_trainer - WARNING - Early stopping due to large KL divergence: 0.5188673734664917
2025-12-06 03:14:17,815 - rlhf_trainer - WARNING - Early stopping due to large KL divergence: 1.976205587387085
2025-12-06 03:14:20,199 - rlhf_trainer - WARNING - Early stopping due to large KL divergence: 0.6706207394599915
2025-12-06 03:14:20,202 - utils - INFO - Step 2360:
2025-12-06 03:14:20,203 - utils - INFO -   Policy Loss: 0.0000
2025-12-06 03:14:20,203 - utils - INFO -   Value Loss: 55.2368
2025-12-06 03:14:20,203 - utils - INFO -   Reward Mean: 0.0000
2025-12-06 03:14:20,203 - utils - INFO -   KL Divergence: 0.0000
2025-12-06 03:14:22,550 - rlhf_trainer - WARNING - Early stopping due to large KL divergence: 6.315976619720459
2025-12-06 03:14:24,922 - rlhf_trainer - WARNING - Early stopping due to large KL divergence: 34531.30859375
2025-12-06 03:14:27,264 - rlhf_trainer - WARNING - Early stopping due to large KL divergence: 1.7362128496170044
2025-12-06 03:14:29,655 - rlhf_trainer - WARNING - Early stopping due to large KL divergence: 3.1487535727912493e+35
2025-12-06 03:14:32,041 - rlhf_trainer - WARNING - Early stopping due to large KL divergence: 209.52606201171875
2025-12-06 03:14:34,413 - rlhf_trainer - WARNING - Early stopping due to large KL divergence: 17717.65234375
2025-12-06 03:14:36,752 - rlhf_trainer - WARNING - Early stopping due to large KL divergence: 6.623832702636719
2025-12-06 03:14:39,136 - rlhf_trainer - WARNING - Early stopping due to large KL divergence: 4.095894813537598
2025-12-06 03:14:42,323 - rlhf_trainer - WARNING - Early stopping due to large KL divergence: 195.36807250976562
2025-12-06 03:14:44,696 - rlhf_trainer - WARNING - Early stopping due to large KL divergence: 11039.919921875
2025-12-06 03:14:44,699 - utils - INFO - Step 2370:
2025-12-06 03:14:44,699 - utils - INFO -   Policy Loss: 0.0000
2025-12-06 03:14:44,699 - utils - INFO -   Value Loss: 0.1501
2025-12-06 03:14:44,699 - utils - INFO -   Reward Mean: -0.0000
2025-12-06 03:14:44,699 - utils - INFO -   KL Divergence: 0.0000
2025-12-06 03:14:47,046 - rlhf_trainer - WARNING - Early stopping due to large KL divergence: 9.65604019165039
2025-12-06 03:14:49,389 - rlhf_trainer - WARNING - Early stopping due to large KL divergence: 4.242690086364746
2025-12-06 03:14:51,791 - rlhf_trainer - WARNING - Early stopping due to large KL divergence: 1.0238268375396729
2025-12-06 03:14:54,198 - rlhf_trainer - WARNING - Early stopping due to large KL divergence: 1186773.75
2025-12-06 03:14:56,574 - rlhf_trainer - WARNING - Early stopping due to large KL divergence: 1.6976289749145508
2025-12-06 03:15:01,120 - rlhf_trainer - WARNING - Early stopping due to large KL divergence: 2071619072.0
2025-12-06 03:15:03,509 - rlhf_trainer - WARNING - Early stopping due to large KL divergence: 1.013925313949585
2025-12-06 03:15:06,247 - rlhf_trainer - WARNING - Early stopping due to large KL divergence: 221.4252471923828
2025-12-06 03:15:08,657 - rlhf_trainer - WARNING - Early stopping due to large KL divergence: 1.9676134586334229
2025-12-06 03:15:11,031 - rlhf_trainer - WARNING - Early stopping due to large KL divergence: 322197608464384.0
2025-12-06 03:15:11,035 - utils - INFO - Step 2380:
2025-12-06 03:15:11,035 - utils - INFO -   Policy Loss: 0.0000
2025-12-06 03:15:11,035 - utils - INFO -   Value Loss: 0.8097
2025-12-06 03:15:11,035 - utils - INFO -   Reward Mean: -0.0000
2025-12-06 03:15:11,035 - utils - INFO -   KL Divergence: 0.0000
2025-12-06 03:15:13,455 - rlhf_trainer - WARNING - Early stopping due to large KL divergence: 487.4668273925781
2025-12-06 03:15:15,983 - rlhf_trainer - WARNING - Early stopping due to large KL divergence: 7774642.0
2025-12-06 03:15:18,378 - rlhf_trainer - WARNING - Early stopping due to large KL divergence: 891570.0625
2025-12-06 03:15:20,907 - rlhf_trainer - WARNING - Early stopping due to large KL divergence: 0.38948166370391846
2025-12-06 03:15:23,234 - rlhf_trainer - WARNING - Early stopping due to large KL divergence: 37848973312.0
2025-12-06 03:15:25,553 - rlhf_trainer - WARNING - Early stopping due to large KL divergence: 0.31546133756637573
2025-12-06 03:15:27,917 - rlhf_trainer - WARNING - Early stopping due to large KL divergence: inf
2025-12-06 03:15:30,726 - rlhf_trainer - WARNING - Early stopping due to large KL divergence: 26713.962890625
2025-12-06 03:15:32,991 - rlhf_trainer - WARNING - Early stopping due to large KL divergence: 3489981792256.0
2025-12-06 03:15:35,390 - rlhf_trainer - WARNING - Early stopping due to large KL divergence: 1337540096.0
2025-12-06 03:15:35,393 - utils - INFO - Step 2390:
2025-12-06 03:15:35,393 - utils - INFO -   Policy Loss: 0.0000
2025-12-06 03:15:35,393 - utils - INFO -   Value Loss: 0.1167
2025-12-06 03:15:35,393 - utils - INFO -   Reward Mean: 0.0000
2025-12-06 03:15:35,393 - utils - INFO -   KL Divergence: 0.0000
2025-12-06 03:15:37,661 - rlhf_trainer - WARNING - Early stopping due to large KL divergence: 1.4378142032612819e+19
2025-12-06 03:15:40,251 - rlhf_trainer - WARNING - Early stopping due to large KL divergence: 3.8945755424193767e+28
2025-12-06 03:15:42,634 - rlhf_trainer - WARNING - Early stopping due to large KL divergence: 3836426752.0
2025-12-06 03:15:46,771 - rlhf_trainer - WARNING - Early stopping due to large KL divergence: 3.1424777675214737e+20
2025-12-06 03:15:49,112 - rlhf_trainer - WARNING - Early stopping due to large KL divergence: 1.2337619066238403
2025-12-06 03:15:51,903 - rlhf_trainer - WARNING - Early stopping due to large KL divergence: 7164178.0
2025-12-06 03:15:54,270 - rlhf_trainer - WARNING - Early stopping due to large KL divergence: 339588992.0
2025-12-06 03:15:56,823 - rlhf_trainer - WARNING - Early stopping due to large KL divergence: 71827.6796875
2025-12-06 03:15:59,193 - rlhf_trainer - WARNING - Early stopping due to large KL divergence: 9.17965316772461
2025-12-06 03:16:01,544 - rlhf_trainer - WARNING - Early stopping due to large KL divergence: 643.0980834960938
2025-12-06 03:16:01,547 - utils - INFO - Step 2400:
2025-12-06 03:16:01,547 - utils - INFO -   Policy Loss: 0.0000
2025-12-06 03:16:01,547 - utils - INFO -   Value Loss: 2.0235
2025-12-06 03:16:01,547 - utils - INFO -   Reward Mean: -0.0000
2025-12-06 03:16:01,547 - utils - INFO -   KL Divergence: 0.0000
2025-12-06 03:16:03,900 - rlhf_trainer - WARNING - Early stopping due to large KL divergence: 6.737254200662557e+18
2025-12-06 03:16:06,194 - rlhf_trainer - WARNING - Early stopping due to large KL divergence: 1.036672498139136e+16
2025-12-06 03:16:08,549 - rlhf_trainer - WARNING - Early stopping due to large KL divergence: 0.44767406582832336
2025-12-06 03:16:10,899 - rlhf_trainer - WARNING - Early stopping due to large KL divergence: 182.50003051757812
2025-12-06 03:16:13,267 - rlhf_trainer - WARNING - Early stopping due to large KL divergence: 4.5703911781311035
2025-12-06 03:16:15,646 - rlhf_trainer - WARNING - Early stopping due to large KL divergence: 2.008884906768799
2025-12-06 03:16:18,018 - rlhf_trainer - WARNING - Early stopping due to large KL divergence: 10.506120681762695
2025-12-06 03:16:20,371 - rlhf_trainer - WARNING - Early stopping due to large KL divergence: 3.1425154209136963
2025-12-06 03:16:22,766 - rlhf_trainer - WARNING - Early stopping due to large KL divergence: 30.82986831665039
2025-12-06 03:16:25,186 - rlhf_trainer - WARNING - Early stopping due to large KL divergence: 0.09130465984344482
2025-12-06 03:16:25,190 - utils - INFO - Step 2410:
2025-12-06 03:16:25,191 - utils - INFO -   Policy Loss: -0.0293
2025-12-06 03:16:25,191 - utils - INFO -   Value Loss: 0.9573
2025-12-06 03:16:25,191 - utils - INFO -   Reward Mean: -0.0000
2025-12-06 03:16:25,191 - utils - INFO -   KL Divergence: 0.0029
2025-12-06 03:16:27,672 - rlhf_trainer - WARNING - Early stopping due to large KL divergence: 1.7865996360778809
2025-12-06 03:16:30,047 - rlhf_trainer - WARNING - Early stopping due to large KL divergence: 13.786382675170898
2025-12-06 03:16:32,394 - rlhf_trainer - WARNING - Early stopping due to large KL divergence: 1.7414579391479492
2025-12-06 03:16:34,735 - rlhf_trainer - WARNING - Early stopping due to large KL divergence: 1.8238551616668701
2025-12-06 03:16:37,112 - rlhf_trainer - WARNING - Early stopping due to large KL divergence: 3.312835454940796
2025-12-06 03:16:39,492 - rlhf_trainer - WARNING - Early stopping due to large KL divergence: 24.11320686340332
2025-12-06 03:16:42,339 - rlhf_trainer - WARNING - Early stopping due to large KL divergence: 1.2980304956436157
2025-12-06 03:16:44,719 - rlhf_trainer - WARNING - Early stopping due to large KL divergence: 1.3931002616882324
2025-12-06 03:16:47,049 - rlhf_trainer - WARNING - Early stopping due to large KL divergence: 1.340035080909729
2025-12-06 03:16:49,369 - rlhf_trainer - WARNING - Early stopping due to large KL divergence: 12.97575855255127
2025-12-06 03:16:49,372 - utils - INFO - Step 2420:
2025-12-06 03:16:49,372 - utils - INFO -   Policy Loss: 0.0000
2025-12-06 03:16:49,372 - utils - INFO -   Value Loss: 0.1829
2025-12-06 03:16:49,372 - utils - INFO -   Reward Mean: 0.0000
2025-12-06 03:16:49,372 - utils - INFO -   KL Divergence: 0.0000
2025-12-06 03:16:51,737 - rlhf_trainer - WARNING - Early stopping due to large KL divergence: 1.5198140144348145
2025-12-06 03:16:54,129 - rlhf_trainer - WARNING - Early stopping due to large KL divergence: 1.997964859008789
2025-12-06 03:16:56,478 - rlhf_trainer - WARNING - Early stopping due to large KL divergence: 3.6960949897766113
2025-12-06 03:16:58,807 - rlhf_trainer - WARNING - Early stopping due to large KL divergence: 89655.8203125
2025-12-06 03:17:01,180 - rlhf_trainer - WARNING - Early stopping due to large KL divergence: 3265616.5
2025-12-06 03:17:03,540 - rlhf_trainer - WARNING - Early stopping due to large KL divergence: 4.806133270263672
2025-12-06 03:17:05,977 - rlhf_trainer - WARNING - Early stopping due to large KL divergence: 12.495041847229004
2025-12-06 03:17:08,342 - rlhf_trainer - WARNING - Early stopping due to large KL divergence: 3051207680.0
2025-12-06 03:17:10,775 - rlhf_trainer - WARNING - Early stopping due to large KL divergence: 39.71941375732422
2025-12-06 03:17:13,115 - rlhf_trainer - WARNING - Early stopping due to large KL divergence: 134365168.0
2025-12-06 03:17:13,119 - utils - INFO - Step 2430:
2025-12-06 03:17:13,119 - utils - INFO -   Policy Loss: 0.0000
2025-12-06 03:17:13,119 - utils - INFO -   Value Loss: 0.1853
2025-12-06 03:17:13,119 - utils - INFO -   Reward Mean: -0.0000
2025-12-06 03:17:13,119 - utils - INFO -   KL Divergence: 0.0000
2025-12-06 03:17:15,415 - rlhf_trainer - WARNING - Early stopping due to large KL divergence: 4407084032.0
2025-12-06 03:17:17,791 - rlhf_trainer - WARNING - Early stopping due to large KL divergence: 21055842304.0
2025-12-06 03:17:20,140 - rlhf_trainer - WARNING - Early stopping due to large KL divergence: 1.9638820886611938
2025-12-06 03:17:22,532 - rlhf_trainer - WARNING - Early stopping due to large KL divergence: 15395.5068359375
2025-12-06 03:17:24,909 - rlhf_trainer - WARNING - Early stopping due to large KL divergence: 8.763115976886533e+21
2025-12-06 03:17:27,296 - rlhf_trainer - WARNING - Early stopping due to large KL divergence: 722576015360.0
2025-12-06 03:17:29,661 - rlhf_trainer - WARNING - Early stopping due to large KL divergence: 3704051456.0
2025-12-06 03:17:32,043 - rlhf_trainer - WARNING - Early stopping due to large KL divergence: 129809256.0
2025-12-06 03:17:34,611 - rlhf_trainer - WARNING - Early stopping due to large KL divergence: 1.7664432525634766
2025-12-06 03:17:36,986 - rlhf_trainer - WARNING - Early stopping due to large KL divergence: 1.8555850982666016
2025-12-06 03:17:36,989 - utils - INFO - Step 2440:
2025-12-06 03:17:36,989 - utils - INFO -   Policy Loss: 0.0000
2025-12-06 03:17:36,989 - utils - INFO -   Value Loss: 0.1333
2025-12-06 03:17:36,989 - utils - INFO -   Reward Mean: -0.0000
2025-12-06 03:17:36,989 - utils - INFO -   KL Divergence: 0.0000
2025-12-06 03:17:40,275 - rlhf_trainer - WARNING - Early stopping due to large KL divergence: 16.574695587158203
2025-12-06 03:17:42,657 - rlhf_trainer - WARNING - Early stopping due to large KL divergence: 4.919195265820262e+16
2025-12-06 03:17:44,990 - rlhf_trainer - WARNING - Early stopping due to large KL divergence: 7.918659210205078
2025-12-06 03:17:47,363 - rlhf_trainer - WARNING - Early stopping due to large KL divergence: 6.658278465270996
2025-12-06 03:17:49,707 - rlhf_trainer - WARNING - Early stopping due to large KL divergence: 4.229719638824463
2025-12-06 03:17:52,028 - rlhf_trainer - WARNING - Early stopping due to large KL divergence: 5.2918925285339355
2025-12-06 03:17:54,392 - rlhf_trainer - WARNING - Early stopping due to large KL divergence: 212.9291534423828
2025-12-06 03:17:56,708 - rlhf_trainer - WARNING - Early stopping due to large KL divergence: 33.82612228393555
2025-12-06 03:17:59,034 - rlhf_trainer - WARNING - Early stopping due to large KL divergence: 106467.3359375
2025-12-06 03:18:01,387 - rlhf_trainer - WARNING - Early stopping due to large KL divergence: 1.6049959659576416
2025-12-06 03:18:01,390 - utils - INFO - Step 2450:
2025-12-06 03:18:01,391 - utils - INFO -   Policy Loss: 0.0000
2025-12-06 03:18:01,391 - utils - INFO -   Value Loss: 0.1698
2025-12-06 03:18:01,391 - utils - INFO -   Reward Mean: 0.0000
2025-12-06 03:18:01,391 - utils - INFO -   KL Divergence: 0.0000
2025-12-06 03:18:03,695 - rlhf_trainer - WARNING - Early stopping due to large KL divergence: 134.18760681152344
2025-12-06 03:18:06,014 - rlhf_trainer - WARNING - Early stopping due to large KL divergence: 2.316178798675537
2025-12-06 03:18:08,324 - rlhf_trainer - WARNING - Early stopping due to large KL divergence: 58.75950622558594
2025-12-06 03:18:10,694 - rlhf_trainer - WARNING - Early stopping due to large KL divergence: 3.6093690395355225
2025-12-06 03:18:13,066 - rlhf_trainer - WARNING - Early stopping due to large KL divergence: 12945.310546875
2025-12-06 03:18:16,041 - rlhf_trainer - WARNING - Early stopping due to large KL divergence: 4.373915672302246
2025-12-06 03:18:18,415 - rlhf_trainer - WARNING - Early stopping due to large KL divergence: 1662021615484928.0
2025-12-06 03:18:20,761 - rlhf_trainer - WARNING - Early stopping due to large KL divergence: 0.7122436761856079
2025-12-06 03:18:23,753 - rlhf_trainer - WARNING - Early stopping due to large KL divergence: 155355070464.0
2025-12-06 03:18:27,503 - rlhf_trainer - WARNING - Early stopping due to large KL divergence: 14.846414566040039
2025-12-06 03:18:27,507 - utils - INFO - Step 2460:
2025-12-06 03:18:27,507 - utils - INFO -   Policy Loss: 0.0000
2025-12-06 03:18:27,507 - utils - INFO -   Value Loss: 0.1517
2025-12-06 03:18:27,507 - utils - INFO -   Reward Mean: -0.0000
2025-12-06 03:18:27,507 - utils - INFO -   KL Divergence: 0.0000
2025-12-06 03:18:29,888 - rlhf_trainer - WARNING - Early stopping due to large KL divergence: 1.3441087007522583
2025-12-06 03:18:32,328 - rlhf_trainer - WARNING - Early stopping due to large KL divergence: 33.96737289428711
2025-12-06 03:18:34,668 - rlhf_trainer - WARNING - Early stopping due to large KL divergence: 2759229440.0
2025-12-06 03:18:37,030 - rlhf_trainer - WARNING - Early stopping due to large KL divergence: 0.368044912815094
2025-12-06 03:18:39,529 - rlhf_trainer - WARNING - Early stopping due to large KL divergence: 5.767144680023193
2025-12-06 03:18:41,906 - rlhf_trainer - WARNING - Early stopping due to large KL divergence: 8070.11328125
2025-12-06 03:18:43,789 - rlhf_trainer - WARNING - Early stopping due to large KL divergence: 0.024587929248809814
2025-12-06 03:18:46,775 - rlhf_trainer - WARNING - Early stopping due to large KL divergence: 0.08088649809360504
2025-12-06 03:18:49,224 - rlhf_trainer - WARNING - Early stopping due to large KL divergence: 13.30501937866211
2025-12-06 03:18:51,617 - rlhf_trainer - WARNING - Early stopping due to large KL divergence: 2.0215206146240234
2025-12-06 03:18:51,620 - utils - INFO - Step 2470:
2025-12-06 03:18:51,620 - utils - INFO -   Policy Loss: 0.0000
2025-12-06 03:18:51,620 - utils - INFO -   Value Loss: 0.1849
2025-12-06 03:18:51,620 - utils - INFO -   Reward Mean: 0.0000
2025-12-06 03:18:51,620 - utils - INFO -   KL Divergence: 0.0000
2025-12-06 03:18:54,001 - rlhf_trainer - WARNING - Early stopping due to large KL divergence: 222.86976623535156
2025-12-06 03:18:57,073 - rlhf_trainer - WARNING - Early stopping due to large KL divergence: 15.726400375366211
2025-12-06 03:18:59,418 - rlhf_trainer - WARNING - Early stopping due to large KL divergence: 5.162038326263428
2025-12-06 03:19:01,759 - rlhf_trainer - WARNING - Early stopping due to large KL divergence: 7.906163215637207
2025-12-06 03:19:04,143 - rlhf_trainer - WARNING - Early stopping due to large KL divergence: 21.6751651763916
2025-12-06 03:19:06,512 - rlhf_trainer - WARNING - Early stopping due to large KL divergence: 6.14668083190918
2025-12-06 03:19:08,927 - rlhf_trainer - WARNING - Early stopping due to large KL divergence: 6.913182258605957
2025-12-06 03:19:12,083 - rlhf_trainer - WARNING - Early stopping due to large KL divergence: 6.346975803375244
2025-12-06 03:19:14,428 - rlhf_trainer - WARNING - Early stopping due to large KL divergence: 0.30888307094573975
2025-12-06 03:19:19,133 - rlhf_trainer - WARNING - Early stopping due to large KL divergence: 3.0085122774532096e+16
2025-12-06 03:19:19,136 - utils - INFO - Step 2480:
2025-12-06 03:19:19,137 - utils - INFO -   Policy Loss: 0.0000
2025-12-06 03:19:19,137 - utils - INFO -   Value Loss: 0.1646
2025-12-06 03:19:19,137 - utils - INFO -   Reward Mean: 0.0000
2025-12-06 03:19:19,137 - utils - INFO -   KL Divergence: 0.0000
2025-12-06 03:19:21,730 - rlhf_trainer - WARNING - Early stopping due to large KL divergence: 1.628319501876831
2025-12-06 03:19:24,071 - rlhf_trainer - WARNING - Early stopping due to large KL divergence: 12.773163795471191
2025-12-06 03:19:26,413 - rlhf_trainer - WARNING - Early stopping due to large KL divergence: 1.670596957206726
2025-12-06 03:19:28,814 - rlhf_trainer - WARNING - Early stopping due to large KL divergence: 1.8423094749450684
2025-12-06 03:19:31,493 - rlhf_trainer - WARNING - Early stopping due to large KL divergence: 3.0525243282318115
2025-12-06 03:19:33,867 - rlhf_trainer - WARNING - Early stopping due to large KL divergence: 1.7284607887268066
2025-12-06 03:19:36,287 - rlhf_trainer - WARNING - Early stopping due to large KL divergence: 0.04106564819812775
2025-12-06 03:19:38,520 - rlhf_trainer - WARNING - Early stopping due to large KL divergence: 2.2258002758026123
2025-12-06 03:19:40,943 - rlhf_trainer - WARNING - Early stopping due to large KL divergence: 147.00523376464844
2025-12-06 03:19:43,244 - rlhf_trainer - WARNING - Early stopping due to large KL divergence: 1.1116005182266235
2025-12-06 03:19:43,247 - utils - INFO - Step 2490:
2025-12-06 03:19:43,247 - utils - INFO -   Policy Loss: 0.0000
2025-12-06 03:19:43,247 - utils - INFO -   Value Loss: 2.7060
2025-12-06 03:19:43,248 - utils - INFO -   Reward Mean: -0.0000
2025-12-06 03:19:43,248 - utils - INFO -   KL Divergence: 0.0000
2025-12-06 03:19:45,592 - rlhf_trainer - WARNING - Early stopping due to large KL divergence: 9.224076271057129
2025-12-06 03:19:47,939 - rlhf_trainer - WARNING - Early stopping due to large KL divergence: 0.5670231580734253
2025-12-06 03:19:50,464 - rlhf_trainer - WARNING - Early stopping due to large KL divergence: 0.6509750485420227
2025-12-06 03:19:53,580 - rlhf_trainer - WARNING - Early stopping due to large KL divergence: 16944330.0
2025-12-06 03:19:55,917 - rlhf_trainer - WARNING - Early stopping due to large KL divergence: 128610592.0
2025-12-06 03:19:58,348 - rlhf_trainer - WARNING - Early stopping due to large KL divergence: 15.906637191772461
2025-12-06 03:20:00,721 - rlhf_trainer - WARNING - Early stopping due to large KL divergence: 6.083138982170024e+24
2025-12-06 03:20:03,064 - rlhf_trainer - WARNING - Early stopping due to large KL divergence: 18.50736427307129
2025-12-06 03:20:05,425 - rlhf_trainer - WARNING - Early stopping due to large KL divergence: 1680188.0
2025-12-06 03:20:07,781 - rlhf_trainer - WARNING - Early stopping due to large KL divergence: 334.9559631347656
2025-12-06 03:20:07,784 - utils - INFO - Step 2500:
2025-12-06 03:20:07,784 - utils - INFO -   Policy Loss: 0.0000
2025-12-06 03:20:07,784 - utils - INFO -   Value Loss: 0.5493
2025-12-06 03:20:07,784 - utils - INFO -   Reward Mean: -0.0000
2025-12-06 03:20:07,784 - utils - INFO -   KL Divergence: 0.0000
2025-12-06 03:20:10,135 - rlhf_trainer - WARNING - Early stopping due to large KL divergence: 3.3396224975585938
2025-12-06 03:20:12,533 - rlhf_trainer - WARNING - Early stopping due to large KL divergence: 41.97248077392578
2025-12-06 03:20:14,879 - rlhf_trainer - WARNING - Early stopping due to large KL divergence: 0.44913122057914734
2025-12-06 03:20:17,242 - rlhf_trainer - WARNING - Early stopping due to large KL divergence: 1.5307607650756836
2025-12-06 03:20:20,519 - rlhf_trainer - WARNING - Early stopping due to large KL divergence: 10.609620094299316
2025-12-06 03:20:22,865 - rlhf_trainer - WARNING - Early stopping due to large KL divergence: 84221392.0
2025-12-06 03:20:25,204 - rlhf_trainer - WARNING - Early stopping due to large KL divergence: 3.7467896938323975
2025-12-06 03:20:27,521 - rlhf_trainer - WARNING - Early stopping due to large KL divergence: 1.6336246728897095
2025-12-06 03:20:29,867 - rlhf_trainer - WARNING - Early stopping due to large KL divergence: 109.08295440673828
2025-12-06 03:20:32,228 - rlhf_trainer - WARNING - Early stopping due to large KL divergence: 0.2583504319190979
2025-12-06 03:20:32,232 - utils - INFO - Step 2510:
2025-12-06 03:20:32,232 - utils - INFO -   Policy Loss: 0.0000
2025-12-06 03:20:32,232 - utils - INFO -   Value Loss: 0.1999
2025-12-06 03:20:32,232 - utils - INFO -   Reward Mean: 0.0000
2025-12-06 03:20:32,232 - utils - INFO -   KL Divergence: 0.0000
2025-12-06 03:20:34,945 - rlhf_trainer - WARNING - Early stopping due to large KL divergence: 7.055830955505371
2025-12-06 03:20:37,307 - rlhf_trainer - WARNING - Early stopping due to large KL divergence: 0.35736221075057983
2025-12-06 03:20:39,779 - rlhf_trainer - WARNING - Early stopping due to large KL divergence: 23.009082794189453
2025-12-06 03:20:42,196 - rlhf_trainer - WARNING - Early stopping due to large KL divergence: 2.5749564170837402
2025-12-06 03:20:44,555 - rlhf_trainer - WARNING - Early stopping due to large KL divergence: 1.2947461605072021
2025-12-06 03:20:46,945 - rlhf_trainer - WARNING - Early stopping due to large KL divergence: 1.2384940385818481
2025-12-06 03:20:49,320 - rlhf_trainer - WARNING - Early stopping due to large KL divergence: 714909.6875
2025-12-06 03:20:51,751 - rlhf_trainer - WARNING - Early stopping due to large KL divergence: 644243324928.0
2025-12-06 03:20:54,290 - rlhf_trainer - WARNING - Early stopping due to large KL divergence: 0.4875560700893402
2025-12-06 03:20:56,657 - rlhf_trainer - WARNING - Early stopping due to large KL divergence: 3.3310060501098633
2025-12-06 03:20:56,660 - utils - INFO - Step 2520:
2025-12-06 03:20:56,660 - utils - INFO -   Policy Loss: 0.0000
2025-12-06 03:20:56,660 - utils - INFO -   Value Loss: 0.2006
2025-12-06 03:20:56,660 - utils - INFO -   Reward Mean: 0.0000
2025-12-06 03:20:56,660 - utils - INFO -   KL Divergence: 0.0000
2025-12-06 03:20:59,034 - rlhf_trainer - WARNING - Early stopping due to large KL divergence: 1659.2703857421875
2025-12-06 03:21:01,955 - rlhf_trainer - WARNING - Early stopping due to large KL divergence: 0.040555402636528015
2025-12-06 03:21:04,295 - rlhf_trainer - WARNING - Early stopping due to large KL divergence: 3.4548087120056152
2025-12-06 03:21:06,650 - rlhf_trainer - WARNING - Early stopping due to large KL divergence: 7.465136528015137
2025-12-06 03:21:08,999 - rlhf_trainer - WARNING - Early stopping due to large KL divergence: 8.85810661315918
2025-12-06 03:21:11,372 - rlhf_trainer - WARNING - Early stopping due to large KL divergence: 14.758025169372559
2025-12-06 03:21:13,737 - rlhf_trainer - WARNING - Early stopping due to large KL divergence: 0.7472442984580994
2025-12-06 03:21:16,076 - rlhf_trainer - WARNING - Early stopping due to large KL divergence: 8.69698715209961
2025-12-06 03:21:18,448 - rlhf_trainer - WARNING - Early stopping due to large KL divergence: 1.5780442953109741
2025-12-06 03:21:20,825 - rlhf_trainer - WARNING - Early stopping due to large KL divergence: 1.230769157409668
2025-12-06 03:21:20,829 - utils - INFO - Step 2530:
2025-12-06 03:21:20,829 - utils - INFO -   Policy Loss: 0.0000
2025-12-06 03:21:20,829 - utils - INFO -   Value Loss: 0.0990
2025-12-06 03:21:20,829 - utils - INFO -   Reward Mean: -0.0000
2025-12-06 03:21:20,829 - utils - INFO -   KL Divergence: 0.0000
2025-12-06 03:21:23,180 - rlhf_trainer - WARNING - Early stopping due to large KL divergence: 0.9539809226989746
2025-12-06 03:21:26,179 - rlhf_trainer - WARNING - Early stopping due to large KL divergence: 0.05347907543182373
2025-12-06 03:21:32,687 - rlhf_trainer - WARNING - Early stopping due to large KL divergence: 155.916748046875
2025-12-06 03:21:35,062 - rlhf_trainer - WARNING - Early stopping due to large KL divergence: 2.025054931640625
2025-12-06 03:21:37,426 - rlhf_trainer - WARNING - Early stopping due to large KL divergence: 0.5216783285140991
2025-12-06 03:21:39,786 - rlhf_trainer - WARNING - Early stopping due to large KL divergence: 2.882107734680176
2025-12-06 03:21:42,101 - rlhf_trainer - WARNING - Early stopping due to large KL divergence: 37335.5859375
2025-12-06 03:21:44,433 - rlhf_trainer - WARNING - Early stopping due to large KL divergence: 8.186395645141602
2025-12-06 03:21:46,754 - rlhf_trainer - WARNING - Early stopping due to large KL divergence: 6.887932777404785
2025-12-06 03:21:46,758 - utils - INFO - Step 2540:
2025-12-06 03:21:46,758 - utils - INFO -   Policy Loss: 0.0000
2025-12-06 03:21:46,758 - utils - INFO -   Value Loss: 0.1016
2025-12-06 03:21:46,758 - utils - INFO -   Reward Mean: -0.0000
2025-12-06 03:21:46,758 - utils - INFO -   KL Divergence: 0.0000
2025-12-06 03:21:49,615 - rlhf_trainer - WARNING - Early stopping due to large KL divergence: 6.828190326690674
2025-12-06 03:21:52,074 - rlhf_trainer - WARNING - Early stopping due to large KL divergence: 2081.37353515625
2025-12-06 03:21:54,440 - rlhf_trainer - WARNING - Early stopping due to large KL divergence: 1.382280707359314
2025-12-06 03:21:56,782 - rlhf_trainer - WARNING - Early stopping due to large KL divergence: 9.600652694702148
2025-12-06 03:21:59,343 - rlhf_trainer - WARNING - Early stopping due to large KL divergence: 2.36494517326355
2025-12-06 03:22:01,693 - rlhf_trainer - WARNING - Early stopping due to large KL divergence: 9.80952262878418
2025-12-06 03:22:04,002 - rlhf_trainer - WARNING - Early stopping due to large KL divergence: 7.3088531494140625
2025-12-06 03:22:06,538 - rlhf_trainer - WARNING - Early stopping due to large KL divergence: 17.30341339111328
2025-12-06 03:22:09,066 - rlhf_trainer - WARNING - Early stopping due to large KL divergence: 1.714592695236206
2025-12-06 03:22:11,467 - rlhf_trainer - WARNING - Early stopping due to large KL divergence: 2.0995256900787354
2025-12-06 03:22:11,470 - utils - INFO - Step 2550:
2025-12-06 03:22:11,470 - utils - INFO -   Policy Loss: -0.0000
2025-12-06 03:22:11,470 - utils - INFO -   Value Loss: 0.1504
2025-12-06 03:22:11,470 - utils - INFO -   Reward Mean: 0.0000
2025-12-06 03:22:11,470 - utils - INFO -   KL Divergence: 0.0000
2025-12-06 03:22:13,873 - rlhf_trainer - WARNING - Early stopping due to large KL divergence: 13.717931747436523
2025-12-06 03:22:16,132 - rlhf_trainer - WARNING - Early stopping due to large KL divergence: 25.229345321655273
2025-12-06 03:22:19,285 - rlhf_trainer - WARNING - Early stopping due to large KL divergence: 16.220291137695312
2025-12-06 03:22:21,644 - rlhf_trainer - WARNING - Early stopping due to large KL divergence: 2.122652292251587
2025-12-06 03:22:23,886 - rlhf_trainer - WARNING - Early stopping due to large KL divergence: 235.45703125
2025-12-06 03:22:26,277 - rlhf_trainer - WARNING - Early stopping due to large KL divergence: 0.042592957615852356
2025-12-06 03:22:28,657 - rlhf_trainer - WARNING - Early stopping due to large KL divergence: 1.2221821546554565
2025-12-06 03:22:31,054 - rlhf_trainer - WARNING - Early stopping due to large KL divergence: 3.472277236848001e+18
2025-12-06 03:22:33,429 - rlhf_trainer - WARNING - Early stopping due to large KL divergence: 1.5903576612472534
2025-12-06 03:22:35,801 - rlhf_trainer - WARNING - Early stopping due to large KL divergence: 4.613592147827148
2025-12-06 03:22:35,804 - utils - INFO - Step 2560:
2025-12-06 03:22:35,804 - utils - INFO -   Policy Loss: 0.0000
2025-12-06 03:22:35,804 - utils - INFO -   Value Loss: 0.2710
2025-12-06 03:22:35,804 - utils - INFO -   Reward Mean: 0.0000
2025-12-06 03:22:35,804 - utils - INFO -   KL Divergence: 0.0000
2025-12-06 03:22:38,146 - rlhf_trainer - WARNING - Early stopping due to large KL divergence: 14.365134239196777
2025-12-06 03:22:40,572 - rlhf_trainer - WARNING - Early stopping due to large KL divergence: 14.21857738494873
2025-12-06 03:22:42,994 - rlhf_trainer - WARNING - Early stopping due to large KL divergence: 8.863471984863281
2025-12-06 03:22:45,394 - rlhf_trainer - WARNING - Early stopping due to large KL divergence: 8.10671615600586
2025-12-06 03:22:47,785 - rlhf_trainer - WARNING - Early stopping due to large KL divergence: 12.806628227233887
2025-12-06 03:22:50,169 - rlhf_trainer - WARNING - Early stopping due to large KL divergence: 5.798374652862549
2025-12-06 03:22:52,583 - rlhf_trainer - WARNING - Early stopping due to large KL divergence: 95272376.0
2025-12-06 03:22:54,972 - rlhf_trainer - WARNING - Early stopping due to large KL divergence: 0.7175709009170532
2025-12-06 03:22:57,309 - rlhf_trainer - WARNING - Early stopping due to large KL divergence: 6.591474533081055
2025-12-06 03:22:59,651 - rlhf_trainer - WARNING - Early stopping due to large KL divergence: 440606937579520.0
2025-12-06 03:22:59,654 - utils - INFO - Step 2570:
2025-12-06 03:22:59,654 - utils - INFO -   Policy Loss: 0.0000
2025-12-06 03:22:59,654 - utils - INFO -   Value Loss: 0.1831
2025-12-06 03:22:59,654 - utils - INFO -   Reward Mean: -0.0000
2025-12-06 03:22:59,655 - utils - INFO -   KL Divergence: 0.0000
2025-12-06 03:23:02,081 - rlhf_trainer - WARNING - Early stopping due to large KL divergence: 7.193404813532849e+30
2025-12-06 03:23:04,472 - rlhf_trainer - WARNING - Early stopping due to large KL divergence: 51790.65234375
2025-12-06 03:23:06,903 - rlhf_trainer - WARNING - Early stopping due to large KL divergence: 2779.788330078125
2025-12-06 03:23:09,247 - rlhf_trainer - WARNING - Early stopping due to large KL divergence: 10.849900245666504
2025-12-06 03:23:11,635 - rlhf_trainer - WARNING - Early stopping due to large KL divergence: 9.886115074157715
2025-12-06 03:23:14,163 - rlhf_trainer - WARNING - Early stopping due to large KL divergence: 5127511.5
2025-12-06 03:23:16,512 - rlhf_trainer - WARNING - Early stopping due to large KL divergence: 36685968.0
2025-12-06 03:23:18,904 - rlhf_trainer - WARNING - Early stopping due to large KL divergence: 9.130009651184082
2025-12-06 03:23:21,350 - rlhf_trainer - WARNING - Early stopping due to large KL divergence: 0.0689568966627121
2025-12-06 03:23:23,705 - rlhf_trainer - WARNING - Early stopping due to large KL divergence: 1173476864.0
2025-12-06 03:23:23,708 - utils - INFO - Step 2580:
2025-12-06 03:23:23,708 - utils - INFO -   Policy Loss: 0.0000
2025-12-06 03:23:23,708 - utils - INFO -   Value Loss: 0.1928
2025-12-06 03:23:23,708 - utils - INFO -   Reward Mean: 0.0000
2025-12-06 03:23:23,708 - utils - INFO -   KL Divergence: 0.0000
2025-12-06 03:23:26,076 - rlhf_trainer - WARNING - Early stopping due to large KL divergence: 32941332.0
2025-12-06 03:23:28,456 - rlhf_trainer - WARNING - Early stopping due to large KL divergence: 2.037498950958252
2025-12-06 03:23:30,872 - rlhf_trainer - WARNING - Early stopping due to large KL divergence: 1.2996938228607178
2025-12-06 03:23:33,207 - rlhf_trainer - WARNING - Early stopping due to large KL divergence: 1.6183359622955322
2025-12-06 03:23:35,561 - rlhf_trainer - WARNING - Early stopping due to large KL divergence: 13.235710144042969
2025-12-06 03:23:37,969 - rlhf_trainer - WARNING - Early stopping due to large KL divergence: 0.05410248041152954
2025-12-06 03:23:40,290 - rlhf_trainer - WARNING - Early stopping due to large KL divergence: 1.3611093759536743
2025-12-06 03:23:43,283 - rlhf_trainer - WARNING - Early stopping due to large KL divergence: 1.6410763263702393
2025-12-06 03:23:45,627 - rlhf_trainer - WARNING - Early stopping due to large KL divergence: 6.517556190490723
2025-12-06 03:23:47,958 - rlhf_trainer - WARNING - Early stopping due to large KL divergence: 338512928.0
2025-12-06 03:23:47,961 - utils - INFO - Step 2590:
2025-12-06 03:23:47,961 - utils - INFO -   Policy Loss: 0.0000
2025-12-06 03:23:47,961 - utils - INFO -   Value Loss: 0.1777
2025-12-06 03:23:47,961 - utils - INFO -   Reward Mean: 0.0000
2025-12-06 03:23:47,961 - utils - INFO -   KL Divergence: 0.0000
2025-12-06 03:23:50,339 - rlhf_trainer - WARNING - Early stopping due to large KL divergence: 0.7124894261360168
2025-12-06 03:23:52,735 - rlhf_trainer - WARNING - Early stopping due to large KL divergence: 4.639422416687012
2025-12-06 03:23:55,091 - rlhf_trainer - WARNING - Early stopping due to large KL divergence: 232.968994140625
2025-12-06 03:23:57,858 - rlhf_trainer - WARNING - Early stopping due to large KL divergence: 1.6866998672485352
2025-12-06 03:24:00,891 - rlhf_trainer - WARNING - Early stopping due to large KL divergence: 3.144138813018799
2025-12-06 03:24:03,262 - rlhf_trainer - WARNING - Early stopping due to large KL divergence: 1.414803147315979
2025-12-06 03:24:05,475 - rlhf_trainer - WARNING - Early stopping due to large KL divergence: 5365.8994140625
2025-12-06 03:24:08,139 - rlhf_trainer - WARNING - Early stopping due to large KL divergence: 14.963420867919922
2025-12-06 03:24:10,887 - rlhf_trainer - WARNING - Early stopping due to large KL divergence: 4.20581579208374
2025-12-06 03:24:13,238 - rlhf_trainer - WARNING - Early stopping due to large KL divergence: 4.10555362701416
2025-12-06 03:24:13,241 - utils - INFO - Step 2600:
2025-12-06 03:24:13,241 - utils - INFO -   Policy Loss: 0.0000
2025-12-06 03:24:13,241 - utils - INFO -   Value Loss: 0.2396
2025-12-06 03:24:13,241 - utils - INFO -   Reward Mean: 0.0000
2025-12-06 03:24:13,241 - utils - INFO -   KL Divergence: 0.0000
2025-12-06 03:24:15,811 - rlhf_trainer - WARNING - Early stopping due to large KL divergence: 17.806217193603516
2025-12-06 03:24:18,187 - rlhf_trainer - WARNING - Early stopping due to large KL divergence: 0.3769620656967163
2025-12-06 03:24:20,530 - rlhf_trainer - WARNING - Early stopping due to large KL divergence: 1.5763238668441772
2025-12-06 03:24:22,867 - rlhf_trainer - WARNING - Early stopping due to large KL divergence: 3.968308210372925
2025-12-06 03:24:25,940 - rlhf_trainer - WARNING - Early stopping due to large KL divergence: 0.06621892750263214
2025-12-06 03:24:28,322 - rlhf_trainer - WARNING - Early stopping due to large KL divergence: 11.823745727539062
2025-12-06 03:24:30,713 - rlhf_trainer - WARNING - Early stopping due to large KL divergence: 516654006272.0
2025-12-06 03:24:32,991 - rlhf_trainer - WARNING - Early stopping due to large KL divergence: 0.6450936794281006
2025-12-06 03:24:35,339 - rlhf_trainer - WARNING - Early stopping due to large KL divergence: 0.31497639417648315
2025-12-06 03:24:37,739 - rlhf_trainer - WARNING - Early stopping due to large KL divergence: 0.09032285213470459
2025-12-06 03:24:37,742 - utils - INFO - Step 2610:
2025-12-06 03:24:37,742 - utils - INFO -   Policy Loss: -0.0000
2025-12-06 03:24:37,742 - utils - INFO -   Value Loss: 0.6008
2025-12-06 03:24:37,742 - utils - INFO -   Reward Mean: -0.0000
2025-12-06 03:24:37,742 - utils - INFO -   KL Divergence: 0.0000
2025-12-06 03:24:40,112 - rlhf_trainer - WARNING - Early stopping due to large KL divergence: 2688522557325312.0
2025-12-06 03:24:42,492 - rlhf_trainer - WARNING - Early stopping due to large KL divergence: 140.19271850585938
2025-12-06 03:24:45,390 - rlhf_trainer - WARNING - Early stopping due to large KL divergence: 0.04021620750427246
2025-12-06 03:24:47,738 - rlhf_trainer - WARNING - Early stopping due to large KL divergence: 2845427200.0
2025-12-06 03:24:50,153 - rlhf_trainer - WARNING - Early stopping due to large KL divergence: 2.544844627380371
2025-12-06 03:24:52,593 - rlhf_trainer - WARNING - Early stopping due to large KL divergence: 919.7485961914062
2025-12-06 03:24:55,355 - rlhf_trainer - WARNING - Early stopping due to large KL divergence: 7496.4541015625
2025-12-06 03:24:57,686 - rlhf_trainer - WARNING - Early stopping due to large KL divergence: 2191.26953125
2025-12-06 03:25:00,034 - rlhf_trainer - WARNING - Early stopping due to large KL divergence: 0.6588746309280396
2025-12-06 03:25:02,421 - rlhf_trainer - WARNING - Early stopping due to large KL divergence: 7.7269792556762695
2025-12-06 03:25:02,425 - utils - INFO - Step 2620:
2025-12-06 03:25:02,425 - utils - INFO -   Policy Loss: 0.0000
2025-12-06 03:25:02,425 - utils - INFO -   Value Loss: 0.1504
2025-12-06 03:25:02,425 - utils - INFO -   Reward Mean: 0.0000
2025-12-06 03:25:02,425 - utils - INFO -   KL Divergence: 0.0000
2025-12-06 03:25:04,819 - rlhf_trainer - WARNING - Early stopping due to large KL divergence: 2.688488721847534
2025-12-06 03:25:07,208 - rlhf_trainer - WARNING - Early stopping due to large KL divergence: 12.65906047821045
2025-12-06 03:25:09,583 - rlhf_trainer - WARNING - Early stopping due to large KL divergence: 3.9677515029907227
2025-12-06 03:25:12,023 - rlhf_trainer - WARNING - Early stopping due to large KL divergence: 0.028933897614479065
2025-12-06 03:25:14,394 - rlhf_trainer - WARNING - Early stopping due to large KL divergence: 2.8120126724243164
2025-12-06 03:25:16,752 - rlhf_trainer - WARNING - Early stopping due to large KL divergence: 1.5599064826965332
2025-12-06 03:25:19,119 - rlhf_trainer - WARNING - Early stopping due to large KL divergence: 5.150699615478516
2025-12-06 03:25:21,514 - rlhf_trainer - WARNING - Early stopping due to large KL divergence: 48034788.0
2025-12-06 03:25:23,831 - rlhf_trainer - WARNING - Early stopping due to large KL divergence: 0.6698181629180908
2025-12-06 03:25:26,169 - rlhf_trainer - WARNING - Early stopping due to large KL divergence: 2.676736354827881
2025-12-06 03:25:26,172 - utils - INFO - Step 2630:
2025-12-06 03:25:26,172 - utils - INFO -   Policy Loss: 0.0000
2025-12-06 03:25:26,172 - utils - INFO -   Value Loss: 0.0929
2025-12-06 03:25:26,172 - utils - INFO -   Reward Mean: -0.0000
2025-12-06 03:25:26,172 - utils - INFO -   KL Divergence: 0.0000
2025-12-06 03:25:28,550 - rlhf_trainer - WARNING - Early stopping due to large KL divergence: 1.9487355947494507
2025-12-06 03:25:30,951 - rlhf_trainer - WARNING - Early stopping due to large KL divergence: 1.1759735345840454
2025-12-06 03:25:33,463 - rlhf_trainer - WARNING - Early stopping due to large KL divergence: 0.5511528849601746
2025-12-06 03:25:35,824 - rlhf_trainer - WARNING - Early stopping due to large KL divergence: 3.8046369552612305
2025-12-06 03:25:38,201 - rlhf_trainer - WARNING - Early stopping due to large KL divergence: 13.896585464477539
2025-12-06 03:25:40,598 - rlhf_trainer - WARNING - Early stopping due to large KL divergence: 4.816699028015137
2025-12-06 03:25:42,988 - rlhf_trainer - WARNING - Early stopping due to large KL divergence: 2.3658065795898438
2025-12-06 03:25:46,070 - rlhf_trainer - WARNING - Early stopping due to large KL divergence: 3.3861422538757324
2025-12-06 03:25:48,441 - rlhf_trainer - WARNING - Early stopping due to large KL divergence: 3.6302146911621094
2025-12-06 03:25:50,871 - rlhf_trainer - WARNING - Early stopping due to large KL divergence: 3.3654751777648926
2025-12-06 03:25:50,874 - utils - INFO - Step 2640:
2025-12-06 03:25:50,874 - utils - INFO -   Policy Loss: 0.0000
2025-12-06 03:25:50,874 - utils - INFO -   Value Loss: 0.0741
2025-12-06 03:25:50,874 - utils - INFO -   Reward Mean: 0.0000
2025-12-06 03:25:50,874 - utils - INFO -   KL Divergence: 0.0000
2025-12-06 03:25:53,243 - rlhf_trainer - WARNING - Early stopping due to large KL divergence: 6.151585102081299
2025-12-06 03:25:55,623 - rlhf_trainer - WARNING - Early stopping due to large KL divergence: 7.019484996795654
2025-12-06 03:25:58,804 - rlhf_trainer - WARNING - Early stopping due to large KL divergence: 3.9600398540496826
2025-12-06 03:26:01,192 - rlhf_trainer - WARNING - Early stopping due to large KL divergence: 9.891694068908691
2025-12-06 03:26:03,577 - rlhf_trainer - WARNING - Early stopping due to large KL divergence: 2.353034257888794
2025-12-06 03:26:05,971 - rlhf_trainer - WARNING - Early stopping due to large KL divergence: 1.9352325201034546
2025-12-06 03:26:08,413 - rlhf_trainer - WARNING - Early stopping due to large KL divergence: 7.244339466094971
2025-12-06 03:26:11,119 - rlhf_trainer - WARNING - Early stopping due to large KL divergence: 0.3711845874786377
2025-12-06 03:26:14,368 - rlhf_trainer - WARNING - Early stopping due to large KL divergence: 6.260144233703613
2025-12-06 03:26:17,509 - rlhf_trainer - WARNING - Early stopping due to large KL divergence: 7.238147735595703
2025-12-06 03:26:17,512 - utils - INFO - Step 2650:
2025-12-06 03:26:17,512 - utils - INFO -   Policy Loss: -0.0000
2025-12-06 03:26:17,512 - utils - INFO -   Value Loss: 0.1900
2025-12-06 03:26:17,513 - utils - INFO -   Reward Mean: -0.0000
2025-12-06 03:26:17,513 - utils - INFO -   KL Divergence: 0.0000
2025-12-06 03:26:20,253 - rlhf_trainer - WARNING - Early stopping due to large KL divergence: 3.0970287322998047
2025-12-06 03:26:22,583 - rlhf_trainer - WARNING - Early stopping due to large KL divergence: 2.7797908782958984
2025-12-06 03:26:24,951 - rlhf_trainer - WARNING - Early stopping due to large KL divergence: 0.97282874584198
2025-12-06 03:26:27,291 - rlhf_trainer - WARNING - Early stopping due to large KL divergence: 15.571075439453125
2025-12-06 03:26:29,715 - rlhf_trainer - WARNING - Early stopping due to large KL divergence: 221785504.0
2025-12-06 03:26:32,111 - rlhf_trainer - WARNING - Early stopping due to large KL divergence: 34.672855377197266
2025-12-06 03:26:34,965 - rlhf_trainer - WARNING - Early stopping due to large KL divergence: 56.065948486328125
2025-12-06 03:26:37,364 - rlhf_trainer - WARNING - Early stopping due to large KL divergence: 0.02964600920677185
2025-12-06 03:26:39,761 - rlhf_trainer - WARNING - Early stopping due to large KL divergence: 30191788.0
2025-12-06 03:26:42,411 - rlhf_trainer - WARNING - Early stopping due to large KL divergence: 0.4516103267669678
2025-12-06 03:26:42,414 - utils - INFO - Step 2660:
2025-12-06 03:26:42,414 - utils - INFO -   Policy Loss: -0.0000
2025-12-06 03:26:42,414 - utils - INFO -   Value Loss: 0.1741
2025-12-06 03:26:42,414 - utils - INFO -   Reward Mean: 0.0000
2025-12-06 03:26:42,414 - utils - INFO -   KL Divergence: 0.0000
2025-12-06 03:26:44,341 - rlhf_trainer - WARNING - Early stopping due to large KL divergence: 0.03499254584312439
2025-12-06 03:26:46,756 - rlhf_trainer - WARNING - Early stopping due to large KL divergence: 1.3252836465835571
2025-12-06 03:26:49,100 - rlhf_trainer - WARNING - Early stopping due to large KL divergence: 269930104619008.0
2025-12-06 03:26:51,498 - rlhf_trainer - WARNING - Early stopping due to large KL divergence: 40093.30859375
2025-12-06 03:26:55,309 - rlhf_trainer - WARNING - Early stopping due to large KL divergence: 1356842.875
2025-12-06 03:26:57,706 - rlhf_trainer - WARNING - Early stopping due to large KL divergence: 3.889474391937256
2025-12-06 03:27:00,070 - rlhf_trainer - WARNING - Early stopping due to large KL divergence: 85966.4609375
2025-12-06 03:27:02,643 - rlhf_trainer - WARNING - Early stopping due to large KL divergence: 4315342700544.0
2025-12-06 03:27:05,036 - rlhf_trainer - WARNING - Early stopping due to large KL divergence: 2.817967986101453e+16
2025-12-06 03:27:07,415 - rlhf_trainer - WARNING - Early stopping due to large KL divergence: 1.4920094013214111
2025-12-06 03:27:07,418 - utils - INFO - Step 2670:
2025-12-06 03:27:07,418 - utils - INFO -   Policy Loss: 0.0000
2025-12-06 03:27:07,418 - utils - INFO -   Value Loss: 0.2380
2025-12-06 03:27:07,418 - utils - INFO -   Reward Mean: -0.0000
2025-12-06 03:27:07,418 - utils - INFO -   KL Divergence: 0.0000
2025-12-06 03:27:09,799 - rlhf_trainer - WARNING - Early stopping due to large KL divergence: 209.3933563232422
2025-12-06 03:27:12,218 - rlhf_trainer - WARNING - Early stopping due to large KL divergence: 0.9321345090866089
2025-12-06 03:27:14,912 - rlhf_trainer - WARNING - Early stopping due to large KL divergence: 8.789396286010742
2025-12-06 03:27:18,009 - rlhf_trainer - WARNING - Early stopping due to large KL divergence: 5.206315517425537
2025-12-06 03:27:20,598 - rlhf_trainer - WARNING - Early stopping due to large KL divergence: 1.4784891605377197
2025-12-06 03:27:22,959 - rlhf_trainer - WARNING - Early stopping due to large KL divergence: 410523584.0
2025-12-06 03:27:25,308 - rlhf_trainer - WARNING - Early stopping due to large KL divergence: 0.43325045704841614
2025-12-06 03:27:27,689 - rlhf_trainer - WARNING - Early stopping due to large KL divergence: 1.414851188659668
2025-12-06 03:27:30,113 - rlhf_trainer - WARNING - Early stopping due to large KL divergence: 4.202475547790527
2025-12-06 03:27:32,436 - rlhf_trainer - WARNING - Early stopping due to large KL divergence: 1.2753431797027588
2025-12-06 03:27:32,439 - utils - INFO - Step 2680:
2025-12-06 03:27:32,439 - utils - INFO -   Policy Loss: -0.0000
2025-12-06 03:27:32,439 - utils - INFO -   Value Loss: 0.1746
2025-12-06 03:27:32,440 - utils - INFO -   Reward Mean: 0.0000
2025-12-06 03:27:32,440 - utils - INFO -   KL Divergence: 0.0000
2025-12-06 03:27:35,950 - rlhf_trainer - WARNING - Early stopping due to large KL divergence: 8.628350257873535
2025-12-06 03:27:38,341 - rlhf_trainer - WARNING - Early stopping due to large KL divergence: 789019.75
2025-12-06 03:27:40,752 - rlhf_trainer - WARNING - Early stopping due to large KL divergence: 0.9468452334403992
2025-12-06 03:27:43,221 - rlhf_trainer - WARNING - Early stopping due to large KL divergence: 1.2096939086914062
2025-12-06 03:27:45,565 - rlhf_trainer - WARNING - Early stopping due to large KL divergence: 0.538953423500061
2025-12-06 03:27:47,871 - rlhf_trainer - WARNING - Early stopping due to large KL divergence: 0.46368885040283203
2025-12-06 03:27:50,421 - rlhf_trainer - WARNING - Early stopping due to large KL divergence: 2.7952451705932617
2025-12-06 03:27:52,741 - rlhf_trainer - WARNING - Early stopping due to large KL divergence: 9.077980995178223
2025-12-06 03:27:55,112 - rlhf_trainer - WARNING - Early stopping due to large KL divergence: 2.0904314517974854
2025-12-06 03:27:57,475 - rlhf_trainer - WARNING - Early stopping due to large KL divergence: 5.692784309387207
2025-12-06 03:27:57,478 - utils - INFO - Step 2690:
2025-12-06 03:27:57,478 - utils - INFO -   Policy Loss: 0.0000
2025-12-06 03:27:57,478 - utils - INFO -   Value Loss: 0.1217
2025-12-06 03:27:57,478 - utils - INFO -   Reward Mean: 0.0000
2025-12-06 03:27:57,478 - utils - INFO -   KL Divergence: 0.0000
2025-12-06 03:28:00,546 - rlhf_trainer - WARNING - Early stopping due to large KL divergence: 8.974048614501953
2025-12-06 03:28:02,907 - rlhf_trainer - WARNING - Early stopping due to large KL divergence: 0.9836947917938232
2025-12-06 03:28:05,781 - rlhf_trainer - WARNING - Early stopping due to large KL divergence: 1.4922425746917725
2025-12-06 03:28:08,138 - rlhf_trainer - WARNING - Early stopping due to large KL divergence: 1.7439725399017334
2025-12-06 03:28:10,463 - rlhf_trainer - WARNING - Early stopping due to large KL divergence: 2.389150381088257
2025-12-06 03:28:13,279 - rlhf_trainer - WARNING - Early stopping due to large KL divergence: 0.07766211032867432
2025-12-06 03:28:15,622 - rlhf_trainer - WARNING - Early stopping due to large KL divergence: 0.9051298499107361
2025-12-06 03:28:17,968 - rlhf_trainer - WARNING - Early stopping due to large KL divergence: 2.631080150604248
2025-12-06 03:28:20,288 - rlhf_trainer - WARNING - Early stopping due to large KL divergence: 10.499265670776367
2025-12-06 03:28:23,128 - rlhf_trainer - WARNING - Early stopping due to large KL divergence: 123.16677856445312
2025-12-06 03:28:23,131 - utils - INFO - Step 2700:
2025-12-06 03:28:23,131 - utils - INFO -   Policy Loss: 0.0000
2025-12-06 03:28:23,131 - utils - INFO -   Value Loss: 0.0885
2025-12-06 03:28:23,131 - utils - INFO -   Reward Mean: -0.0000
2025-12-06 03:28:23,131 - utils - INFO -   KL Divergence: 0.0000
2025-12-06 03:28:25,457 - rlhf_trainer - WARNING - Early stopping due to large KL divergence: 1.009957194328308
2025-12-06 03:28:28,401 - rlhf_trainer - WARNING - Early stopping due to large KL divergence: 4.463053226470947
2025-12-06 03:28:30,775 - rlhf_trainer - WARNING - Early stopping due to large KL divergence: 9.55080921127554e+35
2025-12-06 03:28:33,133 - rlhf_trainer - WARNING - Early stopping due to large KL divergence: 0.4971697926521301
2025-12-06 03:28:35,493 - rlhf_trainer - WARNING - Early stopping due to large KL divergence: 28891397750784.0
2025-12-06 03:28:38,403 - rlhf_trainer - WARNING - Early stopping due to large KL divergence: 1.0958452224731445
2025-12-06 03:28:40,845 - rlhf_trainer - WARNING - Early stopping due to large KL divergence: 1.2345530986785889
2025-12-06 03:28:43,217 - rlhf_trainer - WARNING - Early stopping due to large KL divergence: 1.188822865486145
2025-12-06 03:28:45,569 - rlhf_trainer - WARNING - Early stopping due to large KL divergence: 4.106665134429932
2025-12-06 03:28:47,902 - rlhf_trainer - WARNING - Early stopping due to large KL divergence: 10.32990837097168
2025-12-06 03:28:47,905 - utils - INFO - Step 2710:
2025-12-06 03:28:47,905 - utils - INFO -   Policy Loss: 0.0000
2025-12-06 03:28:47,905 - utils - INFO -   Value Loss: 0.1477
2025-12-06 03:28:47,906 - utils - INFO -   Reward Mean: 0.0000
2025-12-06 03:28:47,906 - utils - INFO -   KL Divergence: 0.0000
2025-12-06 03:28:50,294 - rlhf_trainer - WARNING - Early stopping due to large KL divergence: 0.38584160804748535
2025-12-06 03:28:52,707 - rlhf_trainer - WARNING - Early stopping due to large KL divergence: 1.0039536952972412
2025-12-06 03:28:55,110 - rlhf_trainer - WARNING - Early stopping due to large KL divergence: 3.1642396450042725
2025-12-06 03:28:57,480 - rlhf_trainer - WARNING - Early stopping due to large KL divergence: 11.543657302856445
2025-12-06 03:29:00,599 - rlhf_trainer - WARNING - Early stopping due to large KL divergence: 184.84095764160156
2025-12-06 03:29:02,966 - rlhf_trainer - WARNING - Early stopping due to large KL divergence: 1.5382839441299438
2025-12-06 03:29:05,328 - rlhf_trainer - WARNING - Early stopping due to large KL divergence: 1.1588158490044006e+18
2025-12-06 03:29:07,693 - rlhf_trainer - WARNING - Early stopping due to large KL divergence: 4058175.25
2025-12-06 03:29:10,438 - rlhf_trainer - WARNING - Early stopping due to large KL divergence: 2743.995361328125
2025-12-06 03:29:12,793 - rlhf_trainer - WARNING - Early stopping due to large KL divergence: 5918569267200.0
2025-12-06 03:29:12,797 - utils - INFO - Step 2720:
2025-12-06 03:29:12,797 - utils - INFO -   Policy Loss: 0.0000
2025-12-06 03:29:12,797 - utils - INFO -   Value Loss: 0.1488
2025-12-06 03:29:12,797 - utils - INFO -   Reward Mean: -0.0000
2025-12-06 03:29:12,797 - utils - INFO -   KL Divergence: 0.0000
2025-12-06 03:29:15,145 - rlhf_trainer - WARNING - Early stopping due to large KL divergence: 538285441024.0
2025-12-06 03:29:17,504 - rlhf_trainer - WARNING - Early stopping due to large KL divergence: 0.2756406366825104
2025-12-06 03:29:19,840 - rlhf_trainer - WARNING - Early stopping due to large KL divergence: 0.1057615876197815
2025-12-06 03:29:22,211 - rlhf_trainer - WARNING - Early stopping due to large KL divergence: 1.2726973295211792
2025-12-06 03:29:24,569 - rlhf_trainer - WARNING - Early stopping due to large KL divergence: 2.4359920024871826
2025-12-06 03:29:26,919 - rlhf_trainer - WARNING - Early stopping due to large KL divergence: 0.968726634979248
2025-12-06 03:29:29,229 - rlhf_trainer - WARNING - Early stopping due to large KL divergence: 2.63488507270813
2025-12-06 03:29:31,581 - rlhf_trainer - WARNING - Early stopping due to large KL divergence: 2.5390050411224365
2025-12-06 03:29:33,945 - rlhf_trainer - WARNING - Early stopping due to large KL divergence: 4.702919006347656
2025-12-06 03:29:36,725 - rlhf_trainer - WARNING - Early stopping due to large KL divergence: 15.56936264038086
2025-12-06 03:29:36,729 - utils - INFO - Step 2730:
2025-12-06 03:29:36,729 - utils - INFO -   Policy Loss: 0.0000
2025-12-06 03:29:36,729 - utils - INFO -   Value Loss: 0.1622
2025-12-06 03:29:36,729 - utils - INFO -   Reward Mean: 0.0000
2025-12-06 03:29:36,729 - utils - INFO -   KL Divergence: 0.0000
2025-12-06 03:29:39,088 - rlhf_trainer - WARNING - Early stopping due to large KL divergence: 0.8331007957458496
2025-12-06 03:29:41,499 - rlhf_trainer - WARNING - Early stopping due to large KL divergence: 4.440486431121826
2025-12-06 03:29:43,845 - rlhf_trainer - WARNING - Early stopping due to large KL divergence: 2.636256694793701
2025-12-06 03:29:46,203 - rlhf_trainer - WARNING - Early stopping due to large KL divergence: 5.667180061340332
2025-12-06 03:29:48,600 - rlhf_trainer - WARNING - Early stopping due to large KL divergence: 0.03686456382274628
2025-12-06 03:29:51,068 - rlhf_trainer - WARNING - Early stopping due to large KL divergence: 38.72783660888672
2025-12-06 03:29:53,436 - rlhf_trainer - WARNING - Early stopping due to large KL divergence: 0.24291111528873444
2025-12-06 03:29:55,820 - rlhf_trainer - WARNING - Early stopping due to large KL divergence: 128.45147705078125
2025-12-06 03:29:58,185 - rlhf_trainer - WARNING - Early stopping due to large KL divergence: 0.29470568895339966
2025-12-06 03:30:00,671 - rlhf_trainer - WARNING - Early stopping due to large KL divergence: 2.615264654159546
2025-12-06 03:30:00,674 - utils - INFO - Step 2740:
2025-12-06 03:30:00,675 - utils - INFO -   Policy Loss: -0.0000
2025-12-06 03:30:00,675 - utils - INFO -   Value Loss: 0.2410
2025-12-06 03:30:00,675 - utils - INFO -   Reward Mean: -0.0000
2025-12-06 03:30:00,675 - utils - INFO -   KL Divergence: 0.0000
2025-12-06 03:30:03,107 - rlhf_trainer - WARNING - Early stopping due to large KL divergence: 13.00009536743164
2025-12-06 03:30:05,489 - rlhf_trainer - WARNING - Early stopping due to large KL divergence: 0.7078924775123596
2025-12-06 03:30:07,966 - rlhf_trainer - WARNING - Early stopping due to large KL divergence: 3.459561824798584
2025-12-06 03:30:10,333 - rlhf_trainer - WARNING - Early stopping due to large KL divergence: 1.289241075515747
2025-12-06 03:30:12,726 - rlhf_trainer - WARNING - Early stopping due to large KL divergence: 0.05283159017562866
2025-12-06 03:30:15,079 - rlhf_trainer - WARNING - Early stopping due to large KL divergence: 1.449486494064331
2025-12-06 03:30:17,433 - rlhf_trainer - WARNING - Early stopping due to large KL divergence: 0.25487279891967773
2025-12-06 03:30:19,766 - rlhf_trainer - WARNING - Early stopping due to large KL divergence: 3.6003425121307373
2025-12-06 03:30:22,217 - rlhf_trainer - WARNING - Early stopping due to large KL divergence: 2.4115278720855713
2025-12-06 03:30:24,575 - rlhf_trainer - WARNING - Early stopping due to large KL divergence: 109.09673309326172
2025-12-06 03:30:24,577 - utils - INFO - Step 2750:
2025-12-06 03:30:24,578 - utils - INFO -   Policy Loss: 0.0000
2025-12-06 03:30:24,578 - utils - INFO -   Value Loss: 0.2514
2025-12-06 03:30:24,578 - utils - INFO -   Reward Mean: 0.0000
2025-12-06 03:30:24,578 - utils - INFO -   KL Divergence: 0.0000
2025-12-06 03:30:26,905 - rlhf_trainer - WARNING - Early stopping due to large KL divergence: 2.335216760635376
2025-12-06 03:30:29,659 - rlhf_trainer - WARNING - Early stopping due to large KL divergence: 2.7711310386657715
2025-12-06 03:30:32,156 - rlhf_trainer - WARNING - Early stopping due to large KL divergence: 0.668925940990448
2025-12-06 03:30:34,555 - rlhf_trainer - WARNING - Early stopping due to large KL divergence: 10.73465347290039
2025-12-06 03:30:36,840 - rlhf_trainer - WARNING - Early stopping due to large KL divergence: 1.5804369142535946e+18
2025-12-06 03:30:39,251 - rlhf_trainer - WARNING - Early stopping due to large KL divergence: 95133.3125
2025-12-06 03:30:42,193 - rlhf_trainer - WARNING - Early stopping due to large KL divergence: 5.641395092010498
2025-12-06 03:30:46,504 - rlhf_trainer - WARNING - Early stopping due to large KL divergence: 3.8737525939941406
2025-12-06 03:30:48,900 - rlhf_trainer - WARNING - Early stopping due to large KL divergence: 0.2820138931274414
2025-12-06 03:30:51,296 - rlhf_trainer - WARNING - Early stopping due to large KL divergence: 4.746089458465576
2025-12-06 03:30:51,299 - utils - INFO - Step 2760:
2025-12-06 03:30:51,299 - utils - INFO -   Policy Loss: 0.0000
2025-12-06 03:30:51,299 - utils - INFO -   Value Loss: 0.0963
2025-12-06 03:30:51,299 - utils - INFO -   Reward Mean: 0.0000
2025-12-06 03:30:51,299 - utils - INFO -   KL Divergence: 0.0000
2025-12-06 03:30:53,746 - rlhf_trainer - WARNING - Early stopping due to large KL divergence: 2.865518569946289
2025-12-06 03:30:56,636 - rlhf_trainer - WARNING - Early stopping due to large KL divergence: 0.06223365664482117
2025-12-06 03:30:59,005 - rlhf_trainer - WARNING - Early stopping due to large KL divergence: 1.7222082614898682
2025-12-06 03:31:01,367 - rlhf_trainer - WARNING - Early stopping due to large KL divergence: 0.5885295271873474
2025-12-06 03:31:03,779 - rlhf_trainer - WARNING - Early stopping due to large KL divergence: 2.223371744155884
2025-12-06 03:31:06,386 - rlhf_trainer - WARNING - Early stopping due to large KL divergence: 1.292649745941162
2025-12-06 03:31:08,752 - rlhf_trainer - WARNING - Early stopping due to large KL divergence: 9.619942665100098
2025-12-06 03:31:11,194 - rlhf_trainer - WARNING - Early stopping due to large KL divergence: 9.932374954223633
2025-12-06 03:31:13,973 - rlhf_trainer - WARNING - Early stopping due to large KL divergence: 0.7993462085723877
2025-12-06 03:31:16,322 - rlhf_trainer - WARNING - Early stopping due to large KL divergence: 6.36607551574707
2025-12-06 03:31:16,325 - utils - INFO - Step 2770:
2025-12-06 03:31:16,325 - utils - INFO -   Policy Loss: 0.0000
2025-12-06 03:31:16,326 - utils - INFO -   Value Loss: 0.1307
2025-12-06 03:31:16,326 - utils - INFO -   Reward Mean: -0.0000
2025-12-06 03:31:16,326 - utils - INFO -   KL Divergence: 0.0000
2025-12-06 03:31:18,726 - rlhf_trainer - WARNING - Early stopping due to large KL divergence: 0.0292510986328125
2025-12-06 03:31:22,801 - rlhf_trainer - WARNING - Early stopping due to large KL divergence: 95.98875427246094
2025-12-06 03:31:25,182 - rlhf_trainer - WARNING - Early stopping due to large KL divergence: 526.2998657226562
2025-12-06 03:31:27,629 - rlhf_trainer - WARNING - Early stopping due to large KL divergence: 0.05276118218898773
2025-12-06 03:31:32,385 - rlhf_trainer - WARNING - Early stopping due to large KL divergence: inf
2025-12-06 03:31:34,744 - rlhf_trainer - WARNING - Early stopping due to large KL divergence: 2.8897013664245605
2025-12-06 03:31:37,156 - rlhf_trainer - WARNING - Early stopping due to large KL divergence: 0.16047391295433044
2025-12-06 03:31:39,791 - rlhf_trainer - WARNING - Early stopping due to large KL divergence: 1.3828558921813965
2025-12-06 03:31:42,219 - rlhf_trainer - WARNING - Early stopping due to large KL divergence: 22547.580078125
2025-12-06 03:31:45,284 - rlhf_trainer - WARNING - Early stopping due to large KL divergence: 3.006375789642334
2025-12-06 03:31:45,288 - utils - INFO - Step 2780:
2025-12-06 03:31:45,288 - utils - INFO -   Policy Loss: -0.0000
2025-12-06 03:31:45,288 - utils - INFO -   Value Loss: 0.2609
2025-12-06 03:31:45,288 - utils - INFO -   Reward Mean: 0.0000
2025-12-06 03:31:45,288 - utils - INFO -   KL Divergence: 0.0000
2025-12-06 03:31:47,633 - rlhf_trainer - WARNING - Early stopping due to large KL divergence: 2.24080491065979
2025-12-06 03:31:49,995 - rlhf_trainer - WARNING - Early stopping due to large KL divergence: 1.3505421876907349
2025-12-06 03:31:52,870 - rlhf_trainer - WARNING - Early stopping due to large KL divergence: 127080882176.0
2025-12-06 03:31:55,239 - rlhf_trainer - WARNING - Early stopping due to large KL divergence: 0.047059282660484314
2025-12-06 03:31:57,613 - rlhf_trainer - WARNING - Early stopping due to large KL divergence: 1.0677601099014282
2025-12-06 03:31:59,944 - rlhf_trainer - WARNING - Early stopping due to large KL divergence: 85179531264.0
2025-12-06 03:32:02,490 - rlhf_trainer - WARNING - Early stopping due to large KL divergence: 41308208.0
2025-12-06 03:32:04,852 - rlhf_trainer - WARNING - Early stopping due to large KL divergence: 1892688640.0
2025-12-06 03:32:07,196 - rlhf_trainer - WARNING - Early stopping due to large KL divergence: 38325.62109375
2025-12-06 03:32:09,540 - rlhf_trainer - WARNING - Early stopping due to large KL divergence: 3.7987561225891113
2025-12-06 03:32:09,543 - utils - INFO - Step 2790:
2025-12-06 03:32:09,543 - utils - INFO -   Policy Loss: 0.0000
2025-12-06 03:32:09,543 - utils - INFO -   Value Loss: 0.0593
2025-12-06 03:32:09,543 - utils - INFO -   Reward Mean: 0.0000
2025-12-06 03:32:09,544 - utils - INFO -   KL Divergence: 0.0000
2025-12-06 03:32:11,931 - rlhf_trainer - WARNING - Early stopping due to large KL divergence: 3.387145519256592
2025-12-06 03:32:14,299 - rlhf_trainer - WARNING - Early stopping due to large KL divergence: 1408.6446533203125
2025-12-06 03:32:16,696 - rlhf_trainer - WARNING - Early stopping due to large KL divergence: 0.7745503187179565
2025-12-06 03:32:19,032 - rlhf_trainer - WARNING - Early stopping due to large KL divergence: 2.132596492767334
2025-12-06 03:32:21,421 - rlhf_trainer - WARNING - Early stopping due to large KL divergence: 21.42456817626953
2025-12-06 03:32:23,760 - rlhf_trainer - WARNING - Early stopping due to large KL divergence: 0.6767578721046448
2025-12-06 03:32:26,094 - rlhf_trainer - WARNING - Early stopping due to large KL divergence: 6.428489685058594
2025-12-06 03:32:28,599 - rlhf_trainer - WARNING - Early stopping due to large KL divergence: 15.653031349182129
2025-12-06 03:32:30,985 - rlhf_trainer - WARNING - Early stopping due to large KL divergence: 4.488988399505615
2025-12-06 03:32:33,360 - rlhf_trainer - WARNING - Early stopping due to large KL divergence: 0.631504237651825
2025-12-06 03:32:33,363 - utils - INFO - Step 2800:
2025-12-06 03:32:33,363 - utils - INFO -   Policy Loss: 0.0000
2025-12-06 03:32:33,363 - utils - INFO -   Value Loss: 0.1365
2025-12-06 03:32:33,363 - utils - INFO -   Reward Mean: -0.0000
2025-12-06 03:32:33,363 - utils - INFO -   KL Divergence: 0.0000
2025-12-06 03:32:35,776 - rlhf_trainer - WARNING - Early stopping due to large KL divergence: 0.022543251514434814
2025-12-06 03:32:38,524 - rlhf_trainer - WARNING - Early stopping due to large KL divergence: 1.5034407377243042
2025-12-06 03:32:41,016 - rlhf_trainer - WARNING - Early stopping due to large KL divergence: 9.178749084472656
2025-12-06 03:32:43,637 - rlhf_trainer - WARNING - Early stopping due to large KL divergence: 5.027498722076416
2025-12-06 03:32:45,992 - rlhf_trainer - WARNING - Early stopping due to large KL divergence: 1.125258207321167
2025-12-06 03:32:48,324 - rlhf_trainer - WARNING - Early stopping due to large KL divergence: 0.9549037218093872
2025-12-06 03:32:50,721 - rlhf_trainer - WARNING - Early stopping due to large KL divergence: 248032.28125
2025-12-06 03:32:53,111 - rlhf_trainer - WARNING - Early stopping due to large KL divergence: 0.5772101879119873
2025-12-06 03:32:55,460 - rlhf_trainer - WARNING - Early stopping due to large KL divergence: 185.55262756347656
2025-12-06 03:32:57,827 - rlhf_trainer - WARNING - Early stopping due to large KL divergence: 1647946891264.0
2025-12-06 03:32:57,830 - utils - INFO - Step 2810:
2025-12-06 03:32:57,830 - utils - INFO -   Policy Loss: -0.0000
2025-12-06 03:32:57,830 - utils - INFO -   Value Loss: 0.0899
2025-12-06 03:32:57,830 - utils - INFO -   Reward Mean: -0.0000
2025-12-06 03:32:57,830 - utils - INFO -   KL Divergence: 0.0000
2025-12-06 03:33:00,170 - rlhf_trainer - WARNING - Early stopping due to large KL divergence: 1.5698429346084595
2025-12-06 03:33:02,508 - rlhf_trainer - WARNING - Early stopping due to large KL divergence: 4.427323341369629
2025-12-06 03:33:04,843 - rlhf_trainer - WARNING - Early stopping due to large KL divergence: 3.653596878051758
2025-12-06 03:33:07,213 - rlhf_trainer - WARNING - Early stopping due to large KL divergence: 1.1814959049224854
2025-12-06 03:33:09,597 - rlhf_trainer - WARNING - Early stopping due to large KL divergence: 18432.087890625
2025-12-06 03:33:13,011 - rlhf_trainer - WARNING - Early stopping due to large KL divergence: 5.541787624359131
2025-12-06 03:33:15,917 - rlhf_trainer - WARNING - Early stopping due to large KL divergence: 0.06466495990753174
2025-12-06 03:33:18,283 - rlhf_trainer - WARNING - Early stopping due to large KL divergence: 0.9782767295837402
2025-12-06 03:33:20,543 - rlhf_trainer - WARNING - Early stopping due to large KL divergence: 0.6941720247268677
2025-12-06 03:33:22,883 - rlhf_trainer - WARNING - Early stopping due to large KL divergence: 7.897429466247559
2025-12-06 03:33:22,886 - utils - INFO - Step 2820:
2025-12-06 03:33:22,890 - utils - INFO -   Policy Loss: 0.0000
2025-12-06 03:33:22,890 - utils - INFO -   Value Loss: 0.6161
2025-12-06 03:33:22,890 - utils - INFO -   Reward Mean: -0.0000
2025-12-06 03:33:22,890 - utils - INFO -   KL Divergence: 0.0000
2025-12-06 03:33:25,427 - rlhf_trainer - WARNING - Early stopping due to large KL divergence: 0.02380453050136566
2025-12-06 03:33:28,164 - rlhf_trainer - WARNING - Early stopping due to large KL divergence: 1.518646001815796
2025-12-06 03:33:30,970 - rlhf_trainer - WARNING - Early stopping due to large KL divergence: 0.3344017267227173
2025-12-06 03:33:33,720 - rlhf_trainer - WARNING - Early stopping due to large KL divergence: 3.7245285511016846
2025-12-06 03:33:36,073 - rlhf_trainer - WARNING - Early stopping due to large KL divergence: 0.5623905658721924
2025-12-06 03:33:38,556 - rlhf_trainer - WARNING - Early stopping due to large KL divergence: 6.14966344833374
2025-12-06 03:33:40,916 - rlhf_trainer - WARNING - Early stopping due to large KL divergence: 7.02358341217041
2025-12-06 03:33:43,265 - rlhf_trainer - WARNING - Early stopping due to large KL divergence: 4.46940803527832
2025-12-06 03:33:45,870 - rlhf_trainer - WARNING - Early stopping due to large KL divergence: 7.533476829528809
2025-12-06 03:33:48,256 - rlhf_trainer - WARNING - Early stopping due to large KL divergence: 4.154186725616455
2025-12-06 03:33:48,260 - utils - INFO - Step 2830:
2025-12-06 03:33:48,260 - utils - INFO -   Policy Loss: 0.0000
2025-12-06 03:33:48,260 - utils - INFO -   Value Loss: 0.0919
2025-12-06 03:33:48,260 - utils - INFO -   Reward Mean: 0.0000
2025-12-06 03:33:48,260 - utils - INFO -   KL Divergence: 0.0000
2025-12-06 03:33:50,615 - rlhf_trainer - WARNING - Early stopping due to large KL divergence: 2.5051608085632324
2025-12-06 03:33:53,111 - rlhf_trainer - WARNING - Early stopping due to large KL divergence: 6.336150169372559
2025-12-06 03:33:55,844 - rlhf_trainer - WARNING - Early stopping due to large KL divergence: 4.870432376861572
2025-12-06 03:33:58,228 - rlhf_trainer - WARNING - Early stopping due to large KL divergence: 2.4167611598968506
2025-12-06 03:34:00,588 - rlhf_trainer - WARNING - Early stopping due to large KL divergence: 116249.8125
2025-12-06 03:34:02,969 - rlhf_trainer - WARNING - Early stopping due to large KL divergence: 1.9270635843276978
2025-12-06 03:34:05,383 - rlhf_trainer - WARNING - Early stopping due to large KL divergence: 12.469902038574219
2025-12-06 03:34:08,518 - rlhf_trainer - WARNING - Early stopping due to large KL divergence: 8.921065330505371
2025-12-06 03:34:11,335 - rlhf_trainer - WARNING - Early stopping due to large KL divergence: 11.130448341369629
2025-12-06 03:34:13,696 - rlhf_trainer - WARNING - Early stopping due to large KL divergence: 0.8667587637901306
2025-12-06 03:34:13,701 - utils - INFO - Step 2840:
2025-12-06 03:34:13,702 - utils - INFO -   Policy Loss: 0.0000
2025-12-06 03:34:13,702 - utils - INFO -   Value Loss: 0.1931
2025-12-06 03:34:13,702 - utils - INFO -   Reward Mean: -0.0000
2025-12-06 03:34:13,702 - utils - INFO -   KL Divergence: 0.0000
2025-12-06 03:34:16,445 - rlhf_trainer - WARNING - Early stopping due to large KL divergence: 6.529274940490723
2025-12-06 03:34:19,168 - rlhf_trainer - WARNING - Early stopping due to large KL divergence: 4.127431869506836
2025-12-06 03:34:21,558 - rlhf_trainer - WARNING - Early stopping due to large KL divergence: 2.3242146968841553
2025-12-06 03:34:23,904 - rlhf_trainer - WARNING - Early stopping due to large KL divergence: 0.10295452177524567
2025-12-06 03:34:26,251 - rlhf_trainer - WARNING - Early stopping due to large KL divergence: 1.109749436378479
2025-12-06 03:34:28,604 - rlhf_trainer - WARNING - Early stopping due to large KL divergence: 1.6088230609893799
2025-12-06 03:34:31,027 - rlhf_trainer - WARNING - Early stopping due to large KL divergence: 11875.00390625
2025-12-06 03:34:33,355 - rlhf_trainer - WARNING - Early stopping due to large KL divergence: 2.211475372314453
2025-12-06 03:34:35,699 - rlhf_trainer - WARNING - Early stopping due to large KL divergence: 10.406498908996582
2025-12-06 03:34:38,013 - rlhf_trainer - WARNING - Early stopping due to large KL divergence: 5670097.0
2025-12-06 03:34:38,016 - utils - INFO - Step 2850:
2025-12-06 03:34:38,016 - utils - INFO -   Policy Loss: 0.0000
2025-12-06 03:34:38,016 - utils - INFO -   Value Loss: 0.1704
2025-12-06 03:34:38,016 - utils - INFO -   Reward Mean: 0.0000
2025-12-06 03:34:38,016 - utils - INFO -   KL Divergence: 0.0000
2025-12-06 03:34:40,388 - rlhf_trainer - WARNING - Early stopping due to large KL divergence: 391.11328125
2025-12-06 03:34:42,740 - rlhf_trainer - WARNING - Early stopping due to large KL divergence: 2.0350821018218994
2025-12-06 03:34:45,258 - rlhf_trainer - WARNING - Early stopping due to large KL divergence: 10.180307388305664
2025-12-06 03:34:47,591 - rlhf_trainer - WARNING - Early stopping due to large KL divergence: 0.5793012976646423
2025-12-06 03:34:49,990 - rlhf_trainer - WARNING - Early stopping due to large KL divergence: 1.0417977571487427
2025-12-06 03:34:52,361 - rlhf_trainer - WARNING - Early stopping due to large KL divergence: 14.416265487670898
2025-12-06 03:34:54,743 - rlhf_trainer - WARNING - Early stopping due to large KL divergence: 10.666522979736328
2025-12-06 03:34:57,599 - rlhf_trainer - WARNING - Early stopping due to large KL divergence: 0.12321266531944275
2025-12-06 03:34:59,968 - rlhf_trainer - WARNING - Early stopping due to large KL divergence: 14.579927444458008
2025-12-06 03:35:02,354 - rlhf_trainer - WARNING - Early stopping due to large KL divergence: 49.4158935546875
2025-12-06 03:35:02,358 - utils - INFO - Step 2860:
2025-12-06 03:35:02,358 - utils - INFO -   Policy Loss: -0.0000
2025-12-06 03:35:02,358 - utils - INFO -   Value Loss: 0.0966
2025-12-06 03:35:02,358 - utils - INFO -   Reward Mean: 0.0000
2025-12-06 03:35:02,358 - utils - INFO -   KL Divergence: 0.0000
2025-12-06 03:35:04,678 - rlhf_trainer - WARNING - Early stopping due to large KL divergence: 0.8187916874885559
2025-12-06 03:35:07,325 - rlhf_trainer - WARNING - Early stopping due to large KL divergence: 19.787580490112305
2025-12-06 03:35:09,676 - rlhf_trainer - WARNING - Early stopping due to large KL divergence: 4.334731101989746
2025-12-06 03:35:12,051 - rlhf_trainer - WARNING - Early stopping due to large KL divergence: 7.441850662231445
2025-12-06 03:35:14,455 - rlhf_trainer - WARNING - Early stopping due to large KL divergence: 241873.0
2025-12-06 03:35:17,770 - rlhf_trainer - WARNING - Early stopping due to large KL divergence: 228999.984375
2025-12-06 03:35:20,143 - rlhf_trainer - WARNING - Early stopping due to large KL divergence: 1034032054272.0
2025-12-06 03:35:22,496 - rlhf_trainer - WARNING - Early stopping due to large KL divergence: 2.6851539611816406
2025-12-06 03:35:24,925 - rlhf_trainer - WARNING - Early stopping due to large KL divergence: 0.027988865971565247
2025-12-06 03:35:27,324 - rlhf_trainer - WARNING - Early stopping due to large KL divergence: 1.8771765232086182
2025-12-06 03:35:27,327 - utils - INFO - Step 2870:
2025-12-06 03:35:27,327 - utils - INFO -   Policy Loss: 0.0000
2025-12-06 03:35:27,327 - utils - INFO -   Value Loss: 0.1417
2025-12-06 03:35:27,327 - utils - INFO -   Reward Mean: 0.0000
2025-12-06 03:35:27,327 - utils - INFO -   KL Divergence: 0.0000
2025-12-06 03:35:29,739 - rlhf_trainer - WARNING - Early stopping due to large KL divergence: 2.017667770385742
2025-12-06 03:35:32,155 - rlhf_trainer - WARNING - Early stopping due to large KL divergence: 1.0303142070770264
2025-12-06 03:35:35,293 - rlhf_trainer - WARNING - Early stopping due to large KL divergence: 187.7664031982422
2025-12-06 03:35:37,678 - rlhf_trainer - WARNING - Early stopping due to large KL divergence: 1.1153900623321533
2025-12-06 03:35:40,099 - rlhf_trainer - WARNING - Early stopping due to large KL divergence: 3.6248414516448975
2025-12-06 03:35:42,481 - rlhf_trainer - WARNING - Early stopping due to large KL divergence: 10.807302474975586
2025-12-06 03:35:44,833 - rlhf_trainer - WARNING - Early stopping due to large KL divergence: 92.3546371459961
2025-12-06 03:35:47,205 - rlhf_trainer - WARNING - Early stopping due to large KL divergence: 8.263435363769531
2025-12-06 03:35:50,733 - rlhf_trainer - WARNING - Early stopping due to large KL divergence: 5.751846790313721
2025-12-06 03:35:53,297 - rlhf_trainer - WARNING - Early stopping due to large KL divergence: 13.540733337402344
2025-12-06 03:35:53,300 - utils - INFO - Step 2880:
2025-12-06 03:35:53,300 - utils - INFO -   Policy Loss: 0.0000
2025-12-06 03:35:53,300 - utils - INFO -   Value Loss: 0.1244
2025-12-06 03:35:53,300 - utils - INFO -   Reward Mean: -0.0000
2025-12-06 03:35:53,300 - utils - INFO -   KL Divergence: 0.0000
2025-12-06 03:35:55,655 - rlhf_trainer - WARNING - Early stopping due to large KL divergence: 506821.96875
2025-12-06 03:35:58,006 - rlhf_trainer - WARNING - Early stopping due to large KL divergence: 208882992.0
2025-12-06 03:36:00,382 - rlhf_trainer - WARNING - Early stopping due to large KL divergence: 6.1879987716674805
2025-12-06 03:36:02,784 - rlhf_trainer - WARNING - Early stopping due to large KL divergence: 21.98650550842285
2025-12-06 03:36:05,166 - rlhf_trainer - WARNING - Early stopping due to large KL divergence: 0.9179171323776245
2025-12-06 03:36:07,625 - rlhf_trainer - WARNING - Early stopping due to large KL divergence: 0.06030625104904175
2025-12-06 03:36:10,419 - rlhf_trainer - WARNING - Early stopping due to large KL divergence: 17.603748321533203
2025-12-06 03:36:13,188 - rlhf_trainer - WARNING - Early stopping due to large KL divergence: 3.092672824859619
2025-12-06 03:36:15,560 - rlhf_trainer - WARNING - Early stopping due to large KL divergence: 1.074757695198059
2025-12-06 03:36:18,116 - rlhf_trainer - WARNING - Early stopping due to large KL divergence: 11.008800506591797
2025-12-06 03:36:18,120 - utils - INFO - Step 2890:
2025-12-06 03:36:18,120 - utils - INFO -   Policy Loss: -0.0000
2025-12-06 03:36:18,120 - utils - INFO -   Value Loss: 0.1499
2025-12-06 03:36:18,120 - utils - INFO -   Reward Mean: -0.0000
2025-12-06 03:36:18,120 - utils - INFO -   KL Divergence: 0.0000
2025-12-06 03:36:20,414 - rlhf_trainer - WARNING - Early stopping due to large KL divergence: 2.0832223892211914
2025-12-06 03:36:22,797 - rlhf_trainer - WARNING - Early stopping due to large KL divergence: 36.93012619018555
2025-12-06 03:36:25,186 - rlhf_trainer - WARNING - Early stopping due to large KL divergence: 25.159008026123047
2025-12-06 03:36:27,563 - rlhf_trainer - WARNING - Early stopping due to large KL divergence: 1.6966078281402588
2025-12-06 03:36:30,219 - rlhf_trainer - WARNING - Early stopping due to large KL divergence: 3.0500593185424805
2025-12-06 03:36:32,875 - rlhf_trainer - WARNING - Early stopping due to large KL divergence: 421663615221760.0
2025-12-06 03:36:35,466 - rlhf_trainer - WARNING - Early stopping due to large KL divergence: 4.5800042152404785
2025-12-06 03:36:38,067 - rlhf_trainer - WARNING - Early stopping due to large KL divergence: 1597634904064.0
2025-12-06 03:36:40,603 - rlhf_trainer - WARNING - Early stopping due to large KL divergence: 0.03392374515533447
2025-12-06 03:36:43,010 - rlhf_trainer - WARNING - Early stopping due to large KL divergence: 0.7901893854141235
2025-12-06 03:36:43,013 - utils - INFO - Step 2900:
2025-12-06 03:36:43,013 - utils - INFO -   Policy Loss: -0.0000
2025-12-06 03:36:43,013 - utils - INFO -   Value Loss: 0.1781
2025-12-06 03:36:43,013 - utils - INFO -   Reward Mean: 0.0000
2025-12-06 03:36:43,013 - utils - INFO -   KL Divergence: 0.0000
2025-12-06 03:36:45,396 - rlhf_trainer - WARNING - Early stopping due to large KL divergence: 2.9615103912208115e+25
2025-12-06 03:36:47,784 - rlhf_trainer - WARNING - Early stopping due to large KL divergence: 0.10406523942947388
2025-12-06 03:36:50,159 - rlhf_trainer - WARNING - Early stopping due to large KL divergence: 0.6303678750991821
2025-12-06 03:36:53,337 - rlhf_trainer - WARNING - Early stopping due to large KL divergence: 819185778688.0
2025-12-06 03:36:55,790 - rlhf_trainer - WARNING - Early stopping due to large KL divergence: 5859.00537109375
2025-12-06 03:36:58,275 - rlhf_trainer - WARNING - Early stopping due to large KL divergence: 20.580867767333984
2025-12-06 03:37:00,642 - rlhf_trainer - WARNING - Early stopping due to large KL divergence: 2.5978026390075684
2025-12-06 03:37:03,184 - rlhf_trainer - WARNING - Early stopping due to large KL divergence: 1.5443284511566162
2025-12-06 03:37:05,531 - rlhf_trainer - WARNING - Early stopping due to large KL divergence: 4939919360.0
2025-12-06 03:37:09,075 - rlhf_trainer - WARNING - Early stopping due to large KL divergence: 9.204263687133789
2025-12-06 03:37:09,079 - utils - INFO - Step 2910:
2025-12-06 03:37:09,079 - utils - INFO -   Policy Loss: 0.0000
2025-12-06 03:37:09,079 - utils - INFO -   Value Loss: 0.1793
2025-12-06 03:37:09,079 - utils - INFO -   Reward Mean: -0.0000
2025-12-06 03:37:09,079 - utils - INFO -   KL Divergence: 0.0000
2025-12-06 03:37:11,427 - rlhf_trainer - WARNING - Early stopping due to large KL divergence: 1.2055830858416082e+23
2025-12-06 03:37:14,279 - rlhf_trainer - WARNING - Early stopping due to large KL divergence: 0.7273960709571838
2025-12-06 03:37:16,655 - rlhf_trainer - WARNING - Early stopping due to large KL divergence: inf
2025-12-06 03:37:19,036 - rlhf_trainer - WARNING - Early stopping due to large KL divergence: 14478522368.0
2025-12-06 03:37:21,462 - rlhf_trainer - WARNING - Early stopping due to large KL divergence: 3093337183617024.0
2025-12-06 03:37:23,868 - rlhf_trainer - WARNING - Early stopping due to large KL divergence: 0.8669214844703674
2025-12-06 03:37:26,242 - rlhf_trainer - WARNING - Early stopping due to large KL divergence: 1.100814938545227
2025-12-06 03:37:28,585 - rlhf_trainer - WARNING - Early stopping due to large KL divergence: 5.264752388000488
2025-12-06 03:37:31,038 - rlhf_trainer - WARNING - Early stopping due to large KL divergence: 1.5446693897247314
2025-12-06 03:37:33,406 - rlhf_trainer - WARNING - Early stopping due to large KL divergence: 152.19012451171875
2025-12-06 03:37:33,408 - utils - INFO - Step 2920:
2025-12-06 03:37:33,409 - utils - INFO -   Policy Loss: 0.0000
2025-12-06 03:37:33,409 - utils - INFO -   Value Loss: 0.1952
2025-12-06 03:37:33,409 - utils - INFO -   Reward Mean: 0.0000
2025-12-06 03:37:33,409 - utils - INFO -   KL Divergence: 0.0000
2025-12-06 03:37:35,736 - rlhf_trainer - WARNING - Early stopping due to large KL divergence: 3.7406764030456543
2025-12-06 03:37:38,110 - rlhf_trainer - WARNING - Early stopping due to large KL divergence: 3.1250526905059814
2025-12-06 03:37:40,466 - rlhf_trainer - WARNING - Early stopping due to large KL divergence: 48.72133255004883
2025-12-06 03:37:43,542 - rlhf_trainer - WARNING - Early stopping due to large KL divergence: 5.054997444152832
2025-12-06 03:37:46,286 - rlhf_trainer - WARNING - Early stopping due to large KL divergence: 0.4701962471008301
2025-12-06 03:37:49,037 - rlhf_trainer - WARNING - Early stopping due to large KL divergence: 2.2650060653686523
2025-12-06 03:37:52,372 - rlhf_trainer - WARNING - Early stopping due to large KL divergence: 0.05041150748729706
2025-12-06 03:37:54,739 - rlhf_trainer - WARNING - Early stopping due to large KL divergence: 1.5625452995300293
2025-12-06 03:37:57,089 - rlhf_trainer - WARNING - Early stopping due to large KL divergence: 118240835534848.0
2025-12-06 03:37:59,429 - rlhf_trainer - WARNING - Early stopping due to large KL divergence: inf
2025-12-06 03:37:59,432 - utils - INFO - Step 2930:
2025-12-06 03:37:59,432 - utils - INFO -   Policy Loss: 0.0000
2025-12-06 03:37:59,432 - utils - INFO -   Value Loss: 0.0475
2025-12-06 03:37:59,432 - utils - INFO -   Reward Mean: 0.0000
2025-12-06 03:37:59,432 - utils - INFO -   KL Divergence: 0.0000
2025-12-06 03:38:01,857 - rlhf_trainer - WARNING - Early stopping due to large KL divergence: 0.27970635890960693
2025-12-06 03:38:04,236 - rlhf_trainer - WARNING - Early stopping due to large KL divergence: 0.1807863414287567
2025-12-06 03:38:08,028 - rlhf_trainer - WARNING - Early stopping due to large KL divergence: 2.204160690307617
2025-12-06 03:38:10,509 - rlhf_trainer - WARNING - Early stopping due to large KL divergence: 1.3172162771224976
2025-12-06 03:38:12,927 - rlhf_trainer - WARNING - Early stopping due to large KL divergence: 0.06155933439731598
2025-12-06 03:38:15,288 - rlhf_trainer - WARNING - Early stopping due to large KL divergence: 1.4351068827256041e+26
2025-12-06 03:38:17,624 - rlhf_trainer - WARNING - Early stopping due to large KL divergence: 57.931602478027344
2025-12-06 03:38:20,005 - rlhf_trainer - WARNING - Early stopping due to large KL divergence: 1.1122777462005615
2025-12-06 03:38:22,401 - rlhf_trainer - WARNING - Early stopping due to large KL divergence: 0.4797307252883911
2025-12-06 03:38:24,765 - rlhf_trainer - WARNING - Early stopping due to large KL divergence: 1.2986922393665536e+16
2025-12-06 03:38:24,768 - utils - INFO - Step 2940:
2025-12-06 03:38:24,768 - utils - INFO -   Policy Loss: 0.0000
2025-12-06 03:38:24,768 - utils - INFO -   Value Loss: 0.2423
2025-12-06 03:38:24,768 - utils - INFO -   Reward Mean: 0.0000
2025-12-06 03:38:24,768 - utils - INFO -   KL Divergence: 0.0000
2025-12-06 03:38:28,332 - rlhf_trainer - WARNING - Early stopping due to large KL divergence: 206631.015625
2025-12-06 03:38:30,722 - rlhf_trainer - WARNING - Early stopping due to large KL divergence: inf
2025-12-06 03:38:33,135 - rlhf_trainer - WARNING - Early stopping due to large KL divergence: 1311028096.0
2025-12-06 03:38:35,507 - rlhf_trainer - WARNING - Early stopping due to large KL divergence: 0.8551783561706543
2025-12-06 03:38:37,819 - rlhf_trainer - WARNING - Early stopping due to large KL divergence: 0.469556599855423
2025-12-06 03:38:40,179 - rlhf_trainer - WARNING - Early stopping due to large KL divergence: 22803878.0
2025-12-06 03:38:43,120 - rlhf_trainer - WARNING - Early stopping due to large KL divergence: 989.5263061523438
2025-12-06 03:38:45,486 - rlhf_trainer - WARNING - Early stopping due to large KL divergence: 65997.2265625
2025-12-06 03:38:47,846 - rlhf_trainer - WARNING - Early stopping due to large KL divergence: 0.7509245872497559
2025-12-06 03:38:50,322 - rlhf_trainer - WARNING - Early stopping due to large KL divergence: 8.12712200037141e+20
2025-12-06 03:38:50,326 - utils - INFO - Step 2950:
2025-12-06 03:38:50,326 - utils - INFO -   Policy Loss: 0.0000
2025-12-06 03:38:50,326 - utils - INFO -   Value Loss: 0.1347
2025-12-06 03:38:50,326 - utils - INFO -   Reward Mean: 0.0000
2025-12-06 03:38:50,326 - utils - INFO -   KL Divergence: 0.0000
2025-12-06 03:38:52,693 - rlhf_trainer - WARNING - Early stopping due to large KL divergence: 602013.625
2025-12-06 03:38:55,109 - rlhf_trainer - WARNING - Early stopping due to large KL divergence: 0.2858504056930542
2025-12-06 03:38:56,988 - rlhf_trainer - WARNING - Early stopping due to large KL divergence: 0.027168020606040955
2025-12-06 03:38:59,314 - rlhf_trainer - WARNING - Early stopping due to large KL divergence: 1.108458399772644
2025-12-06 03:39:01,704 - rlhf_trainer - WARNING - Early stopping due to large KL divergence: 2.00679569292146e+25
2025-12-06 03:39:04,089 - rlhf_trainer - WARNING - Early stopping due to large KL divergence: inf
2025-12-06 03:39:06,487 - rlhf_trainer - WARNING - Early stopping due to large KL divergence: inf
2025-12-06 03:39:08,945 - rlhf_trainer - WARNING - Early stopping due to large KL divergence: 24799.75390625
2025-12-06 03:39:11,341 - rlhf_trainer - WARNING - Early stopping due to large KL divergence: inf
2025-12-06 03:39:13,695 - rlhf_trainer - WARNING - Early stopping due to large KL divergence: 1.0263160467147827
2025-12-06 03:39:13,698 - utils - INFO - Step 2960:
2025-12-06 03:39:13,698 - utils - INFO -   Policy Loss: -0.0000
2025-12-06 03:39:13,698 - utils - INFO -   Value Loss: 0.1219
2025-12-06 03:39:13,698 - utils - INFO -   Reward Mean: 0.0000
2025-12-06 03:39:13,698 - utils - INFO -   KL Divergence: 0.0000
2025-12-06 03:39:16,243 - rlhf_trainer - WARNING - Early stopping due to large KL divergence: 15948842.0
2025-12-06 03:39:18,619 - rlhf_trainer - WARNING - Early stopping due to large KL divergence: 3.071560859680176
2025-12-06 03:39:21,077 - rlhf_trainer - WARNING - Early stopping due to large KL divergence: inf
2025-12-06 03:39:23,627 - rlhf_trainer - WARNING - Early stopping due to large KL divergence: inf
2025-12-06 03:39:25,990 - rlhf_trainer - WARNING - Early stopping due to large KL divergence: 1.5339415073394775
2025-12-06 03:39:28,386 - rlhf_trainer - WARNING - Early stopping due to large KL divergence: 1.5326348543167114
2025-12-06 03:39:31,741 - rlhf_trainer - WARNING - Early stopping due to large KL divergence: 1.2520606517791748
2025-12-06 03:39:34,149 - rlhf_trainer - WARNING - Early stopping due to large KL divergence: 0.7236987352371216
2025-12-06 03:39:36,486 - rlhf_trainer - WARNING - Early stopping due to large KL divergence: 0.6896868944168091
2025-12-06 03:39:39,252 - rlhf_trainer - WARNING - Early stopping due to large KL divergence: 4.750418942466458e+16
2025-12-06 03:39:39,255 - utils - INFO - Step 2970:
2025-12-06 03:39:39,255 - utils - INFO -   Policy Loss: 0.0000
2025-12-06 03:39:39,255 - utils - INFO -   Value Loss: 0.1686
2025-12-06 03:39:39,255 - utils - INFO -   Reward Mean: 0.0000
2025-12-06 03:39:39,255 - utils - INFO -   KL Divergence: 0.0000
2025-12-06 03:39:41,675 - rlhf_trainer - WARNING - Early stopping due to large KL divergence: 1.4311492443084717
2025-12-06 03:39:44,814 - rlhf_trainer - WARNING - Early stopping due to large KL divergence: 0.1289505958557129
2025-12-06 03:39:47,177 - rlhf_trainer - WARNING - Early stopping due to large KL divergence: 1011106496.0
2025-12-06 03:39:49,639 - rlhf_trainer - WARNING - Early stopping due to large KL divergence: 0.4333421587944031
2025-12-06 03:39:52,014 - rlhf_trainer - WARNING - Early stopping due to large KL divergence: 0.6588682532310486
2025-12-06 03:39:54,399 - rlhf_trainer - WARNING - Early stopping due to large KL divergence: 2.9722445011138916
2025-12-06 03:39:56,752 - rlhf_trainer - WARNING - Early stopping due to large KL divergence: 1.1129615306854248
2025-12-06 03:39:59,141 - rlhf_trainer - WARNING - Early stopping due to large KL divergence: 1.5287907123565674
2025-12-06 03:40:01,508 - rlhf_trainer - WARNING - Early stopping due to large KL divergence: 0.1412270963191986
2025-12-06 03:40:03,911 - rlhf_trainer - WARNING - Early stopping due to large KL divergence: 1.4088685512542725
2025-12-06 03:40:03,914 - utils - INFO - Step 2980:
2025-12-06 03:40:03,914 - utils - INFO -   Policy Loss: 0.0000
2025-12-06 03:40:03,914 - utils - INFO -   Value Loss: 0.2335
2025-12-06 03:40:03,914 - utils - INFO -   Reward Mean: -0.0000
2025-12-06 03:40:03,914 - utils - INFO -   KL Divergence: 0.0000
2025-12-06 03:40:06,309 - rlhf_trainer - WARNING - Early stopping due to large KL divergence: 0.30547401309013367
2025-12-06 03:40:08,733 - rlhf_trainer - WARNING - Early stopping due to large KL divergence: 1.6710294485092163
2025-12-06 03:40:11,123 - rlhf_trainer - WARNING - Early stopping due to large KL divergence: 29.046916961669922
2025-12-06 03:40:13,507 - rlhf_trainer - WARNING - Early stopping due to large KL divergence: 0.7628097534179688
2025-12-06 03:40:15,874 - rlhf_trainer - WARNING - Early stopping due to large KL divergence: 6.18955135345459
2025-12-06 03:40:18,649 - rlhf_trainer - WARNING - Early stopping due to large KL divergence: 36657.66015625
2025-12-06 03:40:21,480 - rlhf_trainer - WARNING - Early stopping due to large KL divergence: 1.9191148281097412
2025-12-06 03:40:25,487 - rlhf_trainer - WARNING - Early stopping due to large KL divergence: 6.56353576152046e+18
2025-12-06 03:40:28,645 - rlhf_trainer - WARNING - Early stopping due to large KL divergence: 0.0713491439819336
2025-12-06 03:40:30,942 - rlhf_trainer - WARNING - Early stopping due to large KL divergence: 0.8259955644607544
2025-12-06 03:40:30,945 - utils - INFO - Step 2990:
2025-12-06 03:40:30,945 - utils - INFO -   Policy Loss: 0.0000
2025-12-06 03:40:30,945 - utils - INFO -   Value Loss: 0.1793
2025-12-06 03:40:30,945 - utils - INFO -   Reward Mean: -0.0000
2025-12-06 03:40:30,945 - utils - INFO -   KL Divergence: 0.0000
2025-12-06 03:40:33,333 - rlhf_trainer - WARNING - Early stopping due to large KL divergence: 0.5285524129867554
2025-12-06 03:40:35,663 - rlhf_trainer - WARNING - Early stopping due to large KL divergence: 74681.84375
2025-12-06 03:40:38,049 - rlhf_trainer - WARNING - Early stopping due to large KL divergence: 1.5262547731399536
2025-12-06 03:40:41,924 - rlhf_trainer - WARNING - Early stopping due to large KL divergence: 9.908111572265625
2025-12-06 03:40:44,385 - rlhf_trainer - WARNING - Early stopping due to large KL divergence: 1.3917020559310913
2025-12-06 03:40:46,651 - rlhf_trainer - WARNING - Early stopping due to large KL divergence: 2.4310200214385986
2025-12-06 03:40:49,029 - rlhf_trainer - WARNING - Early stopping due to large KL divergence: 2.9663002490997314
2025-12-06 03:40:51,524 - rlhf_trainer - WARNING - Early stopping due to large KL divergence: 5.237558364868164
2025-12-06 03:40:53,951 - rlhf_trainer - WARNING - Early stopping due to large KL divergence: 0.034834206104278564
2025-12-06 03:40:56,356 - rlhf_trainer - WARNING - Early stopping due to large KL divergence: 10.600605964660645
2025-12-06 03:40:56,359 - utils - INFO - Step 3000:
2025-12-06 03:40:56,359 - utils - INFO -   Policy Loss: 0.0000
2025-12-06 03:40:56,359 - utils - INFO -   Value Loss: 0.1533
2025-12-06 03:40:56,359 - utils - INFO -   Reward Mean: -0.0000
2025-12-06 03:40:56,359 - utils - INFO -   KL Divergence: 0.0000
2025-12-06 03:40:59,640 - rlhf_trainer - WARNING - Early stopping due to large KL divergence: 9.741912841796875
2025-12-06 03:41:02,063 - rlhf_trainer - WARNING - Early stopping due to large KL divergence: 0.1909029185771942
2025-12-06 03:41:04,425 - rlhf_trainer - WARNING - Early stopping due to large KL divergence: 6.1826958656311035
2025-12-06 03:41:06,775 - rlhf_trainer - WARNING - Early stopping due to large KL divergence: 0.9120786786079407
2025-12-06 03:41:09,121 - rlhf_trainer - WARNING - Early stopping due to large KL divergence: 1.3871577978134155
2025-12-06 03:41:11,464 - rlhf_trainer - WARNING - Early stopping due to large KL divergence: 2.1541500091552734
2025-12-06 03:41:13,784 - rlhf_trainer - WARNING - Early stopping due to large KL divergence: 13.895891189575195
2025-12-06 03:41:16,149 - rlhf_trainer - WARNING - Early stopping due to large KL divergence: 3.516653537750244
2025-12-06 03:41:18,509 - rlhf_trainer - WARNING - Early stopping due to large KL divergence: 1.3523406982421875
2025-12-06 03:41:20,880 - rlhf_trainer - WARNING - Early stopping due to large KL divergence: 5.201915740966797
2025-12-06 03:41:20,884 - utils - INFO - Step 3010:
2025-12-06 03:41:20,884 - utils - INFO -   Policy Loss: 0.0000
2025-12-06 03:41:20,884 - utils - INFO -   Value Loss: 0.2004
2025-12-06 03:41:20,884 - utils - INFO -   Reward Mean: 0.0000
2025-12-06 03:41:20,884 - utils - INFO -   KL Divergence: 0.0000
2025-12-06 03:41:23,220 - rlhf_trainer - WARNING - Early stopping due to large KL divergence: 11.778068542480469
2025-12-06 03:41:25,568 - rlhf_trainer - WARNING - Early stopping due to large KL divergence: 11.12442684173584
2025-12-06 03:41:27,933 - rlhf_trainer - WARNING - Early stopping due to large KL divergence: 36.77760314941406
2025-12-06 03:41:30,195 - rlhf_trainer - WARNING - Early stopping due to large KL divergence: 4223.3818359375
2025-12-06 03:41:32,683 - rlhf_trainer - WARNING - Early stopping due to large KL divergence: 37.68125915527344
2025-12-06 03:41:35,013 - rlhf_trainer - WARNING - Early stopping due to large KL divergence: 2.4367244243621826
2025-12-06 03:41:37,286 - rlhf_trainer - WARNING - Early stopping due to large KL divergence: 5.62933874130249
2025-12-06 03:41:39,605 - rlhf_trainer - WARNING - Early stopping due to large KL divergence: 103.29779815673828
2025-12-06 03:41:42,056 - rlhf_trainer - WARNING - Early stopping due to large KL divergence: 1153592704.0
2025-12-06 03:41:44,987 - rlhf_trainer - WARNING - Early stopping due to large KL divergence: 1.3857557773590088
2025-12-06 03:41:44,990 - utils - INFO - Step 3020:
2025-12-06 03:41:44,990 - utils - INFO -   Policy Loss: 0.0000
2025-12-06 03:41:44,990 - utils - INFO -   Value Loss: 0.1106
2025-12-06 03:41:44,990 - utils - INFO -   Reward Mean: -0.0000
2025-12-06 03:41:44,990 - utils - INFO -   KL Divergence: 0.0000
2025-12-06 03:41:47,296 - rlhf_trainer - WARNING - Early stopping due to large KL divergence: 1.128656268119812
2025-12-06 03:41:49,612 - rlhf_trainer - WARNING - Early stopping due to large KL divergence: 2.0345733165740967
2025-12-06 03:41:52,015 - rlhf_trainer - WARNING - Early stopping due to large KL divergence: 4141.30810546875
2025-12-06 03:41:56,745 - rlhf_trainer - WARNING - Early stopping due to large KL divergence: 32.652801513671875
2025-12-06 03:41:59,106 - rlhf_trainer - WARNING - Early stopping due to large KL divergence: 6.008726596832275
2025-12-06 03:42:01,504 - rlhf_trainer - WARNING - Early stopping due to large KL divergence: 4.492668151855469
2025-12-06 03:42:03,929 - rlhf_trainer - WARNING - Early stopping due to large KL divergence: 6.811382293701172
2025-12-06 03:42:06,332 - rlhf_trainer - WARNING - Early stopping due to large KL divergence: 0.22958636283874512
2025-12-06 03:42:09,375 - rlhf_trainer - WARNING - Early stopping due to large KL divergence: 341.0235595703125
2025-12-06 03:42:11,734 - rlhf_trainer - WARNING - Early stopping due to large KL divergence: 1.6143698692321777
2025-12-06 03:42:11,737 - utils - INFO - Step 3030:
2025-12-06 03:42:11,738 - utils - INFO -   Policy Loss: 0.0000
2025-12-06 03:42:11,738 - utils - INFO -   Value Loss: 0.1450
2025-12-06 03:42:11,738 - utils - INFO -   Reward Mean: -0.0000
2025-12-06 03:42:11,738 - utils - INFO -   KL Divergence: 0.0000
2025-12-06 03:42:14,147 - rlhf_trainer - WARNING - Early stopping due to large KL divergence: 1.151235580444336
2025-12-06 03:42:17,220 - rlhf_trainer - WARNING - Early stopping due to large KL divergence: 2.5563130378723145
2025-12-06 03:42:19,620 - rlhf_trainer - WARNING - Early stopping due to large KL divergence: 8148527616.0
2025-12-06 03:42:22,452 - rlhf_trainer - WARNING - Early stopping due to large KL divergence: 0.8776922821998596
2025-12-06 03:42:25,925 - rlhf_trainer - WARNING - Early stopping due to large KL divergence: 0.8434125781059265
2025-12-06 03:42:28,254 - rlhf_trainer - WARNING - Early stopping due to large KL divergence: 22562974.0
2025-12-06 03:42:30,678 - rlhf_trainer - WARNING - Early stopping due to large KL divergence: 0.927768886089325
2025-12-06 03:42:33,695 - rlhf_trainer - WARNING - Early stopping due to large KL divergence: 1.100188970565796
2025-12-06 03:42:36,036 - rlhf_trainer - WARNING - Early stopping due to large KL divergence: 3.362675666809082
2025-12-06 03:42:38,395 - rlhf_trainer - WARNING - Early stopping due to large KL divergence: 0.5228537321090698
2025-12-06 03:42:38,398 - utils - INFO - Step 3040:
2025-12-06 03:42:38,398 - utils - INFO -   Policy Loss: 0.0000
2025-12-06 03:42:38,398 - utils - INFO -   Value Loss: 0.1356
2025-12-06 03:42:38,398 - utils - INFO -   Reward Mean: -0.0000
2025-12-06 03:42:38,398 - utils - INFO -   KL Divergence: 0.0000
2025-12-06 03:42:40,905 - rlhf_trainer - WARNING - Early stopping due to large KL divergence: 0.6092739701271057
2025-12-06 03:42:43,363 - rlhf_trainer - WARNING - Early stopping due to large KL divergence: 10027545.0
2025-12-06 03:42:45,785 - rlhf_trainer - WARNING - Early stopping due to large KL divergence: 1.4289593696594238
2025-12-06 03:42:48,122 - rlhf_trainer - WARNING - Early stopping due to large KL divergence: 0.48471567034721375
2025-12-06 03:42:50,447 - rlhf_trainer - WARNING - Early stopping due to large KL divergence: 2.227658987045288
2025-12-06 03:42:52,812 - rlhf_trainer - WARNING - Early stopping due to large KL divergence: 4618.32568359375
2025-12-06 03:42:55,144 - rlhf_trainer - WARNING - Early stopping due to large KL divergence: 2.9547863006591797
2025-12-06 03:42:57,491 - rlhf_trainer - WARNING - Early stopping due to large KL divergence: 0.3622193932533264
2025-12-06 03:42:59,828 - rlhf_trainer - WARNING - Early stopping due to large KL divergence: 2.275219202041626
2025-12-06 03:43:02,224 - rlhf_trainer - WARNING - Early stopping due to large KL divergence: 0.7965786457061768
2025-12-06 03:43:02,227 - utils - INFO - Step 3050:
2025-12-06 03:43:02,227 - utils - INFO -   Policy Loss: 0.0000
2025-12-06 03:43:02,227 - utils - INFO -   Value Loss: 0.0911
2025-12-06 03:43:02,227 - utils - INFO -   Reward Mean: 0.0000
2025-12-06 03:43:02,228 - utils - INFO -   KL Divergence: 0.0000
2025-12-06 03:43:04,609 - rlhf_trainer - WARNING - Early stopping due to large KL divergence: 1.5688579082489014
2025-12-06 03:43:07,041 - rlhf_trainer - WARNING - Early stopping due to large KL divergence: 4.543894290924072
2025-12-06 03:43:09,410 - rlhf_trainer - WARNING - Early stopping due to large KL divergence: 0.333109974861145
2025-12-06 03:43:11,786 - rlhf_trainer - WARNING - Early stopping due to large KL divergence: 2.9002153873443604
2025-12-06 03:43:14,152 - rlhf_trainer - WARNING - Early stopping due to large KL divergence: 6957331.5
2025-12-06 03:43:16,560 - rlhf_trainer - WARNING - Early stopping due to large KL divergence: 2.3209543228149414
2025-12-06 03:43:18,899 - rlhf_trainer - WARNING - Early stopping due to large KL divergence: 0.14429891109466553
2025-12-06 03:43:21,290 - rlhf_trainer - WARNING - Early stopping due to large KL divergence: 0.4826810359954834
2025-12-06 03:43:23,647 - rlhf_trainer - WARNING - Early stopping due to large KL divergence: 6.165154933929443
2025-12-06 03:43:26,052 - rlhf_trainer - WARNING - Early stopping due to large KL divergence: 81650096.0
2025-12-06 03:43:26,057 - utils - INFO - Step 3060:
2025-12-06 03:43:26,057 - utils - INFO -   Policy Loss: 0.0000
2025-12-06 03:43:26,057 - utils - INFO -   Value Loss: 0.7848
2025-12-06 03:43:26,057 - utils - INFO -   Reward Mean: 0.0000
2025-12-06 03:43:26,057 - utils - INFO -   KL Divergence: 0.0000
2025-12-06 03:43:28,831 - rlhf_trainer - WARNING - Early stopping due to large KL divergence: 3.9310340881347656
2025-12-06 03:43:32,145 - rlhf_trainer - WARNING - Early stopping due to large KL divergence: 3.513390064239502
2025-12-06 03:43:34,403 - rlhf_trainer - WARNING - Early stopping due to large KL divergence: 0.899467945098877
2025-12-06 03:43:36,743 - rlhf_trainer - WARNING - Early stopping due to large KL divergence: 101.11116027832031
2025-12-06 03:43:39,130 - rlhf_trainer - WARNING - Early stopping due to large KL divergence: 6642.75390625
2025-12-06 03:43:42,044 - rlhf_trainer - WARNING - Early stopping due to large KL divergence: 0.06520481407642365
2025-12-06 03:43:44,398 - rlhf_trainer - WARNING - Early stopping due to large KL divergence: 2.001373767852783
2025-12-06 03:43:46,901 - rlhf_trainer - WARNING - Early stopping due to large KL divergence: 0.4090329706668854
2025-12-06 03:43:49,291 - rlhf_trainer - WARNING - Early stopping due to large KL divergence: 7.478984355926514
2025-12-06 03:43:51,686 - rlhf_trainer - WARNING - Early stopping due to large KL divergence: 0.5954999327659607
2025-12-06 03:43:51,690 - utils - INFO - Step 3070:
2025-12-06 03:43:51,690 - utils - INFO -   Policy Loss: -0.0000
2025-12-06 03:43:51,690 - utils - INFO -   Value Loss: 0.1213
2025-12-06 03:43:51,690 - utils - INFO -   Reward Mean: 0.0000
2025-12-06 03:43:51,690 - utils - INFO -   KL Divergence: 0.0000
2025-12-06 03:43:55,794 - rlhf_trainer - WARNING - Early stopping due to large KL divergence: 10.456043243408203
2025-12-06 03:43:58,133 - rlhf_trainer - WARNING - Early stopping due to large KL divergence: 16.26042366027832
2025-12-06 03:44:00,504 - rlhf_trainer - WARNING - Early stopping due to large KL divergence: 19492497408.0
2025-12-06 03:44:02,810 - rlhf_trainer - WARNING - Early stopping due to large KL divergence: 0.5142067670822144
2025-12-06 03:44:05,169 - rlhf_trainer - WARNING - Early stopping due to large KL divergence: 34102.89453125
2025-12-06 03:44:08,920 - rlhf_trainer - WARNING - Early stopping due to large KL divergence: 16.982921600341797
2025-12-06 03:44:11,321 - rlhf_trainer - WARNING - Early stopping due to large KL divergence: 3.510968088956764e+17
2025-12-06 03:44:13,671 - rlhf_trainer - WARNING - Early stopping due to large KL divergence: 1069376256.0
2025-12-06 03:44:16,723 - rlhf_trainer - WARNING - Early stopping due to large KL divergence: 0.7998478412628174
2025-12-06 03:44:19,091 - rlhf_trainer - WARNING - Early stopping due to large KL divergence: 1.0546733140945435
2025-12-06 03:44:19,096 - utils - INFO - Step 3080:
2025-12-06 03:44:19,097 - utils - INFO -   Policy Loss: 0.0000
2025-12-06 03:44:19,097 - utils - INFO -   Value Loss: 0.1906
2025-12-06 03:44:19,097 - utils - INFO -   Reward Mean: -0.0000
2025-12-06 03:44:19,097 - utils - INFO -   KL Divergence: 0.0000
2025-12-06 03:44:21,455 - rlhf_trainer - WARNING - Early stopping due to large KL divergence: 0.4941801428794861
2025-12-06 03:44:24,451 - rlhf_trainer - WARNING - Early stopping due to large KL divergence: 0.2705228924751282
2025-12-06 03:44:27,299 - rlhf_trainer - WARNING - Early stopping due to large KL divergence: 1.246546745300293
2025-12-06 03:44:29,683 - rlhf_trainer - WARNING - Early stopping due to large KL divergence: 3.5121963024139404
2025-12-06 03:44:32,694 - rlhf_trainer - WARNING - Early stopping due to large KL divergence: 2.133854866027832
2025-12-06 03:44:35,061 - rlhf_trainer - WARNING - Early stopping due to large KL divergence: 0.6214341521263123
2025-12-06 03:44:37,390 - rlhf_trainer - WARNING - Early stopping due to large KL divergence: 7.2088093757629395
2025-12-06 03:44:39,828 - rlhf_trainer - WARNING - Early stopping due to large KL divergence: 1.153723955154419
2025-12-06 03:44:42,259 - rlhf_trainer - WARNING - Early stopping due to large KL divergence: 8.7849760055542
2025-12-06 03:44:44,875 - rlhf_trainer - WARNING - Early stopping due to large KL divergence: 5.065741062164307
2025-12-06 03:44:44,878 - utils - INFO - Step 3090:
2025-12-06 03:44:44,878 - utils - INFO -   Policy Loss: 0.0000
2025-12-06 03:44:44,878 - utils - INFO -   Value Loss: 0.1950
2025-12-06 03:44:44,878 - utils - INFO -   Reward Mean: -0.0000
2025-12-06 03:44:44,878 - utils - INFO -   KL Divergence: 0.0000
2025-12-06 03:44:47,222 - rlhf_trainer - WARNING - Early stopping due to large KL divergence: 1.0075808763504028
2025-12-06 03:44:49,565 - rlhf_trainer - WARNING - Early stopping due to large KL divergence: 12.915665626525879
2025-12-06 03:44:52,313 - rlhf_trainer - WARNING - Early stopping due to large KL divergence: 0.8230019807815552
2025-12-06 03:44:55,295 - rlhf_trainer - WARNING - Early stopping due to large KL divergence: 0.896306037902832
2025-12-06 03:44:57,662 - rlhf_trainer - WARNING - Early stopping due to large KL divergence: 20.684480667114258
2025-12-06 03:45:00,009 - rlhf_trainer - WARNING - Early stopping due to large KL divergence: 5.790533542633057
2025-12-06 03:45:02,403 - rlhf_trainer - WARNING - Early stopping due to large KL divergence: 1.0414321422576904
2025-12-06 03:45:04,757 - rlhf_trainer - WARNING - Early stopping due to large KL divergence: 18.75967788696289
2025-12-06 03:45:07,166 - rlhf_trainer - WARNING - Early stopping due to large KL divergence: 6.243007659912109
2025-12-06 03:45:09,557 - rlhf_trainer - WARNING - Early stopping due to large KL divergence: 19242.7421875
2025-12-06 03:45:09,561 - utils - INFO - Step 3100:
2025-12-06 03:45:09,561 - utils - INFO -   Policy Loss: 0.0000
2025-12-06 03:45:09,561 - utils - INFO -   Value Loss: 0.2286
2025-12-06 03:45:09,561 - utils - INFO -   Reward Mean: -0.0000
2025-12-06 03:45:09,561 - utils - INFO -   KL Divergence: 0.0000
2025-12-06 03:45:12,315 - rlhf_trainer - WARNING - Early stopping due to large KL divergence: 5.507024765014648
2025-12-06 03:45:14,723 - rlhf_trainer - WARNING - Early stopping due to large KL divergence: 7.723771572113037
2025-12-06 03:45:17,075 - rlhf_trainer - WARNING - Early stopping due to large KL divergence: 37.19624710083008
2025-12-06 03:45:19,429 - rlhf_trainer - WARNING - Early stopping due to large KL divergence: 4.0600266456604
2025-12-06 03:45:21,810 - rlhf_trainer - WARNING - Early stopping due to large KL divergence: 75.42646789550781
2025-12-06 03:45:24,188 - rlhf_trainer - WARNING - Early stopping due to large KL divergence: 18.838415145874023
2025-12-06 03:45:27,775 - rlhf_trainer - WARNING - Early stopping due to large KL divergence: 7.84279203414917
2025-12-06 03:45:30,763 - rlhf_trainer - WARNING - Early stopping due to large KL divergence: 1.4022343158721924
2025-12-06 03:45:33,081 - rlhf_trainer - WARNING - Early stopping due to large KL divergence: 10.295087814331055
2025-12-06 03:45:35,601 - rlhf_trainer - WARNING - Early stopping due to large KL divergence: 14.202007293701172
2025-12-06 03:45:35,604 - utils - INFO - Step 3110:
2025-12-06 03:45:35,604 - utils - INFO -   Policy Loss: 0.0000
2025-12-06 03:45:35,604 - utils - INFO -   Value Loss: 0.1520
2025-12-06 03:45:35,604 - utils - INFO -   Reward Mean: 0.0000
2025-12-06 03:45:35,604 - utils - INFO -   KL Divergence: 0.0000
2025-12-06 03:45:37,989 - rlhf_trainer - WARNING - Early stopping due to large KL divergence: 43.90732955932617
2025-12-06 03:45:40,486 - rlhf_trainer - WARNING - Early stopping due to large KL divergence: 34.183868408203125
2025-12-06 03:45:42,866 - rlhf_trainer - WARNING - Early stopping due to large KL divergence: 2.058262348175049
2025-12-06 03:45:45,256 - rlhf_trainer - WARNING - Early stopping due to large KL divergence: 29.505386352539062
2025-12-06 03:45:47,654 - rlhf_trainer - WARNING - Early stopping due to large KL divergence: 53.373355865478516
2025-12-06 03:45:50,129 - rlhf_trainer - WARNING - Early stopping due to large KL divergence: 0.04462818801403046
2025-12-06 03:45:53,612 - rlhf_trainer - WARNING - Early stopping due to large KL divergence: 5.614409446716309
2025-12-06 03:45:56,014 - rlhf_trainer - WARNING - Early stopping due to large KL divergence: 54.101715087890625
2025-12-06 03:45:58,409 - rlhf_trainer - WARNING - Early stopping due to large KL divergence: 18.96651268005371
2025-12-06 03:46:01,593 - rlhf_trainer - WARNING - Early stopping due to large KL divergence: 8.500245094299316
2025-12-06 03:46:01,596 - utils - INFO - Step 3120:
2025-12-06 03:46:01,596 - utils - INFO -   Policy Loss: 0.0000
2025-12-06 03:46:01,596 - utils - INFO -   Value Loss: 0.1930
2025-12-06 03:46:01,596 - utils - INFO -   Reward Mean: 0.0000
2025-12-06 03:46:01,597 - utils - INFO -   KL Divergence: 0.0000
2025-12-06 03:46:05,598 - rlhf_trainer - WARNING - Early stopping due to large KL divergence: 3429.959716796875
2025-12-06 03:46:07,969 - rlhf_trainer - WARNING - Early stopping due to large KL divergence: 23.51473617553711
2025-12-06 03:46:10,389 - rlhf_trainer - WARNING - Early stopping due to large KL divergence: 93357473792.0
2025-12-06 03:46:12,782 - rlhf_trainer - WARNING - Early stopping due to large KL divergence: 2.479743719100952
2025-12-06 03:46:15,537 - rlhf_trainer - WARNING - Early stopping due to large KL divergence: 4.207057952880859
2025-12-06 03:46:18,280 - rlhf_trainer - WARNING - Early stopping due to large KL divergence: 12.176607131958008
2025-12-06 03:46:20,666 - rlhf_trainer - WARNING - Early stopping due to large KL divergence: 3.0197198390960693
2025-12-06 03:46:22,889 - rlhf_trainer - WARNING - Early stopping due to large KL divergence: 23.894166946411133
2025-12-06 03:46:25,250 - rlhf_trainer - WARNING - Early stopping due to large KL divergence: 5.768635272979736
2025-12-06 03:46:27,704 - rlhf_trainer - WARNING - Early stopping due to large KL divergence: 0.02948157489299774
2025-12-06 03:46:27,707 - utils - INFO - Step 3130:
2025-12-06 03:46:27,708 - utils - INFO -   Policy Loss: -0.0163
2025-12-06 03:46:27,708 - utils - INFO -   Value Loss: 0.5927
2025-12-06 03:46:27,708 - utils - INFO -   Reward Mean: -0.0000
2025-12-06 03:46:27,708 - utils - INFO -   KL Divergence: 0.0009
2025-12-06 03:46:30,487 - rlhf_trainer - WARNING - Early stopping due to large KL divergence: 13.671163558959961
2025-12-06 03:46:32,923 - rlhf_trainer - WARNING - Early stopping due to large KL divergence: 0.9989653825759888
2025-12-06 03:46:35,288 - rlhf_trainer - WARNING - Early stopping due to large KL divergence: 19.371578216552734
2025-12-06 03:46:37,623 - rlhf_trainer - WARNING - Early stopping due to large KL divergence: 9.872642517089844
2025-12-06 03:46:39,945 - rlhf_trainer - WARNING - Early stopping due to large KL divergence: 36.0711555480957
2025-12-06 03:46:42,334 - rlhf_trainer - WARNING - Early stopping due to large KL divergence: 53.35613250732422
2025-12-06 03:46:44,673 - rlhf_trainer - WARNING - Early stopping due to large KL divergence: 27.479522705078125
2025-12-06 03:46:47,611 - rlhf_trainer - WARNING - Early stopping due to large KL divergence: 0.022869810461997986
2025-12-06 03:46:49,964 - rlhf_trainer - WARNING - Early stopping due to large KL divergence: 1.5827815532684326
2025-12-06 03:46:52,338 - rlhf_trainer - WARNING - Early stopping due to large KL divergence: 27.28671646118164
2025-12-06 03:46:52,341 - utils - INFO - Step 3140:
2025-12-06 03:46:52,341 - utils - INFO -   Policy Loss: -0.0000
2025-12-06 03:46:52,341 - utils - INFO -   Value Loss: 0.1742
2025-12-06 03:46:52,341 - utils - INFO -   Reward Mean: 0.0000
2025-12-06 03:46:52,341 - utils - INFO -   KL Divergence: 0.0000
2025-12-06 03:46:54,675 - rlhf_trainer - WARNING - Early stopping due to large KL divergence: 54.134952545166016
2025-12-06 03:46:57,024 - rlhf_trainer - WARNING - Early stopping due to large KL divergence: 9.844868659973145
2025-12-06 03:46:59,418 - rlhf_trainer - WARNING - Early stopping due to large KL divergence: 31.416635513305664
2025-12-06 03:47:01,816 - rlhf_trainer - WARNING - Early stopping due to large KL divergence: 48.93617248535156
2025-12-06 03:47:04,183 - rlhf_trainer - WARNING - Early stopping due to large KL divergence: 14.786744117736816
2025-12-06 03:47:13,479 - rlhf_trainer - WARNING - Early stopping due to large KL divergence: 18.896268844604492
2025-12-06 03:47:15,862 - rlhf_trainer - WARNING - Early stopping due to large KL divergence: 6.2227888107299805
2025-12-06 03:47:18,169 - rlhf_trainer - WARNING - Early stopping due to large KL divergence: 2.0266709327697754
2025-12-06 03:47:18,172 - utils - INFO - Step 3150:
2025-12-06 03:47:18,172 - utils - INFO -   Policy Loss: 0.0000
2025-12-06 03:47:18,173 - utils - INFO -   Value Loss: 0.0284
2025-12-06 03:47:18,173 - utils - INFO -   Reward Mean: -0.0000
2025-12-06 03:47:18,173 - utils - INFO -   KL Divergence: 0.0000
2025-12-06 03:47:20,724 - rlhf_trainer - WARNING - Early stopping due to large KL divergence: 28.561737060546875
2025-12-06 03:47:23,086 - rlhf_trainer - WARNING - Early stopping due to large KL divergence: 3.2333197593688965
2025-12-06 03:47:25,407 - rlhf_trainer - WARNING - Early stopping due to large KL divergence: 14.070979118347168
2025-12-06 03:47:27,835 - rlhf_trainer - WARNING - Early stopping due to large KL divergence: 3.8245201110839844
2025-12-06 03:47:33,620 - rlhf_trainer - WARNING - Early stopping due to large KL divergence: 41.79616928100586
2025-12-06 03:47:35,999 - rlhf_trainer - WARNING - Early stopping due to large KL divergence: 18.699003219604492
2025-12-06 03:47:38,335 - rlhf_trainer - WARNING - Early stopping due to large KL divergence: 17.568727493286133
2025-12-06 03:47:40,712 - rlhf_trainer - WARNING - Early stopping due to large KL divergence: 32.07430648803711
2025-12-06 03:47:43,152 - rlhf_trainer - WARNING - Early stopping due to large KL divergence: 48.597564697265625
2025-12-06 03:47:43,155 - utils - INFO - Step 3160:
2025-12-06 03:47:43,155 - utils - INFO -   Policy Loss: 0.0000
2025-12-06 03:47:43,156 - utils - INFO -   Value Loss: 0.2638
2025-12-06 03:47:43,156 - utils - INFO -   Reward Mean: -0.0000
2025-12-06 03:47:43,156 - utils - INFO -   KL Divergence: 0.0000
2025-12-06 03:47:45,556 - rlhf_trainer - WARNING - Early stopping due to large KL divergence: 40.22074890136719
2025-12-06 03:47:47,888 - rlhf_trainer - WARNING - Early stopping due to large KL divergence: 14.229386329650879
2025-12-06 03:47:50,207 - rlhf_trainer - WARNING - Early stopping due to large KL divergence: 20.246782302856445
2025-12-06 03:47:52,772 - rlhf_trainer - WARNING - Early stopping due to large KL divergence: 9.936501502990723
2025-12-06 03:47:55,110 - rlhf_trainer - WARNING - Early stopping due to large KL divergence: 11.332280158996582
2025-12-06 03:48:01,299 - rlhf_trainer - WARNING - Early stopping due to large KL divergence: 49.486209869384766
2025-12-06 03:48:03,666 - rlhf_trainer - WARNING - Early stopping due to large KL divergence: 0.9434073567390442
2025-12-06 03:48:06,073 - rlhf_trainer - WARNING - Early stopping due to large KL divergence: 0.021437913179397583
2025-12-06 03:48:08,481 - rlhf_trainer - WARNING - Early stopping due to large KL divergence: 0.07171012461185455
2025-12-06 03:48:08,484 - utils - INFO - Step 3170:
2025-12-06 03:48:08,484 - utils - INFO -   Policy Loss: -0.0204
2025-12-06 03:48:08,484 - utils - INFO -   Value Loss: 0.0765
2025-12-06 03:48:08,484 - utils - INFO -   Reward Mean: 0.0000
2025-12-06 03:48:08,485 - utils - INFO -   KL Divergence: 0.0031
2025-12-06 03:48:11,423 - rlhf_trainer - WARNING - Early stopping due to large KL divergence: 0.04340824484825134
2025-12-06 03:48:13,755 - rlhf_trainer - WARNING - Early stopping due to large KL divergence: 16.407623291015625
2025-12-06 03:48:16,080 - rlhf_trainer - WARNING - Early stopping due to large KL divergence: 7.5896124839782715
2025-12-06 03:48:18,417 - rlhf_trainer - WARNING - Early stopping due to large KL divergence: 9.682197570800781
2025-12-06 03:48:21,053 - rlhf_trainer - WARNING - Early stopping due to large KL divergence: 19.531192779541016
2025-12-06 03:48:23,390 - rlhf_trainer - WARNING - Early stopping due to large KL divergence: 10.463189125061035
2025-12-06 03:48:25,764 - rlhf_trainer - WARNING - Early stopping due to large KL divergence: 1.0351967811584473
2025-12-06 03:48:28,125 - rlhf_trainer - WARNING - Early stopping due to large KL divergence: 4.1750102043151855
2025-12-06 03:48:30,518 - rlhf_trainer - WARNING - Early stopping due to large KL divergence: 16.74733543395996
2025-12-06 03:48:32,919 - rlhf_trainer - WARNING - Early stopping due to large KL divergence: 27.808124542236328
2025-12-06 03:48:32,922 - utils - INFO - Step 3180:
2025-12-06 03:48:32,922 - utils - INFO -   Policy Loss: 0.0000
2025-12-06 03:48:32,922 - utils - INFO -   Value Loss: 0.2038
2025-12-06 03:48:32,922 - utils - INFO -   Reward Mean: 0.0000
2025-12-06 03:48:32,922 - utils - INFO -   KL Divergence: 0.0000
2025-12-06 03:48:35,271 - rlhf_trainer - WARNING - Early stopping due to large KL divergence: 9.518651008605957
2025-12-06 03:48:37,702 - rlhf_trainer - WARNING - Early stopping due to large KL divergence: 14.411056518554688
2025-12-06 03:48:40,212 - rlhf_trainer - WARNING - Early stopping due to large KL divergence: 4.488100528717041
2025-12-06 03:48:42,714 - rlhf_trainer - WARNING - Early stopping due to large KL divergence: 0.022155314683914185
2025-12-06 03:48:45,051 - rlhf_trainer - WARNING - Early stopping due to large KL divergence: 2.690441608428955
2025-12-06 03:48:47,518 - rlhf_trainer - WARNING - Early stopping due to large KL divergence: 0.048324570059776306
2025-12-06 03:48:49,827 - rlhf_trainer - WARNING - Early stopping due to large KL divergence: 12.686783790588379
2025-12-06 03:48:52,216 - rlhf_trainer - WARNING - Early stopping due to large KL divergence: 3.5970144271850586
2025-12-06 03:48:54,544 - rlhf_trainer - WARNING - Early stopping due to large KL divergence: 3.9168214797973633
2025-12-06 03:48:57,292 - rlhf_trainer - WARNING - Early stopping due to large KL divergence: 25.666671752929688
2025-12-06 03:48:57,296 - utils - INFO - Step 3190:
2025-12-06 03:48:57,296 - utils - INFO -   Policy Loss: 0.0000
2025-12-06 03:48:57,296 - utils - INFO -   Value Loss: 0.1574
2025-12-06 03:48:57,296 - utils - INFO -   Reward Mean: -0.0000
2025-12-06 03:48:57,296 - utils - INFO -   KL Divergence: 0.0000
2025-12-06 03:48:59,196 - rlhf_trainer - WARNING - Early stopping due to large KL divergence: 0.02077406644821167
2025-12-06 03:49:01,691 - rlhf_trainer - WARNING - Early stopping due to large KL divergence: 20.269725799560547
2025-12-06 03:49:04,053 - rlhf_trainer - WARNING - Early stopping due to large KL divergence: 16.543540954589844
2025-12-06 03:49:07,208 - rlhf_trainer - WARNING - Early stopping due to large KL divergence: 32.935707092285156
2025-12-06 03:49:09,539 - rlhf_trainer - WARNING - Early stopping due to large KL divergence: 2.563488006591797
2025-12-06 03:49:11,930 - rlhf_trainer - WARNING - Early stopping due to large KL divergence: 2.466341733932495
2025-12-06 03:49:14,273 - rlhf_trainer - WARNING - Early stopping due to large KL divergence: 6.254894256591797
2025-12-06 03:49:16,666 - rlhf_trainer - WARNING - Early stopping due to large KL divergence: 1.397482991218567
2025-12-06 03:49:19,065 - rlhf_trainer - WARNING - Early stopping due to large KL divergence: 2.0508488464682556e+20
2025-12-06 03:49:21,540 - rlhf_trainer - WARNING - Early stopping due to large KL divergence: 0.04721570014953613
2025-12-06 03:49:21,543 - utils - INFO - Step 3200:
2025-12-06 03:49:21,543 - utils - INFO -   Policy Loss: -0.0092
2025-12-06 03:49:21,543 - utils - INFO -   Value Loss: 0.4317
2025-12-06 03:49:21,543 - utils - INFO -   Reward Mean: 0.0000
2025-12-06 03:49:21,543 - utils - INFO -   KL Divergence: 0.0035
2025-12-06 03:49:23,879 - rlhf_trainer - WARNING - Early stopping due to large KL divergence: 36666.578125
2025-12-06 03:49:26,252 - rlhf_trainer - WARNING - Early stopping due to large KL divergence: 0.8757175803184509
2025-12-06 03:49:28,628 - rlhf_trainer - WARNING - Early stopping due to large KL divergence: 3.399383306503296
2025-12-06 03:49:31,056 - rlhf_trainer - WARNING - Early stopping due to large KL divergence: 377.8025817871094
2025-12-06 03:49:33,404 - rlhf_trainer - WARNING - Early stopping due to large KL divergence: 97460288.0
2025-12-06 03:49:35,788 - rlhf_trainer - WARNING - Early stopping due to large KL divergence: 1.9932230710983276
2025-12-06 03:49:38,120 - rlhf_trainer - WARNING - Early stopping due to large KL divergence: 3921497554944.0
2025-12-06 03:49:40,567 - rlhf_trainer - WARNING - Early stopping due to large KL divergence: 0.06065785884857178
2025-12-06 03:49:42,986 - rlhf_trainer - WARNING - Early stopping due to large KL divergence: 1.665691614151001
2025-12-06 03:49:45,227 - rlhf_trainer - WARNING - Early stopping due to large KL divergence: 2.9083950519561768
2025-12-06 03:49:45,229 - utils - INFO - Step 3210:
2025-12-06 03:49:45,229 - utils - INFO -   Policy Loss: 0.0000
2025-12-06 03:49:45,230 - utils - INFO -   Value Loss: 0.2446
2025-12-06 03:49:45,230 - utils - INFO -   Reward Mean: -0.0000
2025-12-06 03:49:45,230 - utils - INFO -   KL Divergence: 0.0000
2025-12-06 03:49:47,087 - rlhf_trainer - WARNING - Early stopping due to large KL divergence: 0.061018943786621094
2025-12-06 03:49:49,333 - rlhf_trainer - WARNING - Early stopping due to large KL divergence: 7.271784007890289e+29
2025-12-06 03:49:51,762 - rlhf_trainer - WARNING - Early stopping due to large KL divergence: 1.0926464212095632e+33
2025-12-06 03:49:54,106 - rlhf_trainer - WARNING - Early stopping due to large KL divergence: 2.298043076493938e+28
2025-12-06 03:49:56,433 - rlhf_trainer - WARNING - Early stopping due to large KL divergence: 1.3746014833450317
2025-12-06 03:49:58,941 - rlhf_trainer - WARNING - Early stopping due to large KL divergence: 64341390917632.0
2025-12-06 03:50:01,325 - rlhf_trainer - WARNING - Early stopping due to large KL divergence: 68.43795013427734
2025-12-06 03:50:03,693 - rlhf_trainer - WARNING - Early stopping due to large KL divergence: 13.517694473266602
2025-12-06 03:50:06,040 - rlhf_trainer - WARNING - Early stopping due to large KL divergence: 2.427121162414551
2025-12-06 03:50:08,397 - rlhf_trainer - WARNING - Early stopping due to large KL divergence: 0.710187554359436
2025-12-06 03:50:08,401 - utils - INFO - Step 3220:
2025-12-06 03:50:08,401 - utils - INFO -   Policy Loss: -0.0000
2025-12-06 03:50:08,401 - utils - INFO -   Value Loss: 0.1796
2025-12-06 03:50:08,401 - utils - INFO -   Reward Mean: 0.0000
2025-12-06 03:50:08,401 - utils - INFO -   KL Divergence: 0.0000
2025-12-06 03:50:10,711 - rlhf_trainer - WARNING - Early stopping due to large KL divergence: 2.6789982318878174
2025-12-06 03:50:13,092 - rlhf_trainer - WARNING - Early stopping due to large KL divergence: 1.0894370079040527
2025-12-06 03:50:15,534 - rlhf_trainer - WARNING - Early stopping due to large KL divergence: 0.05134870111942291
2025-12-06 03:50:17,934 - rlhf_trainer - WARNING - Early stopping due to large KL divergence: 1407213696.0
2025-12-06 03:50:20,325 - rlhf_trainer - WARNING - Early stopping due to large KL divergence: inf
2025-12-06 03:50:22,658 - rlhf_trainer - WARNING - Early stopping due to large KL divergence: 7.868752356806463e+26
2025-12-06 03:50:24,988 - rlhf_trainer - WARNING - Early stopping due to large KL divergence: 1.5563430786132812
2025-12-06 03:50:27,336 - rlhf_trainer - WARNING - Early stopping due to large KL divergence: inf
2025-12-06 03:50:29,686 - rlhf_trainer - WARNING - Early stopping due to large KL divergence: 3.902772201147358e+29
2025-12-06 03:50:32,059 - rlhf_trainer - WARNING - Early stopping due to large KL divergence: 82993422336.0
2025-12-06 03:50:32,062 - utils - INFO - Step 3230:
2025-12-06 03:50:32,062 - utils - INFO -   Policy Loss: 0.0000
2025-12-06 03:50:32,062 - utils - INFO -   Value Loss: 0.2106
2025-12-06 03:50:32,062 - utils - INFO -   Reward Mean: -0.0000
2025-12-06 03:50:32,062 - utils - INFO -   KL Divergence: 0.0000
2025-12-06 03:50:34,438 - rlhf_trainer - WARNING - Early stopping due to large KL divergence: 4.557116186398949e+37
2025-12-06 03:50:36,782 - rlhf_trainer - WARNING - Early stopping due to large KL divergence: 188.00953674316406
2025-12-06 03:50:39,140 - rlhf_trainer - WARNING - Early stopping due to large KL divergence: 0.6868274211883545
2025-12-06 03:50:41,551 - rlhf_trainer - WARNING - Early stopping due to large KL divergence: 9.977092742919922
2025-12-06 03:50:43,905 - rlhf_trainer - WARNING - Early stopping due to large KL divergence: 36.33286666870117
2025-12-06 03:50:46,311 - rlhf_trainer - WARNING - Early stopping due to large KL divergence: 0.05873677134513855
2025-12-06 03:50:48,660 - rlhf_trainer - WARNING - Early stopping due to large KL divergence: 2.7574214935302734
2025-12-06 03:50:51,098 - rlhf_trainer - WARNING - Early stopping due to large KL divergence: 0.05131000280380249
2025-12-06 03:50:53,610 - rlhf_trainer - WARNING - Early stopping due to large KL divergence: 6.556513786315918
2025-12-06 03:50:56,075 - rlhf_trainer - WARNING - Early stopping due to large KL divergence: 0.07218103110790253
2025-12-06 03:50:56,078 - utils - INFO - Step 3240:
2025-12-06 03:50:56,078 - utils - INFO -   Policy Loss: -0.0286
2025-12-06 03:50:56,079 - utils - INFO -   Value Loss: 0.5829
2025-12-06 03:50:56,079 - utils - INFO -   Reward Mean: 0.0000
2025-12-06 03:50:56,079 - utils - INFO -   KL Divergence: 0.0047
2025-12-06 03:50:58,548 - rlhf_trainer - WARNING - Early stopping due to large KL divergence: 0.5808923840522766
2025-12-06 03:51:01,015 - rlhf_trainer - WARNING - Early stopping due to large KL divergence: 0.08329176902770996
2025-12-06 03:51:03,407 - rlhf_trainer - WARNING - Early stopping due to large KL divergence: 75348256.0
2025-12-06 03:51:05,839 - rlhf_trainer - WARNING - Early stopping due to large KL divergence: 4.243846135681412e+27
2025-12-06 03:51:08,217 - rlhf_trainer - WARNING - Early stopping due to large KL divergence: 2.6274492740631104
2025-12-06 03:51:10,573 - rlhf_trainer - WARNING - Early stopping due to large KL divergence: 1.7373075485229492
2025-12-06 03:51:12,958 - rlhf_trainer - WARNING - Early stopping due to large KL divergence: 1.2593003511428833
2025-12-06 03:51:15,288 - rlhf_trainer - WARNING - Early stopping due to large KL divergence: 410.8670349121094
2025-12-06 03:51:17,728 - rlhf_trainer - WARNING - Early stopping due to large KL divergence: 0.05147835612297058
2025-12-06 03:51:21,846 - rlhf_trainer - WARNING - Early stopping due to large KL divergence: inf
2025-12-06 03:51:21,849 - utils - INFO - Step 3250:
2025-12-06 03:51:21,849 - utils - INFO -   Policy Loss: 0.0000
2025-12-06 03:51:21,850 - utils - INFO -   Value Loss: 0.1494
2025-12-06 03:51:21,850 - utils - INFO -   Reward Mean: -0.0000
2025-12-06 03:51:21,850 - utils - INFO -   KL Divergence: 0.0000
2025-12-06 03:51:24,157 - rlhf_trainer - WARNING - Early stopping due to large KL divergence: 5.598501662598208e+19
2025-12-06 03:51:27,246 - rlhf_trainer - WARNING - Early stopping due to large KL divergence: inf
2025-12-06 03:51:29,659 - rlhf_trainer - WARNING - Early stopping due to large KL divergence: 0.1932276338338852
2025-12-06 03:51:32,112 - rlhf_trainer - WARNING - Early stopping due to large KL divergence: 536754720.0
2025-12-06 03:51:34,544 - rlhf_trainer - WARNING - Early stopping due to large KL divergence: 1.25868558883667
2025-12-06 03:51:37,698 - rlhf_trainer - WARNING - Early stopping due to large KL divergence: 1.0231523322528846e+36
2025-12-06 03:51:40,462 - rlhf_trainer - WARNING - Early stopping due to large KL divergence: 7.586108928738533e+23
2025-12-06 03:51:42,804 - rlhf_trainer - WARNING - Early stopping due to large KL divergence: inf
2025-12-06 03:51:45,162 - rlhf_trainer - WARNING - Early stopping due to large KL divergence: 2.12772536277771
2025-12-06 03:51:47,513 - rlhf_trainer - WARNING - Early stopping due to large KL divergence: 1.5253424644470215
2025-12-06 03:51:47,516 - utils - INFO - Step 3260:
2025-12-06 03:51:47,516 - utils - INFO -   Policy Loss: 0.0000
2025-12-06 03:51:47,516 - utils - INFO -   Value Loss: 0.2255
2025-12-06 03:51:47,516 - utils - INFO -   Reward Mean: -0.0000
2025-12-06 03:51:47,516 - utils - INFO -   KL Divergence: 0.0000
2025-12-06 03:51:49,947 - rlhf_trainer - WARNING - Early stopping due to large KL divergence: 1.081834316253662
2025-12-06 03:51:52,371 - rlhf_trainer - WARNING - Early stopping due to large KL divergence: 2.2476987838745117
2025-12-06 03:51:54,771 - rlhf_trainer - WARNING - Early stopping due to large KL divergence: 13.35710620880127
2025-12-06 03:51:57,164 - rlhf_trainer - WARNING - Early stopping due to large KL divergence: 1.4070713520050049
2025-12-06 03:51:59,662 - rlhf_trainer - WARNING - Early stopping due to large KL divergence: 25.29721450805664
2025-12-06 03:52:02,069 - rlhf_trainer - WARNING - Early stopping due to large KL divergence: 0.5319409370422363
2025-12-06 03:52:04,517 - rlhf_trainer - WARNING - Early stopping due to large KL divergence: 0.023589879274368286
2025-12-06 03:52:06,899 - rlhf_trainer - WARNING - Early stopping due to large KL divergence: 3.47695255279541
2025-12-06 03:52:10,457 - rlhf_trainer - WARNING - Early stopping due to large KL divergence: 28.194915771484375
2025-12-06 03:52:12,805 - rlhf_trainer - WARNING - Early stopping due to large KL divergence: 10644562944.0
2025-12-06 03:52:12,808 - utils - INFO - Step 3270:
2025-12-06 03:52:12,808 - utils - INFO -   Policy Loss: -0.0000
2025-12-06 03:52:12,808 - utils - INFO -   Value Loss: 0.1197
2025-12-06 03:52:12,808 - utils - INFO -   Reward Mean: -0.0000
2025-12-06 03:52:12,808 - utils - INFO -   KL Divergence: 0.0000
2025-12-06 03:52:15,212 - rlhf_trainer - WARNING - Early stopping due to large KL divergence: 2.3011903762817383
2025-12-06 03:52:17,577 - rlhf_trainer - WARNING - Early stopping due to large KL divergence: 31.381301879882812
2025-12-06 03:52:19,960 - rlhf_trainer - WARNING - Early stopping due to large KL divergence: 24472.9765625
2025-12-06 03:52:22,343 - rlhf_trainer - WARNING - Early stopping due to large KL divergence: 3.9522595405578613
2025-12-06 03:52:24,698 - rlhf_trainer - WARNING - Early stopping due to large KL divergence: 1.7880582809448242
2025-12-06 03:52:27,071 - rlhf_trainer - WARNING - Early stopping due to large KL divergence: 13.904346466064453
2025-12-06 03:52:29,632 - rlhf_trainer - WARNING - Early stopping due to large KL divergence: 1.973572850227356
2025-12-06 03:52:32,043 - rlhf_trainer - WARNING - Early stopping due to large KL divergence: 1.8506925106048584
2025-12-06 03:52:34,807 - rlhf_trainer - WARNING - Early stopping due to large KL divergence: 22114.556640625
2025-12-06 03:52:37,145 - rlhf_trainer - WARNING - Early stopping due to large KL divergence: 189309936.0
2025-12-06 03:52:37,149 - utils - INFO - Step 3280:
2025-12-06 03:52:37,149 - utils - INFO -   Policy Loss: -0.0000
2025-12-06 03:52:37,149 - utils - INFO -   Value Loss: 0.2388
2025-12-06 03:52:37,149 - utils - INFO -   Reward Mean: 0.0000
2025-12-06 03:52:37,149 - utils - INFO -   KL Divergence: 0.0000
2025-12-06 03:52:39,493 - rlhf_trainer - WARNING - Early stopping due to large KL divergence: 1.5067975011564938e+32
2025-12-06 03:52:41,885 - rlhf_trainer - WARNING - Early stopping due to large KL divergence: 8.909811727548872e+21
2025-12-06 03:52:44,852 - rlhf_trainer - WARNING - Early stopping due to large KL divergence: 0.028004631400108337
2025-12-06 03:52:47,216 - rlhf_trainer - WARNING - Early stopping due to large KL divergence: 1.0746546983718872
2025-12-06 03:52:52,972 - rlhf_trainer - WARNING - Early stopping due to large KL divergence: 2.389040470123291
2025-12-06 03:52:55,328 - rlhf_trainer - WARNING - Early stopping due to large KL divergence: 8.81201457977295
2025-12-06 03:53:01,133 - rlhf_trainer - WARNING - Early stopping due to large KL divergence: 9936367616.0
2025-12-06 03:53:03,473 - rlhf_trainer - WARNING - Early stopping due to large KL divergence: 2.255847454071045
2025-12-06 03:53:03,477 - utils - INFO - Step 3290:
2025-12-06 03:53:03,477 - utils - INFO -   Policy Loss: 0.0000
2025-12-06 03:53:03,477 - utils - INFO -   Value Loss: 0.1431
2025-12-06 03:53:03,477 - utils - INFO -   Reward Mean: 0.0000
2025-12-06 03:53:03,477 - utils - INFO -   KL Divergence: 0.0000
2025-12-06 03:53:05,857 - rlhf_trainer - WARNING - Early stopping due to large KL divergence: 5.263805634069878e+28
2025-12-06 03:53:08,200 - rlhf_trainer - WARNING - Early stopping due to large KL divergence: 11786772480.0
2025-12-06 03:53:10,665 - rlhf_trainer - WARNING - Early stopping due to large KL divergence: 1.0549068450927734
2025-12-06 03:53:13,007 - rlhf_trainer - WARNING - Early stopping due to large KL divergence: 2.151052474975586
2025-12-06 03:53:15,399 - rlhf_trainer - WARNING - Early stopping due to large KL divergence: 2.951483964920044
2025-12-06 03:53:17,753 - rlhf_trainer - WARNING - Early stopping due to large KL divergence: 10.74770450592041
2025-12-06 03:53:20,108 - rlhf_trainer - WARNING - Early stopping due to large KL divergence: 30.263126373291016
2025-12-06 03:53:22,470 - rlhf_trainer - WARNING - Early stopping due to large KL divergence: 2315665.5
2025-12-06 03:53:24,858 - rlhf_trainer - WARNING - Early stopping due to large KL divergence: 1.3157963752746582
2025-12-06 03:53:27,247 - rlhf_trainer - WARNING - Early stopping due to large KL divergence: 4.312607288360596
2025-12-06 03:53:27,251 - utils - INFO - Step 3300:
2025-12-06 03:53:27,251 - utils - INFO -   Policy Loss: 0.0000
2025-12-06 03:53:27,251 - utils - INFO -   Value Loss: 0.0531
2025-12-06 03:53:27,251 - utils - INFO -   Reward Mean: -0.0000
2025-12-06 03:53:27,251 - utils - INFO -   KL Divergence: 0.0000
2025-12-06 03:53:29,643 - rlhf_trainer - WARNING - Early stopping due to large KL divergence: 3.305006265640259
2025-12-06 03:53:32,053 - rlhf_trainer - WARNING - Early stopping due to large KL divergence: 5.444443702697754
2025-12-06 03:53:34,455 - rlhf_trainer - WARNING - Early stopping due to large KL divergence: 21.131065368652344
2025-12-06 03:53:36,817 - rlhf_trainer - WARNING - Early stopping due to large KL divergence: 1.5919861793518066
2025-12-06 03:53:39,187 - rlhf_trainer - WARNING - Early stopping due to large KL divergence: 8.696517944335938
2025-12-06 03:53:41,617 - rlhf_trainer - WARNING - Early stopping due to large KL divergence: 4.484470844268799
2025-12-06 03:53:44,157 - rlhf_trainer - WARNING - Early stopping due to large KL divergence: 8.560729026794434
2025-12-06 03:53:46,530 - rlhf_trainer - WARNING - Early stopping due to large KL divergence: 8189441474560.0
2025-12-06 03:53:48,903 - rlhf_trainer - WARNING - Early stopping due to large KL divergence: 1.006615400314331
2025-12-06 03:53:51,396 - rlhf_trainer - WARNING - Early stopping due to large KL divergence: 8.670838356018066
2025-12-06 03:53:51,399 - utils - INFO - Step 3310:
2025-12-06 03:53:51,399 - utils - INFO -   Policy Loss: -0.0000
2025-12-06 03:53:51,399 - utils - INFO -   Value Loss: 0.1116
2025-12-06 03:53:51,399 - utils - INFO -   Reward Mean: 0.0000
2025-12-06 03:53:51,399 - utils - INFO -   KL Divergence: 0.0000
2025-12-06 03:53:53,810 - rlhf_trainer - WARNING - Early stopping due to large KL divergence: 11.656988143920898
2025-12-06 03:53:56,215 - rlhf_trainer - WARNING - Early stopping due to large KL divergence: 2.97957181930542
2025-12-06 03:53:58,578 - rlhf_trainer - WARNING - Early stopping due to large KL divergence: 2.7876150608062744
2025-12-06 03:54:01,070 - rlhf_trainer - WARNING - Early stopping due to large KL divergence: 1.7714107036590576
2025-12-06 03:54:03,422 - rlhf_trainer - WARNING - Early stopping due to large KL divergence: 1.8005305528640747
2025-12-06 03:54:05,796 - rlhf_trainer - WARNING - Early stopping due to large KL divergence: 9.840201377868652
2025-12-06 03:54:08,193 - rlhf_trainer - WARNING - Early stopping due to large KL divergence: 50.58649444580078
2025-12-06 03:54:10,684 - rlhf_trainer - WARNING - Early stopping due to large KL divergence: 70.6726303100586
2025-12-06 03:54:13,054 - rlhf_trainer - WARNING - Early stopping due to large KL divergence: 15.075606346130371
2025-12-06 03:54:15,410 - rlhf_trainer - WARNING - Early stopping due to large KL divergence: 2.7616732120513916
2025-12-06 03:54:15,413 - utils - INFO - Step 3320:
2025-12-06 03:54:15,413 - utils - INFO -   Policy Loss: 0.0000
2025-12-06 03:54:15,413 - utils - INFO -   Value Loss: 0.1582
2025-12-06 03:54:15,413 - utils - INFO -   Reward Mean: -0.0000
2025-12-06 03:54:15,413 - utils - INFO -   KL Divergence: 0.0000
2025-12-06 03:54:17,791 - rlhf_trainer - WARNING - Early stopping due to large KL divergence: 6.318497180938721
2025-12-06 03:54:20,216 - rlhf_trainer - WARNING - Early stopping due to large KL divergence: 0.8153117299079895
2025-12-06 03:54:22,569 - rlhf_trainer - WARNING - Early stopping due to large KL divergence: 20.9782772064209
2025-12-06 03:54:24,916 - rlhf_trainer - WARNING - Early stopping due to large KL divergence: 1.7693095207214355
2025-12-06 03:54:27,268 - rlhf_trainer - WARNING - Early stopping due to large KL divergence: 1.0696415901184082
2025-12-06 03:54:29,644 - rlhf_trainer - WARNING - Early stopping due to large KL divergence: 4.524225234985352
2025-12-06 03:54:32,436 - rlhf_trainer - WARNING - Early stopping due to large KL divergence: 1633991424.0
2025-12-06 03:54:34,798 - rlhf_trainer - WARNING - Early stopping due to large KL divergence: 2.562592029571533
2025-12-06 03:54:37,176 - rlhf_trainer - WARNING - Early stopping due to large KL divergence: 3.0945897102355957
2025-12-06 03:54:39,934 - rlhf_trainer - WARNING - Early stopping due to large KL divergence: 149.33056640625
2025-12-06 03:54:39,938 - utils - INFO - Step 3330:
2025-12-06 03:54:39,938 - utils - INFO -   Policy Loss: -0.0000
2025-12-06 03:54:39,938 - utils - INFO -   Value Loss: 0.1522
2025-12-06 03:54:39,938 - utils - INFO -   Reward Mean: 0.0000
2025-12-06 03:54:39,938 - utils - INFO -   KL Divergence: 0.0000
2025-12-06 03:54:42,699 - rlhf_trainer - WARNING - Early stopping due to large KL divergence: 2.13263147929174e+17
2025-12-06 03:54:45,062 - rlhf_trainer - WARNING - Early stopping due to large KL divergence: 5.914062976837158
2025-12-06 03:54:47,424 - rlhf_trainer - WARNING - Early stopping due to large KL divergence: 0.3221632242202759
2025-12-06 03:54:49,943 - rlhf_trainer - WARNING - Early stopping due to large KL divergence: 69.28964233398438
2025-12-06 03:54:52,307 - rlhf_trainer - WARNING - Early stopping due to large KL divergence: 3.371399164199829
2025-12-06 03:54:54,648 - rlhf_trainer - WARNING - Early stopping due to large KL divergence: 16.418710708618164
2025-12-06 03:54:56,963 - rlhf_trainer - WARNING - Early stopping due to large KL divergence: 0.021142616868019104
2025-12-06 03:54:59,384 - rlhf_trainer - WARNING - Early stopping due to large KL divergence: 4.413018703460693
2025-12-06 03:55:01,731 - rlhf_trainer - WARNING - Early stopping due to large KL divergence: 3.3387832641601562
2025-12-06 03:55:04,210 - rlhf_trainer - WARNING - Early stopping due to large KL divergence: 1.407480001449585
2025-12-06 03:55:04,213 - utils - INFO - Step 3340:
2025-12-06 03:55:04,213 - utils - INFO -   Policy Loss: -0.0000
2025-12-06 03:55:04,213 - utils - INFO -   Value Loss: 0.2202
2025-12-06 03:55:04,213 - utils - INFO -   Reward Mean: 0.0000
2025-12-06 03:55:04,213 - utils - INFO -   KL Divergence: 0.0000
2025-12-06 03:55:06,646 - rlhf_trainer - WARNING - Early stopping due to large KL divergence: 5.224984645843506
2025-12-06 03:55:09,068 - rlhf_trainer - WARNING - Early stopping due to large KL divergence: 9.034738540649414
2025-12-06 03:55:12,001 - rlhf_trainer - WARNING - Early stopping due to large KL divergence: 16801182.0
2025-12-06 03:55:14,280 - rlhf_trainer - WARNING - Early stopping due to large KL divergence: 96.9855728149414
2025-12-06 03:55:16,887 - rlhf_trainer - WARNING - Early stopping due to large KL divergence: 2.7419886589050293
2025-12-06 03:55:19,260 - rlhf_trainer - WARNING - Early stopping due to large KL divergence: 11.155962944030762
2025-12-06 03:55:21,669 - rlhf_trainer - WARNING - Early stopping due to large KL divergence: 348.9355773925781
2025-12-06 03:55:24,046 - rlhf_trainer - WARNING - Early stopping due to large KL divergence: 1.2763957977294922
2025-12-06 03:55:26,897 - rlhf_trainer - WARNING - Early stopping due to large KL divergence: 6.088238716125488
2025-12-06 03:55:29,442 - rlhf_trainer - WARNING - Early stopping due to large KL divergence: 731480128.0
2025-12-06 03:55:29,445 - utils - INFO - Step 3350:
2025-12-06 03:55:29,445 - utils - INFO -   Policy Loss: 0.0000
2025-12-06 03:55:29,445 - utils - INFO -   Value Loss: 0.1042
2025-12-06 03:55:29,445 - utils - INFO -   Reward Mean: 0.0000
2025-12-06 03:55:29,445 - utils - INFO -   KL Divergence: 0.0000
2025-12-06 03:55:31,863 - rlhf_trainer - WARNING - Early stopping due to large KL divergence: 4.559261798858643
2025-12-06 03:55:34,220 - rlhf_trainer - WARNING - Early stopping due to large KL divergence: 3756412756819968.0
2025-12-06 03:55:36,630 - rlhf_trainer - WARNING - Early stopping due to large KL divergence: 43.55562973022461
2025-12-06 03:55:38,962 - rlhf_trainer - WARNING - Early stopping due to large KL divergence: 36.61566925048828
2025-12-06 03:55:41,348 - rlhf_trainer - WARNING - Early stopping due to large KL divergence: 0.8334628343582153
2025-12-06 03:55:43,687 - rlhf_trainer - WARNING - Early stopping due to large KL divergence: 12650502.0
2025-12-06 03:55:45,935 - rlhf_trainer - WARNING - Early stopping due to large KL divergence: 97033.4296875
2025-12-06 03:55:48,274 - rlhf_trainer - WARNING - Early stopping due to large KL divergence: 0.878527045249939
2025-12-06 03:55:50,645 - rlhf_trainer - WARNING - Early stopping due to large KL divergence: 5.079179286956787
2025-12-06 03:55:53,018 - rlhf_trainer - WARNING - Early stopping due to large KL divergence: 6.170855522155762
2025-12-06 03:55:53,021 - utils - INFO - Step 3360:
2025-12-06 03:55:53,021 - utils - INFO -   Policy Loss: 0.0000
2025-12-06 03:55:53,021 - utils - INFO -   Value Loss: 0.1601
2025-12-06 03:55:53,021 - utils - INFO -   Reward Mean: 0.0000
2025-12-06 03:55:53,022 - utils - INFO -   KL Divergence: 0.0000
2025-12-06 03:55:55,420 - rlhf_trainer - WARNING - Early stopping due to large KL divergence: 17.840858459472656
2025-12-06 03:55:57,911 - rlhf_trainer - WARNING - Early stopping due to large KL divergence: 3.69486665725708
2025-12-06 03:56:00,244 - rlhf_trainer - WARNING - Early stopping due to large KL divergence: 25.907968521118164
2025-12-06 03:56:02,668 - rlhf_trainer - WARNING - Early stopping due to large KL divergence: 1.9304769039154053
2025-12-06 03:56:05,064 - rlhf_trainer - WARNING - Early stopping due to large KL divergence: 4.255544185638428
2025-12-06 03:56:07,434 - rlhf_trainer - WARNING - Early stopping due to large KL divergence: 1.5243786573410034
2025-12-06 03:56:09,802 - rlhf_trainer - WARNING - Early stopping due to large KL divergence: 1.5319843292236328
2025-12-06 03:56:12,354 - rlhf_trainer - WARNING - Early stopping due to large KL divergence: 3.4837894439697266
2025-12-06 03:56:14,750 - rlhf_trainer - WARNING - Early stopping due to large KL divergence: 0.610432505607605
2025-12-06 03:56:17,099 - rlhf_trainer - WARNING - Early stopping due to large KL divergence: 2.4634056091308594
2025-12-06 03:56:17,103 - utils - INFO - Step 3370:
2025-12-06 03:56:17,103 - utils - INFO -   Policy Loss: 0.0000
2025-12-06 03:56:17,103 - utils - INFO -   Value Loss: 0.0827
2025-12-06 03:56:17,103 - utils - INFO -   Reward Mean: 0.0000
2025-12-06 03:56:17,103 - utils - INFO -   KL Divergence: 0.0000
2025-12-06 03:56:19,526 - rlhf_trainer - WARNING - Early stopping due to large KL divergence: 15.209670066833496
2025-12-06 03:56:21,974 - rlhf_trainer - WARNING - Early stopping due to large KL divergence: 59.759613037109375
2025-12-06 03:56:24,714 - rlhf_trainer - WARNING - Early stopping due to large KL divergence: 13.8885498046875
2025-12-06 03:56:27,455 - rlhf_trainer - WARNING - Early stopping due to large KL divergence: 0.61979079246521
2025-12-06 03:56:29,719 - rlhf_trainer - WARNING - Early stopping due to large KL divergence: 7.549702167510986
2025-12-06 03:56:32,152 - rlhf_trainer - WARNING - Early stopping due to large KL divergence: 0.16725468635559082
2025-12-06 03:56:34,511 - rlhf_trainer - WARNING - Early stopping due to large KL divergence: 3.8660502433776855
2025-12-06 03:56:36,878 - rlhf_trainer - WARNING - Early stopping due to large KL divergence: 1.4402354955673218
2025-12-06 03:56:39,221 - rlhf_trainer - WARNING - Early stopping due to large KL divergence: 0.7669926881790161
2025-12-06 03:56:41,607 - rlhf_trainer - WARNING - Early stopping due to large KL divergence: 0.029880493879318237
2025-12-06 03:56:41,610 - utils - INFO - Step 3380:
2025-12-06 03:56:41,610 - utils - INFO -   Policy Loss: 0.0000
2025-12-06 03:56:41,611 - utils - INFO -   Value Loss: 0.1609
2025-12-06 03:56:41,611 - utils - INFO -   Reward Mean: 0.0000
2025-12-06 03:56:41,611 - utils - INFO -   KL Divergence: 0.0000
2025-12-06 03:56:43,971 - rlhf_trainer - WARNING - Early stopping due to large KL divergence: 9.047572135925293
2025-12-06 03:56:46,383 - rlhf_trainer - WARNING - Early stopping due to large KL divergence: 0.04047614336013794
2025-12-06 03:56:48,728 - rlhf_trainer - WARNING - Early stopping due to large KL divergence: 0.8685522079467773
2025-12-06 03:56:51,087 - rlhf_trainer - WARNING - Early stopping due to large KL divergence: 0.7685049772262573
2025-12-06 03:56:53,414 - rlhf_trainer - WARNING - Early stopping due to large KL divergence: 34.90601348876953
2025-12-06 03:56:55,749 - rlhf_trainer - WARNING - Early stopping due to large KL divergence: 12489.6923828125
2025-12-06 03:56:58,129 - rlhf_trainer - WARNING - Early stopping due to large KL divergence: 2.9130268137718807e+24
2025-12-06 03:57:00,508 - rlhf_trainer - WARNING - Early stopping due to large KL divergence: 1.2887437343597412
2025-12-06 03:57:02,885 - rlhf_trainer - WARNING - Early stopping due to large KL divergence: 0.9632159471511841
2025-12-06 03:57:05,385 - rlhf_trainer - WARNING - Early stopping due to large KL divergence: 114334.859375
2025-12-06 03:57:05,388 - utils - INFO - Step 3390:
2025-12-06 03:57:05,388 - utils - INFO -   Policy Loss: 0.0000
2025-12-06 03:57:05,388 - utils - INFO -   Value Loss: 0.1795
2025-12-06 03:57:05,388 - utils - INFO -   Reward Mean: 0.0000
2025-12-06 03:57:05,388 - utils - INFO -   KL Divergence: 0.0000
2025-12-06 03:57:07,882 - rlhf_trainer - WARNING - Early stopping due to large KL divergence: 1.2113120555877686
2025-12-06 03:57:10,786 - rlhf_trainer - WARNING - Early stopping due to large KL divergence: 3.6938199513278913e+30
2025-12-06 03:57:13,206 - rlhf_trainer - WARNING - Early stopping due to large KL divergence: 5.013768727691264e+16
2025-12-06 03:57:15,537 - rlhf_trainer - WARNING - Early stopping due to large KL divergence: 758.638916015625
2025-12-06 03:57:17,863 - rlhf_trainer - WARNING - Early stopping due to large KL divergence: 0.9958943724632263
2025-12-06 03:57:20,214 - rlhf_trainer - WARNING - Early stopping due to large KL divergence: 1.5448763370513916
2025-12-06 03:57:22,586 - rlhf_trainer - WARNING - Early stopping due to large KL divergence: 3.903505563735962
2025-12-06 03:57:24,994 - rlhf_trainer - WARNING - Early stopping due to large KL divergence: 0.036689698696136475
2025-12-06 03:57:27,342 - rlhf_trainer - WARNING - Early stopping due to large KL divergence: 4.582664489746094
2025-12-06 03:57:30,296 - rlhf_trainer - WARNING - Early stopping due to large KL divergence: 0.02677464485168457
2025-12-06 03:57:30,300 - utils - INFO - Step 3400:
2025-12-06 03:57:30,300 - utils - INFO -   Policy Loss: -0.0302
2025-12-06 03:57:30,300 - utils - INFO -   Value Loss: 0.6545
2025-12-06 03:57:30,300 - utils - INFO -   Reward Mean: -0.0000
2025-12-06 03:57:30,300 - utils - INFO -   KL Divergence: 0.0032
2025-12-06 03:57:33,640 - rlhf_trainer - WARNING - Early stopping due to large KL divergence: inf
2025-12-06 03:57:35,973 - rlhf_trainer - WARNING - Early stopping due to large KL divergence: 2.2685835361480713
2025-12-06 03:57:38,332 - rlhf_trainer - WARNING - Early stopping due to large KL divergence: 0.09563630819320679
2025-12-06 03:57:40,761 - rlhf_trainer - WARNING - Early stopping due to large KL divergence: 0.6323149800300598
2025-12-06 03:57:43,172 - rlhf_trainer - WARNING - Early stopping due to large KL divergence: 953.5564575195312
2025-12-06 03:57:45,538 - rlhf_trainer - WARNING - Early stopping due to large KL divergence: 0.4095456004142761
2025-12-06 03:57:48,006 - rlhf_trainer - WARNING - Early stopping due to large KL divergence: 27.915510177612305
2025-12-06 03:57:50,378 - rlhf_trainer - WARNING - Early stopping due to large KL divergence: 8.957439422607422
2025-12-06 03:57:52,775 - rlhf_trainer - WARNING - Early stopping due to large KL divergence: 2.7958157062530518
2025-12-06 03:57:55,190 - rlhf_trainer - WARNING - Early stopping due to large KL divergence: 2.933335781097412
2025-12-06 03:57:55,193 - utils - INFO - Step 3410:
2025-12-06 03:57:55,193 - utils - INFO -   Policy Loss: 0.0000
2025-12-06 03:57:55,193 - utils - INFO -   Value Loss: 0.1102
2025-12-06 03:57:55,194 - utils - INFO -   Reward Mean: 0.0000
2025-12-06 03:57:55,194 - utils - INFO -   KL Divergence: 0.0000
2025-12-06 03:57:57,571 - rlhf_trainer - WARNING - Early stopping due to large KL divergence: 6.6797919273376465
2025-12-06 03:57:59,901 - rlhf_trainer - WARNING - Early stopping due to large KL divergence: 17.8714599609375
2025-12-06 03:58:02,933 - rlhf_trainer - WARNING - Early stopping due to large KL divergence: 0.03166186809539795
2025-12-06 03:58:05,293 - rlhf_trainer - WARNING - Early stopping due to large KL divergence: 2.7559709548950195
2025-12-06 03:58:07,647 - rlhf_trainer - WARNING - Early stopping due to large KL divergence: 40.211952209472656
2025-12-06 03:58:09,996 - rlhf_trainer - WARNING - Early stopping due to large KL divergence: 17.44873809814453
2025-12-06 03:58:12,382 - rlhf_trainer - WARNING - Early stopping due to large KL divergence: 16.14061737060547
2025-12-06 03:58:14,773 - rlhf_trainer - WARNING - Early stopping due to large KL divergence: 1.6881115436553955
2025-12-06 03:58:17,136 - rlhf_trainer - WARNING - Early stopping due to large KL divergence: 4.900784492492676
2025-12-06 03:58:19,683 - rlhf_trainer - WARNING - Early stopping due to large KL divergence: 2.82486891746521
2025-12-06 03:58:19,687 - utils - INFO - Step 3420:
2025-12-06 03:58:19,687 - utils - INFO -   Policy Loss: 0.0000
2025-12-06 03:58:19,687 - utils - INFO -   Value Loss: 0.1332
2025-12-06 03:58:19,687 - utils - INFO -   Reward Mean: 0.0000
2025-12-06 03:58:19,687 - utils - INFO -   KL Divergence: 0.0000
2025-12-06 03:58:22,104 - rlhf_trainer - WARNING - Early stopping due to large KL divergence: 1.7423746585845947
2025-12-06 03:58:24,973 - rlhf_trainer - WARNING - Early stopping due to large KL divergence: 0.6066526174545288
2025-12-06 03:58:27,307 - rlhf_trainer - WARNING - Early stopping due to large KL divergence: 2.365889072418213
2025-12-06 03:58:29,712 - rlhf_trainer - WARNING - Early stopping due to large KL divergence: 0.7731333374977112
2025-12-06 03:58:32,118 - rlhf_trainer - WARNING - Early stopping due to large KL divergence: 0.2541285753250122
2025-12-06 03:58:34,976 - rlhf_trainer - WARNING - Early stopping due to large KL divergence: 941305152.0
2025-12-06 03:58:37,630 - rlhf_trainer - WARNING - Early stopping due to large KL divergence: 3.6561944484710693
2025-12-06 03:58:39,978 - rlhf_trainer - WARNING - Early stopping due to large KL divergence: 0.39252299070358276
2025-12-06 03:58:42,408 - rlhf_trainer - WARNING - Early stopping due to large KL divergence: 10.052369117736816
2025-12-06 03:58:44,791 - rlhf_trainer - WARNING - Early stopping due to large KL divergence: 364059104.0
2025-12-06 03:58:44,794 - utils - INFO - Step 3430:
2025-12-06 03:58:44,794 - utils - INFO -   Policy Loss: 0.0000
2025-12-06 03:58:44,794 - utils - INFO -   Value Loss: 0.2063
2025-12-06 03:58:44,794 - utils - INFO -   Reward Mean: -0.0000
2025-12-06 03:58:44,794 - utils - INFO -   KL Divergence: 0.0000
2025-12-06 03:58:47,177 - rlhf_trainer - WARNING - Early stopping due to large KL divergence: 0.6019509434700012
2025-12-06 03:58:49,536 - rlhf_trainer - WARNING - Early stopping due to large KL divergence: 46240.078125
2025-12-06 03:58:51,953 - rlhf_trainer - WARNING - Early stopping due to large KL divergence: 1.7028603553771973
2025-12-06 03:58:54,336 - rlhf_trainer - WARNING - Early stopping due to large KL divergence: 0.9781709313392639
2025-12-06 03:58:56,261 - rlhf_trainer - WARNING - Early stopping due to large KL divergence: 0.12504355609416962
2025-12-06 03:58:59,272 - rlhf_trainer - WARNING - Early stopping due to large KL divergence: 0.02633364498615265
2025-12-06 03:59:01,622 - rlhf_trainer - WARNING - Early stopping due to large KL divergence: 4.131690979003906
2025-12-06 03:59:04,015 - rlhf_trainer - WARNING - Early stopping due to large KL divergence: 1.1357555842671616e+24
2025-12-06 03:59:06,378 - rlhf_trainer - WARNING - Early stopping due to large KL divergence: 0.9822543859481812
2025-12-06 03:59:08,719 - rlhf_trainer - WARNING - Early stopping due to large KL divergence: 0.8941403031349182
2025-12-06 03:59:08,722 - utils - INFO - Step 3440:
2025-12-06 03:59:08,722 - utils - INFO -   Policy Loss: -0.0000
2025-12-06 03:59:08,722 - utils - INFO -   Value Loss: 0.1309
2025-12-06 03:59:08,722 - utils - INFO -   Reward Mean: -0.0000
2025-12-06 03:59:08,722 - utils - INFO -   KL Divergence: 0.0000
2025-12-06 03:59:11,069 - rlhf_trainer - WARNING - Early stopping due to large KL divergence: 89260080.0
2025-12-06 03:59:13,411 - rlhf_trainer - WARNING - Early stopping due to large KL divergence: 1.130245327949524
2025-12-06 03:59:16,172 - rlhf_trainer - WARNING - Early stopping due to large KL divergence: 1.5414307117462158
2025-12-06 03:59:19,220 - rlhf_trainer - WARNING - Early stopping due to large KL divergence: 9211356230189056.0
2025-12-06 03:59:21,997 - rlhf_trainer - WARNING - Early stopping due to large KL divergence: 1.50826096534729
2025-12-06 03:59:24,429 - rlhf_trainer - WARNING - Early stopping due to large KL divergence: 1.0861930847167969
2025-12-06 03:59:26,855 - rlhf_trainer - WARNING - Early stopping due to large KL divergence: 0.05351218581199646
2025-12-06 03:59:29,254 - rlhf_trainer - WARNING - Early stopping due to large KL divergence: 1.2077032327651978
2025-12-06 03:59:31,689 - rlhf_trainer - WARNING - Early stopping due to large KL divergence: 1.6341112852096558
2025-12-06 03:59:34,237 - rlhf_trainer - WARNING - Early stopping due to large KL divergence: 3.2734313011169434
2025-12-06 03:59:34,240 - utils - INFO - Step 3450:
2025-12-06 03:59:34,240 - utils - INFO -   Policy Loss: 0.0000
2025-12-06 03:59:34,240 - utils - INFO -   Value Loss: 0.0691
2025-12-06 03:59:34,240 - utils - INFO -   Reward Mean: 0.0000
2025-12-06 03:59:34,240 - utils - INFO -   KL Divergence: 0.0000
2025-12-06 03:59:36,578 - rlhf_trainer - WARNING - Early stopping due to large KL divergence: 2.7037622928619385
2025-12-06 03:59:39,236 - rlhf_trainer - WARNING - Early stopping due to large KL divergence: 767895872.0
2025-12-06 03:59:41,724 - rlhf_trainer - WARNING - Early stopping due to large KL divergence: 1.7999745607376099
2025-12-06 03:59:44,097 - rlhf_trainer - WARNING - Early stopping due to large KL divergence: 1.5023183822631836
2025-12-06 03:59:46,550 - rlhf_trainer - WARNING - Early stopping due to large KL divergence: 4.618433475494385
2025-12-06 03:59:48,920 - rlhf_trainer - WARNING - Early stopping due to large KL divergence: 9.752224922180176
2025-12-06 03:59:51,291 - rlhf_trainer - WARNING - Early stopping due to large KL divergence: 5.423035621643066
2025-12-06 03:59:53,735 - rlhf_trainer - WARNING - Early stopping due to large KL divergence: 4.32410192489624
2025-12-06 03:59:56,072 - rlhf_trainer - WARNING - Early stopping due to large KL divergence: 5.1377410888671875
2025-12-06 03:59:58,458 - rlhf_trainer - WARNING - Early stopping due to large KL divergence: 2.3199715614318848
2025-12-06 03:59:58,461 - utils - INFO - Step 3460:
2025-12-06 03:59:58,461 - utils - INFO -   Policy Loss: 0.0000
2025-12-06 03:59:58,461 - utils - INFO -   Value Loss: 0.0945
2025-12-06 03:59:58,461 - utils - INFO -   Reward Mean: -0.0000
2025-12-06 03:59:58,461 - utils - INFO -   KL Divergence: 0.0000
2025-12-06 04:00:01,224 - rlhf_trainer - WARNING - Early stopping due to large KL divergence: 6720268.5
2025-12-06 04:00:03,178 - rlhf_trainer - WARNING - Early stopping due to large KL divergence: 0.0621897429227829
2025-12-06 04:00:05,582 - rlhf_trainer - WARNING - Early stopping due to large KL divergence: 65752016.0
2025-12-06 04:00:07,939 - rlhf_trainer - WARNING - Early stopping due to large KL divergence: 2.2634668350219727
2025-12-06 04:00:10,288 - rlhf_trainer - WARNING - Early stopping due to large KL divergence: 8336.552734375
2025-12-06 04:00:12,640 - rlhf_trainer - WARNING - Early stopping due to large KL divergence: 2070018654208.0
2025-12-06 04:00:15,052 - rlhf_trainer - WARNING - Early stopping due to large KL divergence: 960.6892700195312
2025-12-06 04:00:17,425 - rlhf_trainer - WARNING - Early stopping due to large KL divergence: 10841.869140625
2025-12-06 04:00:19,783 - rlhf_trainer - WARNING - Early stopping due to large KL divergence: 3143995.75
2025-12-06 04:00:22,161 - rlhf_trainer - WARNING - Early stopping due to large KL divergence: 1711.565673828125
2025-12-06 04:00:22,164 - utils - INFO - Step 3470:
2025-12-06 04:00:22,164 - utils - INFO -   Policy Loss: 0.0000
2025-12-06 04:00:22,164 - utils - INFO -   Value Loss: 0.0815
2025-12-06 04:00:22,164 - utils - INFO -   Reward Mean: 0.0000
2025-12-06 04:00:22,164 - utils - INFO -   KL Divergence: 0.0000
2025-12-06 04:00:24,530 - rlhf_trainer - WARNING - Early stopping due to large KL divergence: 364682720.0
2025-12-06 04:00:27,163 - rlhf_trainer - WARNING - Early stopping due to large KL divergence: 200096.90625
2025-12-06 04:00:29,807 - rlhf_trainer - WARNING - Early stopping due to large KL divergence: 1.0572636576923347e+30
2025-12-06 04:00:32,372 - rlhf_trainer - WARNING - Early stopping due to large KL divergence: 27.18897247314453
2025-12-06 04:00:34,343 - rlhf_trainer - WARNING - Early stopping due to large KL divergence: 0.04789756238460541
2025-12-06 04:00:36,811 - rlhf_trainer - WARNING - Early stopping due to large KL divergence: 6.036616496278112e+20
2025-12-06 04:00:39,227 - rlhf_trainer - WARNING - Early stopping due to large KL divergence: 5.156975269317627
2025-12-06 04:00:41,949 - rlhf_trainer - WARNING - Early stopping due to large KL divergence: 0.5429447889328003
2025-12-06 04:00:44,372 - rlhf_trainer - WARNING - Early stopping due to large KL divergence: 492.8721008300781
2025-12-06 04:00:46,775 - rlhf_trainer - WARNING - Early stopping due to large KL divergence: 0.5753219723701477
2025-12-06 04:00:46,779 - utils - INFO - Step 3480:
2025-12-06 04:00:46,779 - utils - INFO -   Policy Loss: -0.0000
2025-12-06 04:00:46,779 - utils - INFO -   Value Loss: 0.1497
2025-12-06 04:00:46,779 - utils - INFO -   Reward Mean: -0.0000
2025-12-06 04:00:46,779 - utils - INFO -   KL Divergence: 0.0000
2025-12-06 04:00:49,199 - rlhf_trainer - WARNING - Early stopping due to large KL divergence: 8696326144.0
2025-12-06 04:00:51,648 - rlhf_trainer - WARNING - Early stopping due to large KL divergence: 1.462833046913147
2025-12-06 04:00:54,353 - rlhf_trainer - WARNING - Early stopping due to large KL divergence: 15103749.0
2025-12-06 04:00:57,106 - rlhf_trainer - WARNING - Early stopping due to large KL divergence: 10.429370880126953
2025-12-06 04:00:59,607 - rlhf_trainer - WARNING - Early stopping due to large KL divergence: 2.3140954971313477
2025-12-06 04:01:02,019 - rlhf_trainer - WARNING - Early stopping due to large KL divergence: 853.2439575195312
2025-12-06 04:01:04,590 - rlhf_trainer - WARNING - Early stopping due to large KL divergence: 0.7742995619773865
2025-12-06 04:01:07,102 - rlhf_trainer - WARNING - Early stopping due to large KL divergence: 4.578674527090906e+31
2025-12-06 04:01:09,517 - rlhf_trainer - WARNING - Early stopping due to large KL divergence: 4166436608.0
2025-12-06 04:01:12,300 - rlhf_trainer - WARNING - Early stopping due to large KL divergence: 1.5516281127929688
2025-12-06 04:01:12,303 - utils - INFO - Step 3490:
2025-12-06 04:01:12,303 - utils - INFO -   Policy Loss: 0.0000
2025-12-06 04:01:12,303 - utils - INFO -   Value Loss: 0.1119
2025-12-06 04:01:12,303 - utils - INFO -   Reward Mean: 0.0000
2025-12-06 04:01:12,303 - utils - INFO -   KL Divergence: 0.0000
2025-12-06 04:01:14,907 - rlhf_trainer - WARNING - Early stopping due to large KL divergence: 10936.146484375
2025-12-06 04:01:17,510 - rlhf_trainer - WARNING - Early stopping due to large KL divergence: 125.83965301513672
2025-12-06 04:01:20,167 - rlhf_trainer - WARNING - Early stopping due to large KL divergence: 5.481412887573242
2025-12-06 04:01:22,878 - rlhf_trainer - WARNING - Early stopping due to large KL divergence: 1.416146993637085
2025-12-06 04:01:25,439 - rlhf_trainer - WARNING - Early stopping due to large KL divergence: 3.4831361770629883
2025-12-06 04:01:27,945 - rlhf_trainer - WARNING - Early stopping due to large KL divergence: 1.4783936590052852e+19
2025-12-06 04:01:30,782 - rlhf_trainer - WARNING - Early stopping due to large KL divergence: 73.46190643310547
2025-12-06 04:01:33,192 - rlhf_trainer - WARNING - Early stopping due to large KL divergence: 0.027769893407821655
2025-12-06 04:01:35,572 - rlhf_trainer - WARNING - Early stopping due to large KL divergence: 0.13437511026859283
2025-12-06 04:01:37,995 - rlhf_trainer - WARNING - Early stopping due to large KL divergence: 1.2326842815082705e+28
2025-12-06 04:01:37,998 - utils - INFO - Step 3500:
2025-12-06 04:01:37,998 - utils - INFO -   Policy Loss: -0.0000
2025-12-06 04:01:37,998 - utils - INFO -   Value Loss: 0.1454
2025-12-06 04:01:37,998 - utils - INFO -   Reward Mean: 0.0000
2025-12-06 04:01:37,998 - utils - INFO -   KL Divergence: 0.0000
2025-12-06 04:01:40,572 - rlhf_trainer - WARNING - Early stopping due to large KL divergence: 8.625347137451172
2025-12-06 04:01:43,034 - rlhf_trainer - WARNING - Early stopping due to large KL divergence: 1212.8333740234375
2025-12-06 04:01:45,713 - rlhf_trainer - WARNING - Early stopping due to large KL divergence: 5284.7177734375
2025-12-06 04:01:48,219 - rlhf_trainer - WARNING - Early stopping due to large KL divergence: 338.7061462402344
2025-12-06 04:01:50,889 - rlhf_trainer - WARNING - Early stopping due to large KL divergence: 0.044549599289894104
2025-12-06 04:01:53,738 - rlhf_trainer - WARNING - Early stopping due to large KL divergence: 1.01246590354509e+18
2025-12-06 04:01:56,397 - rlhf_trainer - WARNING - Early stopping due to large KL divergence: 21914.70703125
2025-12-06 04:01:58,939 - rlhf_trainer - WARNING - Early stopping due to large KL divergence: 0.04482047259807587
2025-12-06 04:02:01,551 - rlhf_trainer - WARNING - Early stopping due to large KL divergence: 8.81397819519043
2025-12-06 04:02:04,424 - rlhf_trainer - WARNING - Early stopping due to large KL divergence: 0.7169420719146729
2025-12-06 04:02:04,427 - utils - INFO - Step 3510:
2025-12-06 04:02:04,427 - utils - INFO -   Policy Loss: 0.0000
2025-12-06 04:02:04,427 - utils - INFO -   Value Loss: 0.6867
2025-12-06 04:02:04,427 - utils - INFO -   Reward Mean: -0.0000
2025-12-06 04:02:04,427 - utils - INFO -   KL Divergence: 0.0000
2025-12-06 04:02:06,967 - rlhf_trainer - WARNING - Early stopping due to large KL divergence: 1.6001120805740356
2025-12-06 04:02:09,517 - rlhf_trainer - WARNING - Early stopping due to large KL divergence: 3.42238187789917
2025-12-06 04:02:12,073 - rlhf_trainer - WARNING - Early stopping due to large KL divergence: 1.0263616997222022e+21
2025-12-06 04:02:14,681 - rlhf_trainer - WARNING - Early stopping due to large KL divergence: 10.592927932739258
2025-12-06 04:02:17,203 - rlhf_trainer - WARNING - Early stopping due to large KL divergence: 643300327424.0
2025-12-06 04:02:19,599 - rlhf_trainer - WARNING - Early stopping due to large KL divergence: 0.2552626132965088
2025-12-06 04:02:22,170 - rlhf_trainer - WARNING - Early stopping due to large KL divergence: 1.8617908954620361
2025-12-06 04:02:24,765 - rlhf_trainer - WARNING - Early stopping due to large KL divergence: 2.688282012939453
2025-12-06 04:02:27,384 - rlhf_trainer - WARNING - Early stopping due to large KL divergence: 0.7086605429649353
2025-12-06 04:02:29,936 - rlhf_trainer - WARNING - Early stopping due to large KL divergence: 3.6191086769104004
2025-12-06 04:02:29,940 - utils - INFO - Step 3520:
2025-12-06 04:02:29,940 - utils - INFO -   Policy Loss: 0.0000
2025-12-06 04:02:29,940 - utils - INFO -   Value Loss: 0.1564
2025-12-06 04:02:29,940 - utils - INFO -   Reward Mean: -0.0000
2025-12-06 04:02:29,940 - utils - INFO -   KL Divergence: 0.0000
2025-12-06 04:02:32,422 - rlhf_trainer - WARNING - Early stopping due to large KL divergence: 0.6733645796775818
2025-12-06 04:02:34,461 - rlhf_trainer - WARNING - Early stopping due to large KL divergence: 0.5778470635414124
2025-12-06 04:02:36,815 - rlhf_trainer - WARNING - Early stopping due to large KL divergence: 0.023178592324256897
2025-12-06 04:02:39,180 - rlhf_trainer - WARNING - Early stopping due to large KL divergence: 61103388229632.0
2025-12-06 04:02:41,862 - rlhf_trainer - WARNING - Early stopping due to large KL divergence: 5.705589294433594
2025-12-06 04:02:44,687 - rlhf_trainer - WARNING - Early stopping due to large KL divergence: 3.9251224994659424
2025-12-06 04:02:47,335 - rlhf_trainer - WARNING - Early stopping due to large KL divergence: 0.6614137291908264
2025-12-06 04:02:50,881 - rlhf_trainer - WARNING - Early stopping due to large KL divergence: 1.1925405360846448e+27
2025-12-06 04:02:53,285 - rlhf_trainer - WARNING - Early stopping due to large KL divergence: 192675001139200.0
2025-12-06 04:02:57,631 - rlhf_trainer - WARNING - Early stopping due to large KL divergence: inf
2025-12-06 04:02:57,639 - utils - INFO - Step 3530:
2025-12-06 04:02:57,639 - utils - INFO -   Policy Loss: 0.0000
2025-12-06 04:02:57,640 - utils - INFO -   Value Loss: 1.3969
2025-12-06 04:02:57,640 - utils - INFO -   Reward Mean: 0.0000
2025-12-06 04:02:57,640 - utils - INFO -   KL Divergence: 0.0000
2025-12-06 04:03:00,219 - rlhf_trainer - WARNING - Early stopping due to large KL divergence: 0.7150043249130249
2025-12-06 04:03:02,900 - rlhf_trainer - WARNING - Early stopping due to large KL divergence: 9.565617561340332
2025-12-06 04:03:05,300 - rlhf_trainer - WARNING - Early stopping due to large KL divergence: 25.0689754486084
2025-12-06 04:03:07,673 - rlhf_trainer - WARNING - Early stopping due to large KL divergence: 4.058908462524414
2025-12-06 04:03:10,354 - rlhf_trainer - WARNING - Early stopping due to large KL divergence: 5.499809265136719
2025-12-06 04:03:13,394 - rlhf_trainer - WARNING - Early stopping due to large KL divergence: 10.825729370117188
2025-12-06 04:03:15,956 - rlhf_trainer - WARNING - Early stopping due to large KL divergence: 4.475522994995117
2025-12-06 04:03:19,097 - rlhf_trainer - WARNING - Early stopping due to large KL divergence: 56.53769302368164
2025-12-06 04:03:22,320 - rlhf_trainer - WARNING - Early stopping due to large KL divergence: 15.003133773803711
2025-12-06 04:03:24,916 - rlhf_trainer - WARNING - Early stopping due to large KL divergence: 1.2279467582702637
2025-12-06 04:03:24,920 - utils - INFO - Step 3540:
2025-12-06 04:03:24,920 - utils - INFO -   Policy Loss: -0.0000
2025-12-06 04:03:24,920 - utils - INFO -   Value Loss: 0.1223
2025-12-06 04:03:24,920 - utils - INFO -   Reward Mean: -0.0000
2025-12-06 04:03:24,920 - utils - INFO -   KL Divergence: 0.0000
2025-12-06 04:03:27,441 - rlhf_trainer - WARNING - Early stopping due to large KL divergence: 1.6879653930664062
2025-12-06 04:03:30,043 - rlhf_trainer - WARNING - Early stopping due to large KL divergence: 3.8767449855804443
2025-12-06 04:03:32,615 - rlhf_trainer - WARNING - Early stopping due to large KL divergence: 42.0053825378418
2025-12-06 04:03:35,129 - rlhf_trainer - WARNING - Early stopping due to large KL divergence: 3.996075391769409
2025-12-06 04:03:38,784 - rlhf_trainer - WARNING - Early stopping due to large KL divergence: 2.0975776453080346e+27
2025-12-06 04:03:41,243 - rlhf_trainer - WARNING - Early stopping due to large KL divergence: 0.0279378741979599
2025-12-06 04:03:43,747 - rlhf_trainer - WARNING - Early stopping due to large KL divergence: 34309383651328.0
2025-12-06 04:03:46,326 - rlhf_trainer - WARNING - Early stopping due to large KL divergence: 60.98927688598633
2025-12-06 04:03:48,838 - rlhf_trainer - WARNING - Early stopping due to large KL divergence: 0.9549492001533508
2025-12-06 04:03:51,299 - rlhf_trainer - WARNING - Early stopping due to large KL divergence: 35614.23828125
2025-12-06 04:03:51,303 - utils - INFO - Step 3550:
2025-12-06 04:03:51,303 - utils - INFO -   Policy Loss: -0.0000
2025-12-06 04:03:51,303 - utils - INFO -   Value Loss: 0.3194
2025-12-06 04:03:51,303 - utils - INFO -   Reward Mean: 0.0000
2025-12-06 04:03:51,303 - utils - INFO -   KL Divergence: 0.0000
2025-12-06 04:03:53,906 - rlhf_trainer - WARNING - Early stopping due to large KL divergence: 0.6282868981361389
2025-12-06 04:03:56,359 - rlhf_trainer - WARNING - Early stopping due to large KL divergence: 0.4680955410003662
2025-12-06 04:03:58,993 - rlhf_trainer - WARNING - Early stopping due to large KL divergence: 8.827225685119629
2025-12-06 04:04:01,632 - rlhf_trainer - WARNING - Early stopping due to large KL divergence: 11.476371765136719
2025-12-06 04:04:04,310 - rlhf_trainer - WARNING - Early stopping due to large KL divergence: 3.7541656494140625
2025-12-06 04:04:06,809 - rlhf_trainer - WARNING - Early stopping due to large KL divergence: 0.09502355754375458
2025-12-06 04:04:09,252 - rlhf_trainer - WARNING - Early stopping due to large KL divergence: 4.106742587635794e+17
2025-12-06 04:04:12,231 - rlhf_trainer - WARNING - Early stopping due to large KL divergence: 1.2846829891204834
2025-12-06 04:04:14,770 - rlhf_trainer - WARNING - Early stopping due to large KL divergence: 1.2377710342407227
2025-12-06 04:04:17,195 - rlhf_trainer - WARNING - Early stopping due to large KL divergence: 4.622734546661377
2025-12-06 04:04:17,200 - utils - INFO - Step 3560:
2025-12-06 04:04:17,200 - utils - INFO -   Policy Loss: -0.0000
2025-12-06 04:04:17,200 - utils - INFO -   Value Loss: 0.1718
2025-12-06 04:04:17,200 - utils - INFO -   Reward Mean: 0.0000
2025-12-06 04:04:17,200 - utils - INFO -   KL Divergence: 0.0000
2025-12-06 04:04:19,690 - rlhf_trainer - WARNING - Early stopping due to large KL divergence: 199.76901245117188
2025-12-06 04:04:22,071 - rlhf_trainer - WARNING - Early stopping due to large KL divergence: 5.286514759063721
2025-12-06 04:04:24,581 - rlhf_trainer - WARNING - Early stopping due to large KL divergence: 1.491880178451538
2025-12-06 04:04:26,942 - rlhf_trainer - WARNING - Early stopping due to large KL divergence: 1.5332703590393066
2025-12-06 04:04:31,443 - rlhf_trainer - WARNING - Early stopping due to large KL divergence: 2.1344264372467647e+21
2025-12-06 04:04:34,128 - rlhf_trainer - WARNING - Early stopping due to large KL divergence: 2.5954705554066637e+17
2025-12-06 04:04:36,579 - rlhf_trainer - WARNING - Early stopping due to large KL divergence: 279.2531433105469
2025-12-06 04:04:38,943 - rlhf_trainer - WARNING - Early stopping due to large KL divergence: 403.5990295410156
2025-12-06 04:04:41,431 - rlhf_trainer - WARNING - Early stopping due to large KL divergence: 162.39646911621094
2025-12-06 04:04:43,959 - rlhf_trainer - WARNING - Early stopping due to large KL divergence: 157.6046905517578
2025-12-06 04:04:43,962 - utils - INFO - Step 3570:
2025-12-06 04:04:43,962 - utils - INFO -   Policy Loss: 0.0000
2025-12-06 04:04:43,962 - utils - INFO -   Value Loss: 0.1867
2025-12-06 04:04:43,962 - utils - INFO -   Reward Mean: -0.0000
2025-12-06 04:04:43,963 - utils - INFO -   KL Divergence: 0.0000
2025-12-06 04:04:46,483 - rlhf_trainer - WARNING - Early stopping due to large KL divergence: 20.46392250061035
2025-12-06 04:04:48,827 - rlhf_trainer - WARNING - Early stopping due to large KL divergence: 405.1678161621094
2025-12-06 04:04:51,272 - rlhf_trainer - WARNING - Early stopping due to large KL divergence: 0.026265889406204224
2025-12-06 04:04:53,673 - rlhf_trainer - WARNING - Early stopping due to large KL divergence: 2472.30419921875
2025-12-06 04:04:56,130 - rlhf_trainer - WARNING - Early stopping due to large KL divergence: 69253.9375
2025-12-06 04:04:58,602 - rlhf_trainer - WARNING - Early stopping due to large KL divergence: 10293474.0
2025-12-06 04:05:00,891 - rlhf_trainer - WARNING - Early stopping due to large KL divergence: 605340.125
2025-12-06 04:05:03,259 - rlhf_trainer - WARNING - Early stopping due to large KL divergence: 58027.65234375
2025-12-06 04:05:09,074 - rlhf_trainer - WARNING - Early stopping due to large KL divergence: 10.758084297180176
2025-12-06 04:05:09,078 - utils - INFO - Step 3580:
2025-12-06 04:05:09,078 - utils - INFO -   Policy Loss: 0.0000
2025-12-06 04:05:09,078 - utils - INFO -   Value Loss: 0.1075
2025-12-06 04:05:09,078 - utils - INFO -   Reward Mean: 0.0000
2025-12-06 04:05:09,078 - utils - INFO -   KL Divergence: 0.0000
2025-12-06 04:05:11,654 - rlhf_trainer - WARNING - Early stopping due to large KL divergence: 0.8748877048492432
2025-12-06 04:05:14,006 - rlhf_trainer - WARNING - Early stopping due to large KL divergence: 2.6396260261535645
2025-12-06 04:05:16,441 - rlhf_trainer - WARNING - Early stopping due to large KL divergence: 5.0554656982421875
2025-12-06 04:05:20,880 - rlhf_trainer - WARNING - Early stopping due to large KL divergence: 45943453908992.0
2025-12-06 04:05:23,250 - rlhf_trainer - WARNING - Early stopping due to large KL divergence: 4.674805164337158
2025-12-06 04:05:25,843 - rlhf_trainer - WARNING - Early stopping due to large KL divergence: 0.6185527443885803
2025-12-06 04:05:28,244 - rlhf_trainer - WARNING - Early stopping due to large KL divergence: 3.2409591674804688
2025-12-06 04:05:30,883 - rlhf_trainer - WARNING - Early stopping due to large KL divergence: 729367.0
2025-12-06 04:05:33,456 - rlhf_trainer - WARNING - Early stopping due to large KL divergence: 4.444932460784912
2025-12-06 04:05:35,978 - rlhf_trainer - WARNING - Early stopping due to large KL divergence: 13.613058090209961
2025-12-06 04:05:35,982 - utils - INFO - Step 3590:
2025-12-06 04:05:35,982 - utils - INFO -   Policy Loss: -0.0000
2025-12-06 04:05:35,982 - utils - INFO -   Value Loss: 0.1474
2025-12-06 04:05:35,982 - utils - INFO -   Reward Mean: 0.0000
2025-12-06 04:05:35,982 - utils - INFO -   KL Divergence: 0.0000
2025-12-06 04:05:38,335 - rlhf_trainer - WARNING - Early stopping due to large KL divergence: 16.52770233154297
2025-12-06 04:05:40,717 - rlhf_trainer - WARNING - Early stopping due to large KL divergence: 0.03312958776950836
2025-12-06 04:05:43,444 - rlhf_trainer - WARNING - Early stopping due to large KL divergence: 1.6333733797073364
2025-12-06 04:05:45,792 - rlhf_trainer - WARNING - Early stopping due to large KL divergence: 166.76913452148438
2025-12-06 04:05:48,161 - rlhf_trainer - WARNING - Early stopping due to large KL divergence: 154649.5
2025-12-06 04:05:50,515 - rlhf_trainer - WARNING - Early stopping due to large KL divergence: 1132980.375
2025-12-06 04:05:52,888 - rlhf_trainer - WARNING - Early stopping due to large KL divergence: 851467.5
2025-12-06 04:05:55,308 - rlhf_trainer - WARNING - Early stopping due to large KL divergence: 404.3468933105469
2025-12-06 04:05:58,184 - rlhf_trainer - WARNING - Early stopping due to large KL divergence: 419439616.0
2025-12-06 04:06:00,893 - rlhf_trainer - WARNING - Early stopping due to large KL divergence: 0.41040098667144775
2025-12-06 04:06:00,896 - utils - INFO - Step 3600:
2025-12-06 04:06:00,896 - utils - INFO -   Policy Loss: 0.0000
2025-12-06 04:06:00,896 - utils - INFO -   Value Loss: 0.1385
2025-12-06 04:06:00,896 - utils - INFO -   Reward Mean: 0.0000
2025-12-06 04:06:00,897 - utils - INFO -   KL Divergence: 0.0000
2025-12-06 04:06:03,824 - rlhf_trainer - WARNING - Early stopping due to large KL divergence: 568936332525568.0
2025-12-06 04:06:05,705 - rlhf_trainer - WARNING - Early stopping due to large KL divergence: 0.047913312911987305
2025-12-06 04:06:08,118 - rlhf_trainer - WARNING - Early stopping due to large KL divergence: 0.30594414472579956
2025-12-06 04:06:10,637 - rlhf_trainer - WARNING - Early stopping due to large KL divergence: 5.116703510284424
2025-12-06 04:06:14,220 - rlhf_trainer - WARNING - Early stopping due to large KL divergence: 4.407330614589676e+29
2025-12-06 04:06:16,798 - rlhf_trainer - WARNING - Early stopping due to large KL divergence: 3.3610854148864746
2025-12-06 04:06:19,280 - rlhf_trainer - WARNING - Early stopping due to large KL divergence: 2.95162296295166
2025-12-06 04:06:21,701 - rlhf_trainer - WARNING - Early stopping due to large KL divergence: 20.403095245361328
2025-12-06 04:06:24,139 - rlhf_trainer - WARNING - Early stopping due to large KL divergence: 3.1885266304016113
2025-12-06 04:06:26,624 - rlhf_trainer - WARNING - Early stopping due to large KL divergence: 0.27115947008132935
2025-12-06 04:06:26,628 - utils - INFO - Step 3610:
2025-12-06 04:06:26,628 - utils - INFO -   Policy Loss: -0.0000
2025-12-06 04:06:26,628 - utils - INFO -   Value Loss: 0.0999
2025-12-06 04:06:26,628 - utils - INFO -   Reward Mean: -0.0000
2025-12-06 04:06:26,628 - utils - INFO -   KL Divergence: 0.0000
2025-12-06 04:06:29,037 - rlhf_trainer - WARNING - Early stopping due to large KL divergence: 3.1041479110717773
2025-12-06 04:06:31,515 - rlhf_trainer - WARNING - Early stopping due to large KL divergence: 5.344978332519531
2025-12-06 04:06:33,917 - rlhf_trainer - WARNING - Early stopping due to large KL divergence: 4.560954570770264
2025-12-06 04:06:36,333 - rlhf_trainer - WARNING - Early stopping due to large KL divergence: 2.288551092147827
2025-12-06 04:06:39,053 - rlhf_trainer - WARNING - Early stopping due to large KL divergence: 13323.6767578125
2025-12-06 04:06:42,159 - rlhf_trainer - WARNING - Early stopping due to large KL divergence: 3.686655282974243
2025-12-06 04:06:45,010 - rlhf_trainer - WARNING - Early stopping due to large KL divergence: 4.312788963317871
2025-12-06 04:06:47,925 - rlhf_trainer - WARNING - Early stopping due to large KL divergence: 2.779143810272217
2025-12-06 04:06:50,283 - rlhf_trainer - WARNING - Early stopping due to large KL divergence: 6.882652759552002
2025-12-06 04:06:52,674 - rlhf_trainer - WARNING - Early stopping due to large KL divergence: 20335.779296875
2025-12-06 04:06:52,677 - utils - INFO - Step 3620:
2025-12-06 04:06:52,677 - utils - INFO -   Policy Loss: 0.0000
2025-12-06 04:06:52,677 - utils - INFO -   Value Loss: 0.1864
2025-12-06 04:06:52,677 - utils - INFO -   Reward Mean: 0.0000
2025-12-06 04:06:52,677 - utils - INFO -   KL Divergence: 0.0000
2025-12-06 04:06:55,107 - rlhf_trainer - WARNING - Early stopping due to large KL divergence: 334.3896484375
2025-12-06 04:06:57,518 - rlhf_trainer - WARNING - Early stopping due to large KL divergence: 0.18567389249801636
2025-12-06 04:06:59,418 - rlhf_trainer - WARNING - Early stopping due to large KL divergence: 0.03226688504219055
2025-12-06 04:07:02,348 - rlhf_trainer - WARNING - Early stopping due to large KL divergence: 7.208460330963135
2025-12-06 04:07:05,149 - rlhf_trainer - WARNING - Early stopping due to large KL divergence: 1.790194034576416
2025-12-06 04:07:07,564 - rlhf_trainer - WARNING - Early stopping due to large KL divergence: 4.492378234863281
2025-12-06 04:07:09,992 - rlhf_trainer - WARNING - Early stopping due to large KL divergence: 24.776248931884766
2025-12-06 04:07:12,461 - rlhf_trainer - WARNING - Early stopping due to large KL divergence: 19.741718292236328
2025-12-06 04:07:14,855 - rlhf_trainer - WARNING - Early stopping due to large KL divergence: 1.7287653684616089
2025-12-06 04:07:17,245 - rlhf_trainer - WARNING - Early stopping due to large KL divergence: 1.6284418106079102
2025-12-06 04:07:17,249 - utils - INFO - Step 3630:
2025-12-06 04:07:17,249 - utils - INFO -   Policy Loss: -0.0000
2025-12-06 04:07:17,249 - utils - INFO -   Value Loss: 0.0764
2025-12-06 04:07:17,249 - utils - INFO -   Reward Mean: 0.0000
2025-12-06 04:07:17,249 - utils - INFO -   KL Divergence: 0.0000
2025-12-06 04:07:19,709 - rlhf_trainer - WARNING - Early stopping due to large KL divergence: 0.030702024698257446
2025-12-06 04:07:22,109 - rlhf_trainer - WARNING - Early stopping due to large KL divergence: 3.287588119506836
2025-12-06 04:07:25,218 - rlhf_trainer - WARNING - Early stopping due to large KL divergence: 2.4747965335845947
2025-12-06 04:07:27,908 - rlhf_trainer - WARNING - Early stopping due to large KL divergence: 112.11660766601562
2025-12-06 04:07:30,897 - rlhf_trainer - WARNING - Early stopping due to large KL divergence: 2878.071533203125
2025-12-06 04:07:33,276 - rlhf_trainer - WARNING - Early stopping due to large KL divergence: 0.12909163534641266
2025-12-06 04:07:35,764 - rlhf_trainer - WARNING - Early stopping due to large KL divergence: 4.973888397216797
2025-12-06 04:07:38,332 - rlhf_trainer - WARNING - Early stopping due to large KL divergence: 0.6698258519172668
2025-12-06 04:07:40,926 - rlhf_trainer - WARNING - Early stopping due to large KL divergence: 85.06561279296875
2025-12-06 04:07:43,482 - rlhf_trainer - WARNING - Early stopping due to large KL divergence: 2.002286911010742
2025-12-06 04:07:43,485 - utils - INFO - Step 3640:
2025-12-06 04:07:43,485 - utils - INFO -   Policy Loss: 0.0000
2025-12-06 04:07:43,485 - utils - INFO -   Value Loss: 0.1356
2025-12-06 04:07:43,485 - utils - INFO -   Reward Mean: 0.0000
2025-12-06 04:07:43,486 - utils - INFO -   KL Divergence: 0.0000
2025-12-06 04:07:45,927 - rlhf_trainer - WARNING - Early stopping due to large KL divergence: 3.765251398086548
2025-12-06 04:07:48,438 - rlhf_trainer - WARNING - Early stopping due to large KL divergence: 6.594182968139648
2025-12-06 04:07:50,981 - rlhf_trainer - WARNING - Early stopping due to large KL divergence: 2.1678318977355957
2025-12-06 04:07:53,652 - rlhf_trainer - WARNING - Early stopping due to large KL divergence: 5.1490397453308105
2025-12-06 04:07:56,236 - rlhf_trainer - WARNING - Early stopping due to large KL divergence: 8.52818489074707
2025-12-06 04:07:58,740 - rlhf_trainer - WARNING - Early stopping due to large KL divergence: 61.32612991333008
2025-12-06 04:08:01,594 - rlhf_trainer - WARNING - Early stopping due to large KL divergence: 0.07797110080718994
2025-12-06 04:08:04,765 - rlhf_trainer - WARNING - Early stopping due to large KL divergence: 6.280672073364258
2025-12-06 04:08:07,457 - rlhf_trainer - WARNING - Early stopping due to large KL divergence: 1.6156284809112549
2025-12-06 04:08:10,255 - rlhf_trainer - WARNING - Early stopping due to large KL divergence: 15.762628555297852
2025-12-06 04:08:10,259 - utils - INFO - Step 3650:
2025-12-06 04:08:10,259 - utils - INFO -   Policy Loss: 0.0000
2025-12-06 04:08:10,259 - utils - INFO -   Value Loss: 0.0784
2025-12-06 04:08:10,259 - utils - INFO -   Reward Mean: -0.0000
2025-12-06 04:08:10,259 - utils - INFO -   KL Divergence: 0.0000
2025-12-06 04:08:12,919 - rlhf_trainer - WARNING - Early stopping due to large KL divergence: 1.142392873764038
2025-12-06 04:08:15,435 - rlhf_trainer - WARNING - Early stopping due to large KL divergence: 9.100592613220215
2025-12-06 04:08:18,272 - rlhf_trainer - WARNING - Early stopping due to large KL divergence: 1.322856068611145
2025-12-06 04:08:20,964 - rlhf_trainer - WARNING - Early stopping due to large KL divergence: 65.60202026367188
2025-12-06 04:08:27,091 - rlhf_trainer - WARNING - Early stopping due to large KL divergence: 0.8014652729034424
2025-12-06 04:08:29,821 - rlhf_trainer - WARNING - Early stopping due to large KL divergence: 3.775094509124756
2025-12-06 04:08:32,557 - rlhf_trainer - WARNING - Early stopping due to large KL divergence: 2.4712915420532227
2025-12-06 04:08:35,272 - rlhf_trainer - WARNING - Early stopping due to large KL divergence: 3882.96337890625
2025-12-06 04:08:39,874 - rlhf_trainer - WARNING - Early stopping due to large KL divergence: 8.133848372705493e+19
2025-12-06 04:08:39,879 - utils - INFO - Step 3660:
2025-12-06 04:08:39,879 - utils - INFO -   Policy Loss: 0.0000
2025-12-06 04:08:39,879 - utils - INFO -   Value Loss: 0.1644
2025-12-06 04:08:39,879 - utils - INFO -   Reward Mean: 0.0000
2025-12-06 04:08:39,879 - utils - INFO -   KL Divergence: 0.0000
2025-12-06 04:08:42,608 - rlhf_trainer - WARNING - Early stopping due to large KL divergence: 3.500370574488511e+36
2025-12-06 04:08:45,126 - rlhf_trainer - WARNING - Early stopping due to large KL divergence: 6.560310101292566e+28
2025-12-06 04:08:47,988 - rlhf_trainer - WARNING - Early stopping due to large KL divergence: inf
2025-12-06 04:08:50,622 - rlhf_trainer - WARNING - Early stopping due to large KL divergence: inf
2025-12-06 04:08:53,297 - rlhf_trainer - WARNING - Early stopping due to large KL divergence: 3.0141502434880906e+22
2025-12-06 04:08:55,878 - rlhf_trainer - WARNING - Early stopping due to large KL divergence: 1.123221516609192
2025-12-06 04:08:58,482 - rlhf_trainer - WARNING - Early stopping due to large KL divergence: 1.5957554578781128
2025-12-06 04:09:01,065 - rlhf_trainer - WARNING - Early stopping due to large KL divergence: 39032940.0
2025-12-06 04:09:03,580 - rlhf_trainer - WARNING - Early stopping due to large KL divergence: 31.223501205444336
2025-12-06 04:09:06,283 - rlhf_trainer - WARNING - Early stopping due to large KL divergence: 278.79168701171875
2025-12-06 04:09:06,287 - utils - INFO - Step 3670:
2025-12-06 04:09:06,287 - utils - INFO -   Policy Loss: 0.0000
2025-12-06 04:09:06,287 - utils - INFO -   Value Loss: 0.2335
2025-12-06 04:09:06,287 - utils - INFO -   Reward Mean: 0.0000
2025-12-06 04:09:06,287 - utils - INFO -   KL Divergence: 0.0000
2025-12-06 04:09:08,928 - rlhf_trainer - WARNING - Early stopping due to large KL divergence: 0.5197995901107788
2025-12-06 04:09:11,527 - rlhf_trainer - WARNING - Early stopping due to large KL divergence: 17275.1328125
2025-12-06 04:09:14,239 - rlhf_trainer - WARNING - Early stopping due to large KL divergence: 2332.401611328125
2025-12-06 04:09:17,100 - rlhf_trainer - WARNING - Early stopping due to large KL divergence: 4.672484397888184
2025-12-06 04:09:19,980 - rlhf_trainer - WARNING - Early stopping due to large KL divergence: 0.5243492126464844
2025-12-06 04:09:22,672 - rlhf_trainer - WARNING - Early stopping due to large KL divergence: 1.7037441730499268
2025-12-06 04:09:25,242 - rlhf_trainer - WARNING - Early stopping due to large KL divergence: 6.529922008514404
2025-12-06 04:09:27,776 - rlhf_trainer - WARNING - Early stopping due to large KL divergence: 5.163500785827637
2025-12-06 04:09:30,497 - rlhf_trainer - WARNING - Early stopping due to large KL divergence: 3.2146730422973633
2025-12-06 04:09:33,562 - rlhf_trainer - WARNING - Early stopping due to large KL divergence: 0.22457069158554077
2025-12-06 04:09:33,567 - utils - INFO - Step 3680:
2025-12-06 04:09:33,567 - utils - INFO -   Policy Loss: 0.0000
2025-12-06 04:09:33,567 - utils - INFO -   Value Loss: 0.1118
2025-12-06 04:09:33,567 - utils - INFO -   Reward Mean: 0.0000
2025-12-06 04:09:33,567 - utils - INFO -   KL Divergence: 0.0000
2025-12-06 04:09:36,149 - rlhf_trainer - WARNING - Early stopping due to large KL divergence: 41284102258688.0
2025-12-06 04:09:39,347 - rlhf_trainer - WARNING - Early stopping due to large KL divergence: 1.680527687072754
2025-12-06 04:09:42,061 - rlhf_trainer - WARNING - Early stopping due to large KL divergence: 7.123364448547363
2025-12-06 04:09:44,594 - rlhf_trainer - WARNING - Early stopping due to large KL divergence: 23.35626792907715
2025-12-06 04:09:47,079 - rlhf_trainer - WARNING - Early stopping due to large KL divergence: 64249.265625
2025-12-06 04:09:49,752 - rlhf_trainer - WARNING - Early stopping due to large KL divergence: 261334.46875
2025-12-06 04:09:53,038 - rlhf_trainer - WARNING - Early stopping due to large KL divergence: 0.03131374716758728
2025-12-06 04:09:55,776 - rlhf_trainer - WARNING - Early stopping due to large KL divergence: 14449566.0
2025-12-06 04:09:59,264 - rlhf_trainer - WARNING - Early stopping due to large KL divergence: 14121564.0
2025-12-06 04:10:01,827 - rlhf_trainer - WARNING - Early stopping due to large KL divergence: 365.81341552734375
2025-12-06 04:10:01,831 - utils - INFO - Step 3690:
2025-12-06 04:10:01,831 - utils - INFO -   Policy Loss: 0.0000
2025-12-06 04:10:01,831 - utils - INFO -   Value Loss: 0.1285
2025-12-06 04:10:01,831 - utils - INFO -   Reward Mean: -0.0000
2025-12-06 04:10:01,831 - utils - INFO -   KL Divergence: 0.0000
2025-12-06 04:10:04,428 - rlhf_trainer - WARNING - Early stopping due to large KL divergence: 1.7875125408172607
2025-12-06 04:10:07,541 - rlhf_trainer - WARNING - Early stopping due to large KL divergence: 0.8895785212516785
2025-12-06 04:10:10,817 - rlhf_trainer - WARNING - Early stopping due to large KL divergence: 336.20416259765625
2025-12-06 04:10:13,557 - rlhf_trainer - WARNING - Early stopping due to large KL divergence: 1.8077870607376099
2025-12-06 04:10:16,304 - rlhf_trainer - WARNING - Early stopping due to large KL divergence: 9.910694122314453
2025-12-06 04:10:19,119 - rlhf_trainer - WARNING - Early stopping due to large KL divergence: 1.2601110935211182
2025-12-06 04:10:22,227 - rlhf_trainer - WARNING - Early stopping due to large KL divergence: 0.33580243587493896
2025-12-06 04:10:24,240 - rlhf_trainer - WARNING - Early stopping due to large KL divergence: 0.02320493757724762
2025-12-06 04:10:26,958 - rlhf_trainer - WARNING - Early stopping due to large KL divergence: 3.0465989112854004
2025-12-06 04:10:29,504 - rlhf_trainer - WARNING - Early stopping due to large KL divergence: 4.828868389129639
2025-12-06 04:10:29,509 - utils - INFO - Step 3700:
2025-12-06 04:10:29,509 - utils - INFO -   Policy Loss: 0.0000
2025-12-06 04:10:29,509 - utils - INFO -   Value Loss: 0.2033
2025-12-06 04:10:29,509 - utils - INFO -   Reward Mean: -0.0000
2025-12-06 04:10:29,509 - utils - INFO -   KL Divergence: 0.0000
2025-12-06 04:10:31,560 - rlhf_trainer - WARNING - Early stopping due to large KL divergence: 0.08214926719665527
2025-12-06 04:10:34,344 - rlhf_trainer - WARNING - Early stopping due to large KL divergence: 2.2313177585601807
2025-12-06 04:10:36,941 - rlhf_trainer - WARNING - Early stopping due to large KL divergence: 2.9844393730163574
2025-12-06 04:10:39,540 - rlhf_trainer - WARNING - Early stopping due to large KL divergence: 15.895755767822266
2025-12-06 04:10:42,584 - rlhf_trainer - WARNING - Early stopping due to large KL divergence: 2.9427719116210938
2025-12-06 04:10:44,618 - rlhf_trainer - WARNING - Early stopping due to large KL divergence: 0.025366097688674927
2025-12-06 04:10:47,235 - rlhf_trainer - WARNING - Early stopping due to large KL divergence: 0.08624498546123505
2025-12-06 04:10:49,773 - rlhf_trainer - WARNING - Early stopping due to large KL divergence: 8.94672679901123
2025-12-06 04:10:52,434 - rlhf_trainer - WARNING - Early stopping due to large KL divergence: 2.60332989692688
2025-12-06 04:10:55,167 - rlhf_trainer - WARNING - Early stopping due to large KL divergence: 2.8902087211608887
2025-12-06 04:10:55,171 - utils - INFO - Step 3710:
2025-12-06 04:10:55,172 - utils - INFO -   Policy Loss: 0.0000
2025-12-06 04:10:55,172 - utils - INFO -   Value Loss: 0.1849
2025-12-06 04:10:55,172 - utils - INFO -   Reward Mean: 0.0000
2025-12-06 04:10:55,172 - utils - INFO -   KL Divergence: 0.0000
2025-12-06 04:10:57,965 - rlhf_trainer - WARNING - Early stopping due to large KL divergence: 6.260931491851807
2025-12-06 04:11:00,533 - rlhf_trainer - WARNING - Early stopping due to large KL divergence: 4.89698600769043
2025-12-06 04:11:03,286 - rlhf_trainer - WARNING - Early stopping due to large KL divergence: 33.88114929199219
2025-12-06 04:11:05,856 - rlhf_trainer - WARNING - Early stopping due to large KL divergence: 47847520.0
2025-12-06 04:11:08,423 - rlhf_trainer - WARNING - Early stopping due to large KL divergence: 2.237133741378784
2025-12-06 04:11:11,115 - rlhf_trainer - WARNING - Early stopping due to large KL divergence: 1.6994353532791138
2025-12-06 04:11:13,905 - rlhf_trainer - WARNING - Early stopping due to large KL divergence: 2.4312665462493896
2025-12-06 04:11:16,845 - rlhf_trainer - WARNING - Early stopping due to large KL divergence: 8.866895192813802e+23
2025-12-06 04:11:19,402 - rlhf_trainer - WARNING - Early stopping due to large KL divergence: 1.3812671899795532
2025-12-06 04:11:22,227 - rlhf_trainer - WARNING - Early stopping due to large KL divergence: 4.461113929748535
2025-12-06 04:11:22,231 - utils - INFO - Step 3720:
2025-12-06 04:11:22,231 - utils - INFO -   Policy Loss: 0.0000
2025-12-06 04:11:22,231 - utils - INFO -   Value Loss: 0.0535
2025-12-06 04:11:22,231 - utils - INFO -   Reward Mean: -0.0000
2025-12-06 04:11:22,231 - utils - INFO -   KL Divergence: 0.0000
2025-12-06 04:11:24,753 - rlhf_trainer - WARNING - Early stopping due to large KL divergence: 1.6199942827224731
2025-12-06 04:11:27,277 - rlhf_trainer - WARNING - Early stopping due to large KL divergence: 2.2346432209014893
2025-12-06 04:11:30,792 - rlhf_trainer - WARNING - Early stopping due to large KL divergence: inf
2025-12-06 04:11:33,926 - rlhf_trainer - WARNING - Early stopping due to large KL divergence: 9.26245403289795
2025-12-06 04:11:36,755 - rlhf_trainer - WARNING - Early stopping due to large KL divergence: 29.670005798339844
2025-12-06 04:11:39,529 - rlhf_trainer - WARNING - Early stopping due to large KL divergence: 7.870499610900879
2025-12-06 04:11:42,731 - rlhf_trainer - WARNING - Early stopping due to large KL divergence: 1.0953319072723389
2025-12-06 04:11:45,345 - rlhf_trainer - WARNING - Early stopping due to large KL divergence: 5057065984.0
2025-12-06 04:11:47,977 - rlhf_trainer - WARNING - Early stopping due to large KL divergence: 39.63031005859375
2025-12-06 04:11:50,684 - rlhf_trainer - WARNING - Early stopping due to large KL divergence: 1.470160722732544
2025-12-06 04:11:50,688 - utils - INFO - Step 3730:
2025-12-06 04:11:50,688 - utils - INFO -   Policy Loss: 0.0000
2025-12-06 04:11:50,689 - utils - INFO -   Value Loss: 0.1385
2025-12-06 04:11:50,689 - utils - INFO -   Reward Mean: -0.0000
2025-12-06 04:11:50,689 - utils - INFO -   KL Divergence: 0.0000
2025-12-06 04:11:53,227 - rlhf_trainer - WARNING - Early stopping due to large KL divergence: 13.152460098266602
2025-12-06 04:11:56,216 - rlhf_trainer - WARNING - Early stopping due to large KL divergence: 247782304.0
2025-12-06 04:11:59,070 - rlhf_trainer - WARNING - Early stopping due to large KL divergence: 10.549093246459961
2025-12-06 04:12:01,777 - rlhf_trainer - WARNING - Early stopping due to large KL divergence: 16615253999616.0
2025-12-06 04:12:04,365 - rlhf_trainer - WARNING - Early stopping due to large KL divergence: 1.4262510538101196
2025-12-06 04:12:06,883 - rlhf_trainer - WARNING - Early stopping due to large KL divergence: 8.38062858581543
2025-12-06 04:12:09,442 - rlhf_trainer - WARNING - Early stopping due to large KL divergence: 0.18813568353652954
2025-12-06 04:12:12,018 - rlhf_trainer - WARNING - Early stopping due to large KL divergence: 2.62384033203125
2025-12-06 04:12:14,559 - rlhf_trainer - WARNING - Early stopping due to large KL divergence: 0.4555574357509613
2025-12-06 04:12:17,332 - rlhf_trainer - WARNING - Early stopping due to large KL divergence: 13.650997161865234
2025-12-06 04:12:17,336 - utils - INFO - Step 3740:
2025-12-06 04:12:17,336 - utils - INFO -   Policy Loss: 0.0000
2025-12-06 04:12:17,337 - utils - INFO -   Value Loss: 0.1927
2025-12-06 04:12:17,337 - utils - INFO -   Reward Mean: 0.0000
2025-12-06 04:12:17,337 - utils - INFO -   KL Divergence: 0.0000
2025-12-06 04:12:19,905 - rlhf_trainer - WARNING - Early stopping due to large KL divergence: 1.3408188819885254
2025-12-06 04:12:22,426 - rlhf_trainer - WARNING - Early stopping due to large KL divergence: 0.7357478141784668
2025-12-06 04:12:26,078 - rlhf_trainer - WARNING - Early stopping due to large KL divergence: 245771.03125
2025-12-06 04:12:28,771 - rlhf_trainer - WARNING - Early stopping due to large KL divergence: 45.34755325317383
2025-12-06 04:12:31,576 - rlhf_trainer - WARNING - Early stopping due to large KL divergence: 1815374093877248.0
2025-12-06 04:12:33,585 - rlhf_trainer - WARNING - Early stopping due to large KL divergence: 0.35460296273231506
2025-12-06 04:12:36,224 - rlhf_trainer - WARNING - Early stopping due to large KL divergence: 1.197858214378357
2025-12-06 04:12:39,483 - rlhf_trainer - WARNING - Early stopping due to large KL divergence: 12861.1865234375
2025-12-06 04:12:42,064 - rlhf_trainer - WARNING - Early stopping due to large KL divergence: 0.5148426294326782
2025-12-06 04:12:45,135 - rlhf_trainer - WARNING - Early stopping due to large KL divergence: 0.6877915263175964
2025-12-06 04:12:45,139 - utils - INFO - Step 3750:
2025-12-06 04:12:45,140 - utils - INFO -   Policy Loss: 0.0000
2025-12-06 04:12:45,140 - utils - INFO -   Value Loss: 0.1370
2025-12-06 04:12:45,140 - utils - INFO -   Reward Mean: 0.0000
2025-12-06 04:12:45,140 - utils - INFO -   KL Divergence: 0.0000
2025-12-06 04:12:47,708 - rlhf_trainer - WARNING - Early stopping due to large KL divergence: 0.8320844173431396
2025-12-06 04:12:50,383 - rlhf_trainer - WARNING - Early stopping due to large KL divergence: 0.7655633091926575
2025-12-06 04:12:52,958 - rlhf_trainer - WARNING - Early stopping due to large KL divergence: 0.2869192957878113
2025-12-06 04:12:55,909 - rlhf_trainer - WARNING - Early stopping due to large KL divergence: 2.8307576179504395
2025-12-06 04:12:58,919 - rlhf_trainer - WARNING - Early stopping due to large KL divergence: 98.21163940429688
2025-12-06 04:13:02,114 - rlhf_trainer - WARNING - Early stopping due to large KL divergence: 1.0871286392211914
2025-12-06 04:13:04,707 - rlhf_trainer - WARNING - Early stopping due to large KL divergence: 1.4919078350067139
2025-12-06 04:13:07,294 - rlhf_trainer - WARNING - Early stopping due to large KL divergence: 90.74641418457031
2025-12-06 04:13:09,947 - rlhf_trainer - WARNING - Early stopping due to large KL divergence: 20.907917022705078
2025-12-06 04:13:13,208 - rlhf_trainer - WARNING - Early stopping due to large KL divergence: 1771.6668701171875
2025-12-06 04:13:13,212 - utils - INFO - Step 3760:
2025-12-06 04:13:13,212 - utils - INFO -   Policy Loss: 0.0000
2025-12-06 04:13:13,212 - utils - INFO -   Value Loss: 0.1315
2025-12-06 04:13:13,212 - utils - INFO -   Reward Mean: 0.0000
2025-12-06 04:13:13,212 - utils - INFO -   KL Divergence: 0.0000
2025-12-06 04:13:16,162 - rlhf_trainer - WARNING - Early stopping due to large KL divergence: 12466.78125
2025-12-06 04:13:18,878 - rlhf_trainer - WARNING - Early stopping due to large KL divergence: 8557665.0
2025-12-06 04:13:21,461 - rlhf_trainer - WARNING - Early stopping due to large KL divergence: 12893647872.0
2025-12-06 04:13:24,092 - rlhf_trainer - WARNING - Early stopping due to large KL divergence: 9358456.0
2025-12-06 04:13:26,597 - rlhf_trainer - WARNING - Early stopping due to large KL divergence: 0.19157344102859497
2025-12-06 04:13:29,123 - rlhf_trainer - WARNING - Early stopping due to large KL divergence: 2.2181735038757324
2025-12-06 04:13:31,798 - rlhf_trainer - WARNING - Early stopping due to large KL divergence: 3.24291729927063
2025-12-06 04:13:34,399 - rlhf_trainer - WARNING - Early stopping due to large KL divergence: 5.564809322357178
2025-12-06 04:13:36,994 - rlhf_trainer - WARNING - Early stopping due to large KL divergence: 2.161796808242798
2025-12-06 04:13:39,642 - rlhf_trainer - WARNING - Early stopping due to large KL divergence: 0.34320247173309326
2025-12-06 04:13:39,646 - utils - INFO - Step 3770:
2025-12-06 04:13:39,647 - utils - INFO -   Policy Loss: 0.0000
2025-12-06 04:13:39,647 - utils - INFO -   Value Loss: 0.0623
2025-12-06 04:13:39,647 - utils - INFO -   Reward Mean: -0.0000
2025-12-06 04:13:39,647 - utils - INFO -   KL Divergence: 0.0000
2025-12-06 04:13:43,475 - rlhf_trainer - WARNING - Early stopping due to large KL divergence: 6.275639533996582
2025-12-06 04:13:46,174 - rlhf_trainer - WARNING - Early stopping due to large KL divergence: 4108.05615234375
2025-12-06 04:13:48,748 - rlhf_trainer - WARNING - Early stopping due to large KL divergence: 64.77320861816406
2025-12-06 04:13:51,545 - rlhf_trainer - WARNING - Early stopping due to large KL divergence: 19.586584091186523
2025-12-06 04:13:54,115 - rlhf_trainer - WARNING - Early stopping due to large KL divergence: 5.429272174835205
2025-12-06 04:13:56,668 - rlhf_trainer - WARNING - Early stopping due to large KL divergence: 320.7698669433594
2025-12-06 04:13:59,518 - rlhf_trainer - WARNING - Early stopping due to large KL divergence: 464555.9375
2025-12-06 04:14:02,257 - rlhf_trainer - WARNING - Early stopping due to large KL divergence: 1649632384.0
2025-12-06 04:14:05,203 - rlhf_trainer - WARNING - Early stopping due to large KL divergence: 20697.390625
2025-12-06 04:14:07,853 - rlhf_trainer - WARNING - Early stopping due to large KL divergence: 1.1831687688827515
2025-12-06 04:14:07,858 - utils - INFO - Step 3780:
2025-12-06 04:14:07,858 - utils - INFO -   Policy Loss: 0.0000
2025-12-06 04:14:07,858 - utils - INFO -   Value Loss: 0.0695
2025-12-06 04:14:07,858 - utils - INFO -   Reward Mean: 0.0000
2025-12-06 04:14:07,858 - utils - INFO -   KL Divergence: 0.0000
2025-12-06 04:14:10,497 - rlhf_trainer - WARNING - Early stopping due to large KL divergence: 0.33483996987342834
2025-12-06 04:14:13,299 - rlhf_trainer - WARNING - Early stopping due to large KL divergence: 14000382.0
2025-12-06 04:14:16,013 - rlhf_trainer - WARNING - Early stopping due to large KL divergence: 23.413549423217773
2025-12-06 04:14:18,549 - rlhf_trainer - WARNING - Early stopping due to large KL divergence: 296.6659851074219
2025-12-06 04:14:21,137 - rlhf_trainer - WARNING - Early stopping due to large KL divergence: 7835.14501953125
2025-12-06 04:14:23,680 - rlhf_trainer - WARNING - Early stopping due to large KL divergence: 843.4546508789062
2025-12-06 04:14:26,372 - rlhf_trainer - WARNING - Early stopping due to large KL divergence: 2.271438822709909e+24
2025-12-06 04:14:28,918 - rlhf_trainer - WARNING - Early stopping due to large KL divergence: 1.9501698017120361
2025-12-06 04:14:31,668 - rlhf_trainer - WARNING - Early stopping due to large KL divergence: 81620.09375
2025-12-06 04:14:34,727 - rlhf_trainer - WARNING - Early stopping due to large KL divergence: 199.09422302246094
2025-12-06 04:14:34,730 - utils - INFO - Step 3790:
2025-12-06 04:14:34,731 - utils - INFO -   Policy Loss: 0.0000
2025-12-06 04:14:34,731 - utils - INFO -   Value Loss: 1.6201
2025-12-06 04:14:34,731 - utils - INFO -   Reward Mean: 0.0000
2025-12-06 04:14:34,731 - utils - INFO -   KL Divergence: 0.0000
2025-12-06 04:14:37,504 - rlhf_trainer - WARNING - Early stopping due to large KL divergence: 73926.578125
2025-12-06 04:14:40,774 - rlhf_trainer - WARNING - Early stopping due to large KL divergence: inf
2025-12-06 04:14:43,610 - rlhf_trainer - WARNING - Early stopping due to large KL divergence: 16328.83984375
2025-12-06 04:14:46,302 - rlhf_trainer - WARNING - Early stopping due to large KL divergence: 4855.82177734375
2025-12-06 04:14:48,801 - rlhf_trainer - WARNING - Early stopping due to large KL divergence: 280603264.0
2025-12-06 04:14:51,522 - rlhf_trainer - WARNING - Early stopping due to large KL divergence: 3057434.75
2025-12-06 04:14:54,061 - rlhf_trainer - WARNING - Early stopping due to large KL divergence: 0.19642701745033264
2025-12-06 04:14:56,691 - rlhf_trainer - WARNING - Early stopping due to large KL divergence: 1.8879199028015137
2025-12-06 04:14:59,270 - rlhf_trainer - WARNING - Early stopping due to large KL divergence: 47948.3046875
2025-12-06 04:15:01,989 - rlhf_trainer - WARNING - Early stopping due to large KL divergence: 1880316544.0
2025-12-06 04:15:01,992 - utils - INFO - Step 3800:
2025-12-06 04:15:01,993 - utils - INFO -   Policy Loss: 0.0000
2025-12-06 04:15:01,993 - utils - INFO -   Value Loss: 0.1879
2025-12-06 04:15:01,993 - utils - INFO -   Reward Mean: -0.0000
2025-12-06 04:15:01,993 - utils - INFO -   KL Divergence: 0.0000
2025-12-06 04:15:05,073 - rlhf_trainer - WARNING - Early stopping due to large KL divergence: 330498.34375
2025-12-06 04:15:08,356 - rlhf_trainer - WARNING - Early stopping due to large KL divergence: 374548448.0
2025-12-06 04:15:11,395 - rlhf_trainer - WARNING - Early stopping due to large KL divergence: 0.6472901105880737
2025-12-06 04:15:14,179 - rlhf_trainer - WARNING - Early stopping due to large KL divergence: 203428.640625
2025-12-06 04:15:17,516 - rlhf_trainer - WARNING - Early stopping due to large KL divergence: inf
2025-12-06 04:15:20,348 - rlhf_trainer - WARNING - Early stopping due to large KL divergence: 457.0621032714844
2025-12-06 04:15:22,962 - rlhf_trainer - WARNING - Early stopping due to large KL divergence: 0.4630236029624939
2025-12-06 04:15:26,109 - rlhf_trainer - WARNING - Early stopping due to large KL divergence: 1.8301713466644287
2025-12-06 04:15:29,193 - rlhf_trainer - WARNING - Early stopping due to large KL divergence: 29.62073516845703
2025-12-06 04:15:32,365 - rlhf_trainer - WARNING - Early stopping due to large KL divergence: 1.727837085723877
2025-12-06 04:15:32,368 - utils - INFO - Step 3810:
2025-12-06 04:15:32,369 - utils - INFO -   Policy Loss: 0.0000
2025-12-06 04:15:32,369 - utils - INFO -   Value Loss: 0.2456
2025-12-06 04:15:32,369 - utils - INFO -   Reward Mean: 0.0000
2025-12-06 04:15:32,369 - utils - INFO -   KL Divergence: 0.0000
2025-12-06 04:15:35,399 - rlhf_trainer - WARNING - Early stopping due to large KL divergence: 3.950998306274414
2025-12-06 04:15:38,151 - rlhf_trainer - WARNING - Early stopping due to large KL divergence: 2951677.0
2025-12-06 04:15:40,984 - rlhf_trainer - WARNING - Early stopping due to large KL divergence: 0.7419403791427612
2025-12-06 04:15:43,716 - rlhf_trainer - WARNING - Early stopping due to large KL divergence: 4.144622802734375
2025-12-06 04:15:46,500 - rlhf_trainer - WARNING - Early stopping due to large KL divergence: 7.286803722381592
2025-12-06 04:15:49,185 - rlhf_trainer - WARNING - Early stopping due to large KL divergence: 3.414398670196533
2025-12-06 04:15:51,238 - rlhf_trainer - WARNING - Early stopping due to large KL divergence: 0.037000298500061035
2025-12-06 04:15:54,361 - rlhf_trainer - WARNING - Early stopping due to large KL divergence: 2623.98291015625
2025-12-06 04:15:57,320 - rlhf_trainer - WARNING - Early stopping due to large KL divergence: 48.91478729248047
2025-12-06 04:15:59,367 - rlhf_trainer - WARNING - Early stopping due to large KL divergence: 0.07121959328651428
2025-12-06 04:15:59,371 - utils - INFO - Step 3820:
2025-12-06 04:15:59,371 - utils - INFO -   Policy Loss: 0.0000
2025-12-06 04:15:59,371 - utils - INFO -   Value Loss: 0.0824
2025-12-06 04:15:59,371 - utils - INFO -   Reward Mean: -0.0000
2025-12-06 04:15:59,371 - utils - INFO -   KL Divergence: 0.0000
2025-12-06 04:16:02,005 - rlhf_trainer - WARNING - Early stopping due to large KL divergence: 0.6849859952926636
2025-12-06 04:16:05,024 - rlhf_trainer - WARNING - Early stopping due to large KL divergence: 5.836438179016113
2025-12-06 04:16:07,629 - rlhf_trainer - WARNING - Early stopping due to large KL divergence: 4.7554707527160645
2025-12-06 04:16:11,232 - rlhf_trainer - WARNING - Early stopping due to large KL divergence: 5.297448635101318
2025-12-06 04:16:13,873 - rlhf_trainer - WARNING - Early stopping due to large KL divergence: 1.7425498962402344
2025-12-06 04:16:16,495 - rlhf_trainer - WARNING - Early stopping due to large KL divergence: 2.1322696208953857
2025-12-06 04:16:19,576 - rlhf_trainer - WARNING - Early stopping due to large KL divergence: 7.084894180297852
2025-12-06 04:16:22,304 - rlhf_trainer - WARNING - Early stopping due to large KL divergence: 4.30550479888916
2025-12-06 04:16:25,682 - rlhf_trainer - WARNING - Early stopping due to large KL divergence: 65.30224609375
2025-12-06 04:16:28,533 - rlhf_trainer - WARNING - Early stopping due to large KL divergence: 2.970797538757324
2025-12-06 04:16:28,537 - utils - INFO - Step 3830:
2025-12-06 04:16:28,537 - utils - INFO -   Policy Loss: -0.0000
2025-12-06 04:16:28,537 - utils - INFO -   Value Loss: 0.1757
2025-12-06 04:16:28,537 - utils - INFO -   Reward Mean: -0.0000
2025-12-06 04:16:28,537 - utils - INFO -   KL Divergence: 0.0000
2025-12-06 04:16:31,759 - rlhf_trainer - WARNING - Early stopping due to large KL divergence: 1.3938573598861694
2025-12-06 04:16:34,516 - rlhf_trainer - WARNING - Early stopping due to large KL divergence: 465.0689697265625
2025-12-06 04:16:37,136 - rlhf_trainer - WARNING - Early stopping due to large KL divergence: 3.301910400390625
2025-12-06 04:16:40,010 - rlhf_trainer - WARNING - Early stopping due to large KL divergence: 5.266425132751465
2025-12-06 04:16:42,667 - rlhf_trainer - WARNING - Early stopping due to large KL divergence: 1939.0823974609375
2025-12-06 04:16:45,916 - rlhf_trainer - WARNING - Early stopping due to large KL divergence: 19413.595703125
2025-12-06 04:16:49,028 - rlhf_trainer - WARNING - Early stopping due to large KL divergence: 0.05226491391658783
2025-12-06 04:16:51,685 - rlhf_trainer - WARNING - Early stopping due to large KL divergence: inf
2025-12-06 04:16:54,390 - rlhf_trainer - WARNING - Early stopping due to large KL divergence: inf
2025-12-06 04:16:56,909 - rlhf_trainer - WARNING - Early stopping due to large KL divergence: 1.0018351078033447
2025-12-06 04:16:56,913 - utils - INFO - Step 3840:
2025-12-06 04:16:56,914 - utils - INFO -   Policy Loss: 0.0000
2025-12-06 04:16:56,914 - utils - INFO -   Value Loss: 0.1275
2025-12-06 04:16:56,914 - utils - INFO -   Reward Mean: -0.0000
2025-12-06 04:16:56,914 - utils - INFO -   KL Divergence: 0.0000
2025-12-06 04:16:59,523 - rlhf_trainer - WARNING - Early stopping due to large KL divergence: 4.594158583309926e+16
2025-12-06 04:17:02,351 - rlhf_trainer - WARNING - Early stopping due to large KL divergence: 6514.16357421875
2025-12-06 04:17:05,285 - rlhf_trainer - WARNING - Early stopping due to large KL divergence: 1.3769257068634033
2025-12-06 04:17:07,927 - rlhf_trainer - WARNING - Early stopping due to large KL divergence: 1.250830888748169
2025-12-06 04:17:10,999 - rlhf_trainer - WARNING - Early stopping due to large KL divergence: inf
2025-12-06 04:17:13,786 - rlhf_trainer - WARNING - Early stopping due to large KL divergence: 4.435519218444824
2025-12-06 04:17:16,360 - rlhf_trainer - WARNING - Early stopping due to large KL divergence: 51.978267669677734
2025-12-06 04:17:19,014 - rlhf_trainer - WARNING - Early stopping due to large KL divergence: 2.068558692932129
2025-12-06 04:17:21,741 - rlhf_trainer - WARNING - Early stopping due to large KL divergence: 2.314985513687134
2025-12-06 04:17:25,214 - rlhf_trainer - WARNING - Early stopping due to large KL divergence: 2.367824807171121e+26
2025-12-06 04:17:25,218 - utils - INFO - Step 3850:
2025-12-06 04:17:25,218 - utils - INFO -   Policy Loss: 0.0000
2025-12-06 04:17:25,218 - utils - INFO -   Value Loss: 0.1806
2025-12-06 04:17:25,218 - utils - INFO -   Reward Mean: 0.0000
2025-12-06 04:17:25,219 - utils - INFO -   KL Divergence: 0.0000
2025-12-06 04:17:27,204 - rlhf_trainer - WARNING - Early stopping due to large KL divergence: 0.028284162282943726
2025-12-06 04:17:29,892 - rlhf_trainer - WARNING - Early stopping due to large KL divergence: 56.08225631713867
2025-12-06 04:17:32,626 - rlhf_trainer - WARNING - Early stopping due to large KL divergence: 52.391910552978516
2025-12-06 04:17:35,418 - rlhf_trainer - WARNING - Early stopping due to large KL divergence: 1167.9599609375
2025-12-06 04:17:38,076 - rlhf_trainer - WARNING - Early stopping due to large KL divergence: 12293.03515625
2025-12-06 04:17:41,090 - rlhf_trainer - WARNING - Early stopping due to large KL divergence: 7393.109375
2025-12-06 04:17:43,640 - rlhf_trainer - WARNING - Early stopping due to large KL divergence: 7.85595111887069e+20
2025-12-06 04:17:46,340 - rlhf_trainer - WARNING - Early stopping due to large KL divergence: 1141554.375
2025-12-06 04:17:49,081 - rlhf_trainer - WARNING - Early stopping due to large KL divergence: 6853828.0
2025-12-06 04:17:51,636 - rlhf_trainer - WARNING - Early stopping due to large KL divergence: 51089588.0
2025-12-06 04:17:51,640 - utils - INFO - Step 3860:
2025-12-06 04:17:51,641 - utils - INFO -   Policy Loss: 0.0000
2025-12-06 04:17:51,641 - utils - INFO -   Value Loss: 0.1661
2025-12-06 04:17:51,641 - utils - INFO -   Reward Mean: 0.0000
2025-12-06 04:17:51,641 - utils - INFO -   KL Divergence: 0.0000
2025-12-06 04:17:54,705 - rlhf_trainer - WARNING - Early stopping due to large KL divergence: 9361287020544.0
2025-12-06 04:17:58,588 - rlhf_trainer - WARNING - Early stopping due to large KL divergence: inf
2025-12-06 04:18:01,184 - rlhf_trainer - WARNING - Early stopping due to large KL divergence: 6147.3193359375
2025-12-06 04:18:03,907 - rlhf_trainer - WARNING - Early stopping due to large KL divergence: 6836.666015625
2025-12-06 04:18:06,448 - rlhf_trainer - WARNING - Early stopping due to large KL divergence: 1406526848.0
2025-12-06 04:18:08,992 - rlhf_trainer - WARNING - Early stopping due to large KL divergence: 43091.07421875
2025-12-06 04:18:11,824 - rlhf_trainer - WARNING - Early stopping due to large KL divergence: 535641846710272.0
2025-12-06 04:18:14,571 - rlhf_trainer - WARNING - Early stopping due to large KL divergence: 4.346659418071778e+31
2025-12-06 04:18:17,279 - rlhf_trainer - WARNING - Early stopping due to large KL divergence: 72003240.0
2025-12-06 04:18:19,822 - rlhf_trainer - WARNING - Early stopping due to large KL divergence: 102.01656341552734
2025-12-06 04:18:19,827 - utils - INFO - Step 3870:
2025-12-06 04:18:19,827 - utils - INFO -   Policy Loss: -0.0000
2025-12-06 04:18:19,827 - utils - INFO -   Value Loss: 0.2027
2025-12-06 04:18:19,827 - utils - INFO -   Reward Mean: -0.0000
2025-12-06 04:18:19,827 - utils - INFO -   KL Divergence: 0.0000
2025-12-06 04:18:23,022 - rlhf_trainer - WARNING - Early stopping due to large KL divergence: 820521536.0
2025-12-06 04:18:25,723 - rlhf_trainer - WARNING - Early stopping due to large KL divergence: 5084235.5
2025-12-06 04:18:28,457 - rlhf_trainer - WARNING - Early stopping due to large KL divergence: 1.8653454598450726e+26
2025-12-06 04:18:31,526 - rlhf_trainer - WARNING - Early stopping due to large KL divergence: inf
2025-12-06 04:18:34,427 - rlhf_trainer - WARNING - Early stopping due to large KL divergence: 1.6778393983840942
2025-12-06 04:18:37,130 - rlhf_trainer - WARNING - Early stopping due to large KL divergence: 4261.033203125
2025-12-06 04:18:40,260 - rlhf_trainer - WARNING - Early stopping due to large KL divergence: inf
2025-12-06 04:18:43,174 - rlhf_trainer - WARNING - Early stopping due to large KL divergence: 2.433886766433716
2025-12-06 04:18:45,716 - rlhf_trainer - WARNING - Early stopping due to large KL divergence: 4.598452568054199
2025-12-06 04:18:48,303 - rlhf_trainer - WARNING - Early stopping due to large KL divergence: 8.44422435760498
2025-12-06 04:18:48,307 - utils - INFO - Step 3880:
2025-12-06 04:18:48,308 - utils - INFO -   Policy Loss: 0.0000
2025-12-06 04:18:48,308 - utils - INFO -   Value Loss: 0.0762
2025-12-06 04:18:48,308 - utils - INFO -   Reward Mean: -0.0000
2025-12-06 04:18:48,308 - utils - INFO -   KL Divergence: 0.0000
2025-12-06 04:18:51,020 - rlhf_trainer - WARNING - Early stopping due to large KL divergence: 13.172125816345215
2025-12-06 04:18:53,636 - rlhf_trainer - WARNING - Early stopping due to large KL divergence: 13.765963554382324
2025-12-06 04:18:56,277 - rlhf_trainer - WARNING - Early stopping due to large KL divergence: 1.1274888515472412
2025-12-06 04:18:58,847 - rlhf_trainer - WARNING - Early stopping due to large KL divergence: 6.941515447609584e+30
2025-12-06 04:19:01,353 - rlhf_trainer - WARNING - Early stopping due to large KL divergence: 1608719.875
2025-12-06 04:19:04,715 - rlhf_trainer - WARNING - Early stopping due to large KL divergence: 0.05249129235744476
2025-12-06 04:19:07,334 - rlhf_trainer - WARNING - Early stopping due to large KL divergence: 93.49553680419922
2025-12-06 04:19:10,495 - rlhf_trainer - WARNING - Early stopping due to large KL divergence: 1.7826157808303833
2025-12-06 04:19:13,101 - rlhf_trainer - WARNING - Early stopping due to large KL divergence: 3.3470048904418945
2025-12-06 04:19:16,493 - rlhf_trainer - WARNING - Early stopping due to large KL divergence: 13.765945434570312
2025-12-06 04:19:16,497 - utils - INFO - Step 3890:
2025-12-06 04:19:16,497 - utils - INFO -   Policy Loss: 0.0000
2025-12-06 04:19:16,497 - utils - INFO -   Value Loss: 11.1948
2025-12-06 04:19:16,497 - utils - INFO -   Reward Mean: 0.0000
2025-12-06 04:19:16,497 - utils - INFO -   KL Divergence: 0.0000
2025-12-06 04:19:19,028 - rlhf_trainer - WARNING - Early stopping due to large KL divergence: 17.075138092041016
2025-12-06 04:19:21,566 - rlhf_trainer - WARNING - Early stopping due to large KL divergence: 0.07644131779670715
2025-12-06 04:19:23,659 - rlhf_trainer - WARNING - Early stopping due to large KL divergence: 0.023190170526504517
2025-12-06 04:19:26,300 - rlhf_trainer - WARNING - Early stopping due to large KL divergence: 20.728927612304688
2025-12-06 04:19:28,795 - rlhf_trainer - WARNING - Early stopping due to large KL divergence: 3.096006155014038
2025-12-06 04:19:31,895 - rlhf_trainer - WARNING - Early stopping due to large KL divergence: 3.918949385389474e+24
2025-12-06 04:19:34,620 - rlhf_trainer - WARNING - Early stopping due to large KL divergence: 3.742678165435791
2025-12-06 04:19:37,165 - rlhf_trainer - WARNING - Early stopping due to large KL divergence: 5.211389064788818
2025-12-06 04:19:39,837 - rlhf_trainer - WARNING - Early stopping due to large KL divergence: 3.42806339263916
2025-12-06 04:19:42,422 - rlhf_trainer - WARNING - Early stopping due to large KL divergence: 7.185610771179199
2025-12-06 04:19:42,426 - utils - INFO - Step 3900:
2025-12-06 04:19:42,426 - utils - INFO -   Policy Loss: 0.0000
2025-12-06 04:19:42,426 - utils - INFO -   Value Loss: 0.0862
2025-12-06 04:19:42,426 - utils - INFO -   Reward Mean: -0.0000
2025-12-06 04:19:42,427 - utils - INFO -   KL Divergence: 0.0000
2025-12-06 04:19:45,018 - rlhf_trainer - WARNING - Early stopping due to large KL divergence: 0.408652126789093
2025-12-06 04:19:47,845 - rlhf_trainer - WARNING - Early stopping due to large KL divergence: 14.841595649719238
2025-12-06 04:19:50,525 - rlhf_trainer - WARNING - Early stopping due to large KL divergence: 58594.4296875
2025-12-06 04:19:53,292 - rlhf_trainer - WARNING - Early stopping due to large KL divergence: 443517.8125
2025-12-06 04:19:55,995 - rlhf_trainer - WARNING - Early stopping due to large KL divergence: 903.2398071289062
2025-12-06 04:19:58,525 - rlhf_trainer - WARNING - Early stopping due to large KL divergence: 58830.18359375
2025-12-06 04:20:00,551 - rlhf_trainer - WARNING - Early stopping due to large KL divergence: 0.10895514488220215
2025-12-06 04:20:03,346 - rlhf_trainer - WARNING - Early stopping due to large KL divergence: 1158353792.0
2025-12-06 04:20:06,093 - rlhf_trainer - WARNING - Early stopping due to large KL divergence: 2.673180928014373e+29
2025-12-06 04:20:08,743 - rlhf_trainer - WARNING - Early stopping due to large KL divergence: 13468589621248.0
2025-12-06 04:20:08,746 - utils - INFO - Step 3910:
2025-12-06 04:20:08,746 - utils - INFO -   Policy Loss: 0.0000
2025-12-06 04:20:08,747 - utils - INFO -   Value Loss: 0.2889
2025-12-06 04:20:08,747 - utils - INFO -   Reward Mean: 0.0000
2025-12-06 04:20:08,747 - utils - INFO -   KL Divergence: 0.0000
2025-12-06 04:20:11,364 - rlhf_trainer - WARNING - Early stopping due to large KL divergence: 3422182.5
2025-12-06 04:20:13,977 - rlhf_trainer - WARNING - Early stopping due to large KL divergence: 2498692787470336.0
2025-12-06 04:20:16,549 - rlhf_trainer - WARNING - Early stopping due to large KL divergence: 264138866688.0
2025-12-06 04:20:19,190 - rlhf_trainer - WARNING - Early stopping due to large KL divergence: 276016512.0
2025-12-06 04:20:21,928 - rlhf_trainer - WARNING - Early stopping due to large KL divergence: 5.87322965113176e+17
2025-12-06 04:20:24,669 - rlhf_trainer - WARNING - Early stopping due to large KL divergence: 6133586944.0
2025-12-06 04:20:27,412 - rlhf_trainer - WARNING - Early stopping due to large KL divergence: 13423.61328125
2025-12-06 04:20:30,805 - rlhf_trainer - WARNING - Early stopping due to large KL divergence: 712424.6875
2025-12-06 04:20:33,495 - rlhf_trainer - WARNING - Early stopping due to large KL divergence: 421104.78125
2025-12-06 04:20:36,294 - rlhf_trainer - WARNING - Early stopping due to large KL divergence: 3.475844621658325
2025-12-06 04:20:36,298 - utils - INFO - Step 3920:
2025-12-06 04:20:36,298 - utils - INFO -   Policy Loss: 0.0000
2025-12-06 04:20:36,298 - utils - INFO -   Value Loss: 0.1054
2025-12-06 04:20:36,298 - utils - INFO -   Reward Mean: -0.0000
2025-12-06 04:20:36,299 - utils - INFO -   KL Divergence: 0.0000
2025-12-06 04:20:38,839 - rlhf_trainer - WARNING - Early stopping due to large KL divergence: 33.89150619506836
2025-12-06 04:20:42,805 - rlhf_trainer - WARNING - Early stopping due to large KL divergence: 16.154586791992188
2025-12-06 04:20:45,411 - rlhf_trainer - WARNING - Early stopping due to large KL divergence: 14.81970500946045
2025-12-06 04:20:48,134 - rlhf_trainer - WARNING - Early stopping due to large KL divergence: 21.61249542236328
2025-12-06 04:20:51,873 - rlhf_trainer - WARNING - Early stopping due to large KL divergence: 19.364856719970703
2025-12-06 04:20:54,430 - rlhf_trainer - WARNING - Early stopping due to large KL divergence: 13.424206733703613
2025-12-06 04:20:57,206 - rlhf_trainer - WARNING - Early stopping due to large KL divergence: 0.4629945755004883
2025-12-06 04:21:00,014 - rlhf_trainer - WARNING - Early stopping due to large KL divergence: 4.173770904541016
2025-12-06 04:21:02,858 - rlhf_trainer - WARNING - Early stopping due to large KL divergence: 18.327892303466797
2025-12-06 04:21:05,521 - rlhf_trainer - WARNING - Early stopping due to large KL divergence: 10.506103515625
2025-12-06 04:21:05,525 - utils - INFO - Step 3930:
2025-12-06 04:21:05,525 - utils - INFO -   Policy Loss: 0.0000
2025-12-06 04:21:05,525 - utils - INFO -   Value Loss: 0.0991
2025-12-06 04:21:05,525 - utils - INFO -   Reward Mean: 0.0000
2025-12-06 04:21:05,525 - utils - INFO -   KL Divergence: 0.0000
2025-12-06 04:21:08,200 - rlhf_trainer - WARNING - Early stopping due to large KL divergence: 4.383457660675049
2025-12-06 04:21:11,199 - rlhf_trainer - WARNING - Early stopping due to large KL divergence: 4.015933990478516
2025-12-06 04:21:14,419 - rlhf_trainer - WARNING - Early stopping due to large KL divergence: 10.099883079528809
2025-12-06 04:21:16,973 - rlhf_trainer - WARNING - Early stopping due to large KL divergence: 2.138922691345215
2025-12-06 04:21:19,713 - rlhf_trainer - WARNING - Early stopping due to large KL divergence: 14.68164348602295
2025-12-06 04:21:22,297 - rlhf_trainer - WARNING - Early stopping due to large KL divergence: 8.356337547302246
2025-12-06 04:21:24,855 - rlhf_trainer - WARNING - Early stopping due to large KL divergence: 1.162392497062683
2025-12-06 04:21:28,792 - rlhf_trainer - WARNING - Early stopping due to large KL divergence: 18116756.0
2025-12-06 04:21:31,611 - rlhf_trainer - WARNING - Early stopping due to large KL divergence: 152.21746826171875
2025-12-06 04:21:34,364 - rlhf_trainer - WARNING - Early stopping due to large KL divergence: 560.5142211914062
2025-12-06 04:21:34,368 - utils - INFO - Step 3940:
2025-12-06 04:21:34,368 - utils - INFO -   Policy Loss: 0.0000
2025-12-06 04:21:34,368 - utils - INFO -   Value Loss: 0.1284
2025-12-06 04:21:34,368 - utils - INFO -   Reward Mean: 0.0000
2025-12-06 04:21:34,368 - utils - INFO -   KL Divergence: 0.0000
2025-12-06 04:21:37,026 - rlhf_trainer - WARNING - Early stopping due to large KL divergence: 1.0134925842285156
2025-12-06 04:21:39,709 - rlhf_trainer - WARNING - Early stopping due to large KL divergence: 8.599291801452637
2025-12-06 04:21:43,090 - rlhf_trainer - WARNING - Early stopping due to large KL divergence: 604324691968.0
2025-12-06 04:21:46,371 - rlhf_trainer - WARNING - Early stopping due to large KL divergence: 23.34204864501953
2025-12-06 04:21:50,761 - rlhf_trainer - WARNING - Early stopping due to large KL divergence: 48.60961151123047
2025-12-06 04:21:57,084 - rlhf_trainer - WARNING - Early stopping due to large KL divergence: 26.472904205322266
2025-12-06 04:21:59,798 - rlhf_trainer - WARNING - Early stopping due to large KL divergence: 12.97765064239502
2025-12-06 04:22:02,521 - rlhf_trainer - WARNING - Early stopping due to large KL divergence: 5.456642150878906
2025-12-06 04:22:05,106 - rlhf_trainer - WARNING - Early stopping due to large KL divergence: 3.316812753677368
2025-12-06 04:22:05,110 - utils - INFO - Step 3950:
2025-12-06 04:22:05,111 - utils - INFO -   Policy Loss: 0.0000
2025-12-06 04:22:05,111 - utils - INFO -   Value Loss: 0.2291
2025-12-06 04:22:05,111 - utils - INFO -   Reward Mean: 0.0000
2025-12-06 04:22:05,111 - utils - INFO -   KL Divergence: 0.0000
2025-12-06 04:22:07,786 - rlhf_trainer - WARNING - Early stopping due to large KL divergence: 10.225719451904297
2025-12-06 04:22:10,352 - rlhf_trainer - WARNING - Early stopping due to large KL divergence: 7.9804487228393555
2025-12-06 04:22:12,963 - rlhf_trainer - WARNING - Early stopping due to large KL divergence: 3.6336188316345215
2025-12-06 04:22:16,034 - rlhf_trainer - WARNING - Early stopping due to large KL divergence: 4.96614933013916
2025-12-06 04:22:21,142 - rlhf_trainer - WARNING - Early stopping due to large KL divergence: 6.822585105895996
2025-12-06 04:22:24,337 - rlhf_trainer - WARNING - Early stopping due to large KL divergence: 12.376869201660156
2025-12-06 04:22:26,859 - rlhf_trainer - WARNING - Early stopping due to large KL divergence: 90064.171875
2025-12-06 04:22:29,613 - rlhf_trainer - WARNING - Early stopping due to large KL divergence: 1540.9527587890625
2025-12-06 04:22:32,205 - rlhf_trainer - WARNING - Early stopping due to large KL divergence: 9.519103050231934
2025-12-06 04:22:34,818 - rlhf_trainer - WARNING - Early stopping due to large KL divergence: 3.896827220916748
2025-12-06 04:22:34,822 - utils - INFO - Step 3960:
2025-12-06 04:22:34,822 - utils - INFO -   Policy Loss: 0.0000
2025-12-06 04:22:34,823 - utils - INFO -   Value Loss: 0.1302
2025-12-06 04:22:34,823 - utils - INFO -   Reward Mean: -0.0000
2025-12-06 04:22:34,823 - utils - INFO -   KL Divergence: 0.0000
2025-12-06 04:22:37,527 - rlhf_trainer - WARNING - Early stopping due to large KL divergence: 1.3130884170532227
2025-12-06 04:22:40,091 - rlhf_trainer - WARNING - Early stopping due to large KL divergence: 37.894920349121094
2025-12-06 04:22:42,652 - rlhf_trainer - WARNING - Early stopping due to large KL divergence: 2.4325616359710693
2025-12-06 04:22:45,376 - rlhf_trainer - WARNING - Early stopping due to large KL divergence: 3.633681058883667
2025-12-06 04:22:48,529 - rlhf_trainer - WARNING - Early stopping due to large KL divergence: 26.326786041259766
2025-12-06 04:22:51,365 - rlhf_trainer - WARNING - Early stopping due to large KL divergence: 0.5003327131271362
2025-12-06 04:22:54,118 - rlhf_trainer - WARNING - Early stopping due to large KL divergence: 3.8259572982788086
2025-12-06 04:22:58,355 - rlhf_trainer - WARNING - Early stopping due to large KL divergence: 93.84030151367188
2025-12-06 04:23:01,028 - rlhf_trainer - WARNING - Early stopping due to large KL divergence: 22.303762435913086
2025-12-06 04:23:03,785 - rlhf_trainer - WARNING - Early stopping due to large KL divergence: 0.5308234095573425
2025-12-06 04:23:03,789 - utils - INFO - Step 3970:
2025-12-06 04:23:03,790 - utils - INFO -   Policy Loss: -0.0000
2025-12-06 04:23:03,790 - utils - INFO -   Value Loss: 0.1436
2025-12-06 04:23:03,790 - utils - INFO -   Reward Mean: -0.0000
2025-12-06 04:23:03,790 - utils - INFO -   KL Divergence: 0.0000
2025-12-06 04:23:10,048 - rlhf_trainer - WARNING - Early stopping due to large KL divergence: 4.146138668060303
2025-12-06 04:23:12,858 - rlhf_trainer - WARNING - Early stopping due to large KL divergence: 4.965466499328613
2025-12-06 04:23:15,601 - rlhf_trainer - WARNING - Early stopping due to large KL divergence: 2.9108004570007324
2025-12-06 04:23:18,538 - rlhf_trainer - WARNING - Early stopping due to large KL divergence: 8.21155834197998
2025-12-06 04:23:21,710 - rlhf_trainer - WARNING - Early stopping due to large KL divergence: 2.6587331295013428
2025-12-06 04:23:24,283 - rlhf_trainer - WARNING - Early stopping due to large KL divergence: 0.8736476898193359
2025-12-06 04:23:26,998 - rlhf_trainer - WARNING - Early stopping due to large KL divergence: 0.3834407329559326
2025-12-06 04:23:29,563 - rlhf_trainer - WARNING - Early stopping due to large KL divergence: 65.55992889404297
2025-12-06 04:23:32,228 - rlhf_trainer - WARNING - Early stopping due to large KL divergence: 6.924931526184082
2025-12-06 04:23:32,232 - utils - INFO - Step 3980:
2025-12-06 04:23:32,232 - utils - INFO -   Policy Loss: 0.0000
2025-12-06 04:23:32,232 - utils - INFO -   Value Loss: 0.1347
2025-12-06 04:23:32,232 - utils - INFO -   Reward Mean: 0.0000
2025-12-06 04:23:32,232 - utils - INFO -   KL Divergence: 0.0000
2025-12-06 04:23:34,732 - rlhf_trainer - WARNING - Early stopping due to large KL divergence: 1.145725965499878
2025-12-06 04:23:38,658 - rlhf_trainer - WARNING - Early stopping due to large KL divergence: 30.66373062133789
2025-12-06 04:23:41,347 - rlhf_trainer - WARNING - Early stopping due to large KL divergence: 2.112022876739502
2025-12-06 04:23:43,701 - rlhf_trainer - WARNING - Early stopping due to large KL divergence: 1.5179932117462158
2025-12-06 04:23:46,036 - rlhf_trainer - WARNING - Early stopping due to large KL divergence: 0.9416806101799011
2025-12-06 04:23:48,377 - rlhf_trainer - WARNING - Early stopping due to large KL divergence: 4.435490608215332
2025-12-06 04:23:50,796 - rlhf_trainer - WARNING - Early stopping due to large KL divergence: 0.0300225168466568
2025-12-06 04:23:53,131 - rlhf_trainer - WARNING - Early stopping due to large KL divergence: 5.1945013999938965
2025-12-06 04:23:55,856 - rlhf_trainer - WARNING - Early stopping due to large KL divergence: 3284.18603515625
2025-12-06 04:23:58,563 - rlhf_trainer - WARNING - Early stopping due to large KL divergence: 8.480327606201172
2025-12-06 04:23:58,566 - utils - INFO - Step 3990:
2025-12-06 04:23:58,566 - utils - INFO -   Policy Loss: 0.0000
2025-12-06 04:23:58,566 - utils - INFO -   Value Loss: 0.2346
2025-12-06 04:23:58,566 - utils - INFO -   Reward Mean: 0.0000
2025-12-06 04:23:58,566 - utils - INFO -   KL Divergence: 0.0000
2025-12-06 04:24:00,929 - rlhf_trainer - WARNING - Early stopping due to large KL divergence: 3143.282958984375
2025-12-06 04:24:03,254 - rlhf_trainer - WARNING - Early stopping due to large KL divergence: 7.5119218826293945
2025-12-06 04:24:05,587 - rlhf_trainer - WARNING - Early stopping due to large KL divergence: 158.8504180908203
2025-12-06 04:24:07,894 - rlhf_trainer - WARNING - Early stopping due to large KL divergence: 0.5011097192764282
2025-12-06 04:24:10,231 - rlhf_trainer - WARNING - Early stopping due to large KL divergence: 4.543715000152588
2025-12-06 04:24:12,560 - rlhf_trainer - WARNING - Early stopping due to large KL divergence: 3.1450324058532715
2025-12-06 04:24:14,936 - rlhf_trainer - WARNING - Early stopping due to large KL divergence: 2.4891417026519775
2025-12-06 04:24:17,357 - rlhf_trainer - WARNING - Early stopping due to large KL divergence: 0.5652064085006714
2025-12-06 04:24:19,713 - rlhf_trainer - WARNING - Early stopping due to large KL divergence: 2.6727287769317627
2025-12-06 04:24:22,114 - rlhf_trainer - WARNING - Early stopping due to large KL divergence: 1.5454237461090088
2025-12-06 04:24:22,117 - utils - INFO - Step 4000:
2025-12-06 04:24:22,117 - utils - INFO -   Policy Loss: 0.0000
2025-12-06 04:24:22,117 - utils - INFO -   Value Loss: 0.2139
2025-12-06 04:24:22,117 - utils - INFO -   Reward Mean: 0.0000
2025-12-06 04:24:22,117 - utils - INFO -   KL Divergence: 0.0000
2025-12-06 04:24:26,098 - rlhf_trainer - WARNING - Early stopping due to large KL divergence: inf
2025-12-06 04:24:29,250 - rlhf_trainer - WARNING - Early stopping due to large KL divergence: 3.3891321102745045e+29
2025-12-06 04:24:31,588 - rlhf_trainer - WARNING - Early stopping due to large KL divergence: 24.42912483215332
2025-12-06 04:24:33,950 - rlhf_trainer - WARNING - Early stopping due to large KL divergence: 6.5509514808654785
2025-12-06 04:24:36,313 - rlhf_trainer - WARNING - Early stopping due to large KL divergence: 6.032903671264648
2025-12-06 04:24:38,751 - rlhf_trainer - WARNING - Early stopping due to large KL divergence: 0.27572715282440186
2025-12-06 04:24:41,132 - rlhf_trainer - WARNING - Early stopping due to large KL divergence: 0.7533034086227417
2025-12-06 04:24:43,495 - rlhf_trainer - WARNING - Early stopping due to large KL divergence: 2.290663719177246
2025-12-06 04:24:45,869 - rlhf_trainer - WARNING - Early stopping due to large KL divergence: 1.2470608949661255
2025-12-06 04:24:48,267 - rlhf_trainer - WARNING - Early stopping due to large KL divergence: 3.36541748046875
2025-12-06 04:24:48,270 - utils - INFO - Step 4010:
2025-12-06 04:24:48,270 - utils - INFO -   Policy Loss: 0.0000
2025-12-06 04:24:48,270 - utils - INFO -   Value Loss: 0.1356
2025-12-06 04:24:48,270 - utils - INFO -   Reward Mean: -0.0000
2025-12-06 04:24:48,270 - utils - INFO -   KL Divergence: 0.0000
2025-12-06 04:24:50,827 - rlhf_trainer - WARNING - Early stopping due to large KL divergence: 3.7173728942871094
2025-12-06 04:24:53,271 - rlhf_trainer - WARNING - Early stopping due to large KL divergence: 3.3203301429748535
2025-12-06 04:24:55,692 - rlhf_trainer - WARNING - Early stopping due to large KL divergence: 1.7869871854782104
2025-12-06 04:24:59,178 - rlhf_trainer - WARNING - Early stopping due to large KL divergence: 6177167360.0
2025-12-06 04:25:01,781 - rlhf_trainer - WARNING - Early stopping due to large KL divergence: 1.9835585355758667
2025-12-06 04:25:04,189 - rlhf_trainer - WARNING - Early stopping due to large KL divergence: 2.420626640319824
2025-12-06 04:25:06,517 - rlhf_trainer - WARNING - Early stopping due to large KL divergence: inf
2025-12-06 04:25:08,851 - rlhf_trainer - WARNING - Early stopping due to large KL divergence: 2.270260810852051
2025-12-06 04:25:11,209 - rlhf_trainer - WARNING - Early stopping due to large KL divergence: 0.5854090452194214
2025-12-06 04:25:13,668 - rlhf_trainer - WARNING - Early stopping due to large KL divergence: 19.05191421508789
2025-12-06 04:25:13,671 - utils - INFO - Step 4020:
2025-12-06 04:25:13,672 - utils - INFO -   Policy Loss: -0.0000
2025-12-06 04:25:13,672 - utils - INFO -   Value Loss: 0.2102
2025-12-06 04:25:13,672 - utils - INFO -   Reward Mean: 0.0000
2025-12-06 04:25:13,672 - utils - INFO -   KL Divergence: 0.0000
2025-12-06 04:25:16,018 - rlhf_trainer - WARNING - Early stopping due to large KL divergence: 0.5284456014633179
2025-12-06 04:25:19,615 - rlhf_trainer - WARNING - Early stopping due to large KL divergence: 26.266443252563477
2025-12-06 04:25:22,669 - rlhf_trainer - WARNING - Early stopping due to large KL divergence: 18319.31640625
2025-12-06 04:25:25,048 - rlhf_trainer - WARNING - Early stopping due to large KL divergence: 1.5022954940795898
2025-12-06 04:25:27,411 - rlhf_trainer - WARNING - Early stopping due to large KL divergence: 0.49915751814842224
2025-12-06 04:25:29,757 - rlhf_trainer - WARNING - Early stopping due to large KL divergence: 0.8298428654670715
2025-12-06 04:25:32,127 - rlhf_trainer - WARNING - Early stopping due to large KL divergence: 2.929149627685547
2025-12-06 04:25:34,551 - rlhf_trainer - WARNING - Early stopping due to large KL divergence: 1.588300347328186
2025-12-06 04:25:36,931 - rlhf_trainer - WARNING - Early stopping due to large KL divergence: 2.43029522895813
2025-12-06 04:25:39,298 - rlhf_trainer - WARNING - Early stopping due to large KL divergence: 3.684046983718872
2025-12-06 04:25:39,302 - utils - INFO - Step 4030:
2025-12-06 04:25:39,302 - utils - INFO -   Policy Loss: 0.0000
2025-12-06 04:25:39,302 - utils - INFO -   Value Loss: 0.1206
2025-12-06 04:25:39,302 - utils - INFO -   Reward Mean: -0.0000
2025-12-06 04:25:39,302 - utils - INFO -   KL Divergence: 0.0000
2025-12-06 04:25:41,777 - rlhf_trainer - WARNING - Early stopping due to large KL divergence: 2.8616862297058105
2025-12-06 04:25:44,128 - rlhf_trainer - WARNING - Early stopping due to large KL divergence: 2.5596325397491455
2025-12-06 04:25:46,482 - rlhf_trainer - WARNING - Early stopping due to large KL divergence: 4.962379455566406
2025-12-06 04:25:48,889 - rlhf_trainer - WARNING - Early stopping due to large KL divergence: 320.11456298828125
2025-12-06 04:25:51,312 - rlhf_trainer - WARNING - Early stopping due to large KL divergence: 26309.55859375
2025-12-06 04:25:53,709 - rlhf_trainer - WARNING - Early stopping due to large KL divergence: 1129.492919921875
2025-12-06 04:25:56,242 - rlhf_trainer - WARNING - Early stopping due to large KL divergence: 6666.25830078125
2025-12-06 04:25:58,589 - rlhf_trainer - WARNING - Early stopping due to large KL divergence: 124.55900573730469
2025-12-06 04:26:01,944 - rlhf_trainer - WARNING - Early stopping due to large KL divergence: 0.23288123309612274
2025-12-06 04:26:04,311 - rlhf_trainer - WARNING - Early stopping due to large KL divergence: 0.5778114795684814
2025-12-06 04:26:04,314 - utils - INFO - Step 4040:
2025-12-06 04:26:04,314 - utils - INFO -   Policy Loss: 0.0000
2025-12-06 04:26:04,314 - utils - INFO -   Value Loss: 0.3624
2025-12-06 04:26:04,314 - utils - INFO -   Reward Mean: 0.0000
2025-12-06 04:26:04,314 - utils - INFO -   KL Divergence: 0.0000
2025-12-06 04:26:06,727 - rlhf_trainer - WARNING - Early stopping due to large KL divergence: 1.1851892471313477
2025-12-06 04:26:09,079 - rlhf_trainer - WARNING - Early stopping due to large KL divergence: 4.428088188171387
2025-12-06 04:26:11,455 - rlhf_trainer - WARNING - Early stopping due to large KL divergence: 11.305473327636719
2025-12-06 04:26:13,875 - rlhf_trainer - WARNING - Early stopping due to large KL divergence: 53.77440643310547
2025-12-06 04:26:16,249 - rlhf_trainer - WARNING - Early stopping due to large KL divergence: 2.3159914016723633
2025-12-06 04:26:18,569 - rlhf_trainer - WARNING - Early stopping due to large KL divergence: 2231308.25
2025-12-06 04:26:20,995 - rlhf_trainer - WARNING - Early stopping due to large KL divergence: 222.72113037109375
2025-12-06 04:26:23,365 - rlhf_trainer - WARNING - Early stopping due to large KL divergence: 3.269145965576172
2025-12-06 04:26:25,778 - rlhf_trainer - WARNING - Early stopping due to large KL divergence: 46.10945129394531
2025-12-06 04:26:28,142 - rlhf_trainer - WARNING - Early stopping due to large KL divergence: 0.5698768496513367
2025-12-06 04:26:28,146 - utils - INFO - Step 4050:
2025-12-06 04:26:28,146 - utils - INFO -   Policy Loss: 0.0000
2025-12-06 04:26:28,146 - utils - INFO -   Value Loss: 0.1206
2025-12-06 04:26:28,146 - utils - INFO -   Reward Mean: 0.0000
2025-12-06 04:26:28,146 - utils - INFO -   KL Divergence: 0.0000
2025-12-06 04:26:30,515 - rlhf_trainer - WARNING - Early stopping due to large KL divergence: 44.14804458618164
2025-12-06 04:26:32,890 - rlhf_trainer - WARNING - Early stopping due to large KL divergence: 61.406837463378906
2025-12-06 04:26:35,309 - rlhf_trainer - WARNING - Early stopping due to large KL divergence: 0.29152947664260864
2025-12-06 04:26:37,751 - rlhf_trainer - WARNING - Early stopping due to large KL divergence: 1.950864553451538
2025-12-06 04:26:40,099 - rlhf_trainer - WARNING - Early stopping due to large KL divergence: 2.5378198623657227
2025-12-06 04:26:42,461 - rlhf_trainer - WARNING - Early stopping due to large KL divergence: 0.7330836057662964
2025-12-06 04:26:44,849 - rlhf_trainer - WARNING - Early stopping due to large KL divergence: 3.8581442832946777
2025-12-06 04:26:47,155 - rlhf_trainer - WARNING - Early stopping due to large KL divergence: 21.087173461914062
2025-12-06 04:26:49,486 - rlhf_trainer - WARNING - Early stopping due to large KL divergence: 8.779183034266849e+30
2025-12-06 04:26:51,894 - rlhf_trainer - WARNING - Early stopping due to large KL divergence: 690.1856079101562
2025-12-06 04:26:51,897 - utils - INFO - Step 4060:
2025-12-06 04:26:51,898 - utils - INFO -   Policy Loss: -0.0000
2025-12-06 04:26:51,898 - utils - INFO -   Value Loss: 0.1488
2025-12-06 04:26:51,898 - utils - INFO -   Reward Mean: -0.0000
2025-12-06 04:26:51,898 - utils - INFO -   KL Divergence: 0.0000
2025-12-06 04:26:54,228 - rlhf_trainer - WARNING - Early stopping due to large KL divergence: 0.7338427901268005
2025-12-06 04:26:56,553 - rlhf_trainer - WARNING - Early stopping due to large KL divergence: 19.46666145324707
2025-12-06 04:26:58,943 - rlhf_trainer - WARNING - Early stopping due to large KL divergence: 8.10247802734375
2025-12-06 04:27:01,493 - rlhf_trainer - WARNING - Early stopping due to large KL divergence: 1.1752570867538452
2025-12-06 04:27:03,887 - rlhf_trainer - WARNING - Early stopping due to large KL divergence: 21.956769943237305
2025-12-06 04:27:06,635 - rlhf_trainer - WARNING - Early stopping due to large KL divergence: 10.744633674621582
2025-12-06 04:27:09,026 - rlhf_trainer - WARNING - Early stopping due to large KL divergence: 0.7106224298477173
2025-12-06 04:27:11,438 - rlhf_trainer - WARNING - Early stopping due to large KL divergence: 0.978269636631012
2025-12-06 04:27:13,835 - rlhf_trainer - WARNING - Early stopping due to large KL divergence: 3.8384361267089844
2025-12-06 04:27:16,203 - rlhf_trainer - WARNING - Early stopping due to large KL divergence: 2.855483055114746
2025-12-06 04:27:16,206 - utils - INFO - Step 4070:
2025-12-06 04:27:16,206 - utils - INFO -   Policy Loss: -0.0000
2025-12-06 04:27:16,206 - utils - INFO -   Value Loss: 0.1757
2025-12-06 04:27:16,206 - utils - INFO -   Reward Mean: 0.0000
2025-12-06 04:27:16,206 - utils - INFO -   KL Divergence: 0.0000
2025-12-06 04:27:18,540 - rlhf_trainer - WARNING - Early stopping due to large KL divergence: 1.3582441806793213
2025-12-06 04:27:21,579 - rlhf_trainer - WARNING - Early stopping due to large KL divergence: 4.573715686798096
2025-12-06 04:27:23,990 - rlhf_trainer - WARNING - Early stopping due to large KL divergence: 324433888.0
2025-12-06 04:27:26,419 - rlhf_trainer - WARNING - Early stopping due to large KL divergence: 0.0224655419588089
2025-12-06 04:27:28,823 - rlhf_trainer - WARNING - Early stopping due to large KL divergence: 5.126955032348633
2025-12-06 04:27:31,219 - rlhf_trainer - WARNING - Early stopping due to large KL divergence: 72.11601257324219
2025-12-06 04:27:33,588 - rlhf_trainer - WARNING - Early stopping due to large KL divergence: 209155211264.0
2025-12-06 04:27:35,958 - rlhf_trainer - WARNING - Early stopping due to large KL divergence: 30074804.0
2025-12-06 04:27:38,381 - rlhf_trainer - WARNING - Early stopping due to large KL divergence: 6458.97998046875
2025-12-06 04:27:40,760 - rlhf_trainer - WARNING - Early stopping due to large KL divergence: 2.6515543460845947
2025-12-06 04:27:40,763 - utils - INFO - Step 4080:
2025-12-06 04:27:40,763 - utils - INFO -   Policy Loss: 0.0000
2025-12-06 04:27:40,763 - utils - INFO -   Value Loss: 0.1592
2025-12-06 04:27:40,763 - utils - INFO -   Reward Mean: -0.0000
2025-12-06 04:27:40,763 - utils - INFO -   KL Divergence: 0.0000
2025-12-06 04:27:43,109 - rlhf_trainer - WARNING - Early stopping due to large KL divergence: 10.706222534179688
2025-12-06 04:27:45,454 - rlhf_trainer - WARNING - Early stopping due to large KL divergence: 5.034891605377197
2025-12-06 04:27:47,820 - rlhf_trainer - WARNING - Early stopping due to large KL divergence: 6.77717399597168
2025-12-06 04:27:50,171 - rlhf_trainer - WARNING - Early stopping due to large KL divergence: 4.118102073669434
2025-12-06 04:27:52,664 - rlhf_trainer - WARNING - Early stopping due to large KL divergence: 3.6755001544952393
2025-12-06 04:27:55,043 - rlhf_trainer - WARNING - Early stopping due to large KL divergence: 9.15659236907959
2025-12-06 04:27:58,832 - rlhf_trainer - WARNING - Early stopping due to large KL divergence: 21.555877685546875
2025-12-06 04:28:01,677 - rlhf_trainer - WARNING - Early stopping due to large KL divergence: 0.9108219146728516
2025-12-06 04:28:04,488 - rlhf_trainer - WARNING - Early stopping due to large KL divergence: 269.3501281738281
2025-12-06 04:28:06,830 - rlhf_trainer - WARNING - Early stopping due to large KL divergence: 326.6488952636719
2025-12-06 04:28:06,832 - utils - INFO - Step 4090:
2025-12-06 04:28:06,832 - utils - INFO -   Policy Loss: 0.0000
2025-12-06 04:28:06,833 - utils - INFO -   Value Loss: 0.1800
2025-12-06 04:28:06,833 - utils - INFO -   Reward Mean: 0.0000
2025-12-06 04:28:06,833 - utils - INFO -   KL Divergence: 0.0000
2025-12-06 04:28:09,221 - rlhf_trainer - WARNING - Early stopping due to large KL divergence: 6347.46142578125
2025-12-06 04:28:11,744 - rlhf_trainer - WARNING - Early stopping due to large KL divergence: 46.87882614135742
2025-12-06 04:28:14,166 - rlhf_trainer - WARNING - Early stopping due to large KL divergence: 0.26863759756088257
2025-12-06 04:28:16,574 - rlhf_trainer - WARNING - Early stopping due to large KL divergence: 0.35183778405189514
2025-12-06 04:28:18,904 - rlhf_trainer - WARNING - Early stopping due to large KL divergence: 0.8484510183334351
2025-12-06 04:28:21,256 - rlhf_trainer - WARNING - Early stopping due to large KL divergence: 0.9740388989448547
2025-12-06 04:28:23,514 - rlhf_trainer - WARNING - Early stopping due to large KL divergence: 0.02819754183292389
2025-12-06 04:28:25,891 - rlhf_trainer - WARNING - Early stopping due to large KL divergence: 90.5052719116211
2025-12-06 04:28:28,268 - rlhf_trainer - WARNING - Early stopping due to large KL divergence: 0.27213960886001587
2025-12-06 04:28:30,614 - rlhf_trainer - WARNING - Early stopping due to large KL divergence: 47.17134094238281
2025-12-06 04:28:30,617 - utils - INFO - Step 4100:
2025-12-06 04:28:30,617 - utils - INFO -   Policy Loss: 0.0000
2025-12-06 04:28:30,617 - utils - INFO -   Value Loss: 0.1967
2025-12-06 04:28:30,617 - utils - INFO -   Reward Mean: -0.0000
2025-12-06 04:28:30,617 - utils - INFO -   KL Divergence: 0.0000
2025-12-06 04:28:32,968 - rlhf_trainer - WARNING - Early stopping due to large KL divergence: 30459.98828125
2025-12-06 04:28:35,338 - rlhf_trainer - WARNING - Early stopping due to large KL divergence: 0.46346303820610046
2025-12-06 04:28:38,201 - rlhf_trainer - WARNING - Early stopping due to large KL divergence: 3659630903296.0
2025-12-06 04:28:41,781 - rlhf_trainer - WARNING - Early stopping due to large KL divergence: inf
2025-12-06 04:28:44,118 - rlhf_trainer - WARNING - Early stopping due to large KL divergence: inf
2025-12-06 04:28:46,461 - rlhf_trainer - WARNING - Early stopping due to large KL divergence: 0.6603055596351624
2025-12-06 04:28:48,991 - rlhf_trainer - WARNING - Early stopping due to large KL divergence: 202436.40625
2025-12-06 04:28:51,370 - rlhf_trainer - WARNING - Early stopping due to large KL divergence: 0.8434646725654602
2025-12-06 04:28:53,768 - rlhf_trainer - WARNING - Early stopping due to large KL divergence: inf
2025-12-06 04:28:56,203 - rlhf_trainer - WARNING - Early stopping due to large KL divergence: 68.83269500732422
2025-12-06 04:28:56,207 - utils - INFO - Step 4110:
2025-12-06 04:28:56,207 - utils - INFO -   Policy Loss: 0.0000
2025-12-06 04:28:56,207 - utils - INFO -   Value Loss: 0.3185
2025-12-06 04:28:56,207 - utils - INFO -   Reward Mean: 0.0000
2025-12-06 04:28:56,207 - utils - INFO -   KL Divergence: 0.0000
2025-12-06 04:28:58,604 - rlhf_trainer - WARNING - Early stopping due to large KL divergence: 2.4049456119537354
2025-12-06 04:29:01,105 - rlhf_trainer - WARNING - Early stopping due to large KL divergence: 3.0647835731506348
2025-12-06 04:29:03,553 - rlhf_trainer - WARNING - Early stopping due to large KL divergence: 2.1064887046813965
2025-12-06 04:29:05,903 - rlhf_trainer - WARNING - Early stopping due to large KL divergence: 1063816.875
2025-12-06 04:29:08,244 - rlhf_trainer - WARNING - Early stopping due to large KL divergence: 0.4315875172615051
2025-12-06 04:29:10,596 - rlhf_trainer - WARNING - Early stopping due to large KL divergence: 3.1790716648101807
2025-12-06 04:29:13,653 - rlhf_trainer - WARNING - Early stopping due to large KL divergence: 12.424400329589844
2025-12-06 04:29:16,178 - rlhf_trainer - WARNING - Early stopping due to large KL divergence: 2.197066068649292
2025-12-06 04:29:18,519 - rlhf_trainer - WARNING - Early stopping due to large KL divergence: 2.538499355316162
2025-12-06 04:29:20,874 - rlhf_trainer - WARNING - Early stopping due to large KL divergence: 1.4053499698638916
2025-12-06 04:29:20,878 - utils - INFO - Step 4120:
2025-12-06 04:29:20,878 - utils - INFO -   Policy Loss: 0.0000
2025-12-06 04:29:20,878 - utils - INFO -   Value Loss: 0.1318
2025-12-06 04:29:20,878 - utils - INFO -   Reward Mean: 0.0000
2025-12-06 04:29:20,878 - utils - INFO -   KL Divergence: 0.0000
2025-12-06 04:29:23,197 - rlhf_trainer - WARNING - Early stopping due to large KL divergence: 7.0283355712890625
2025-12-06 04:29:25,555 - rlhf_trainer - WARNING - Early stopping due to large KL divergence: 1.4447740316390991
2025-12-06 04:29:27,908 - rlhf_trainer - WARNING - Early stopping due to large KL divergence: 3.371753454208374
2025-12-06 04:29:30,238 - rlhf_trainer - WARNING - Early stopping due to large KL divergence: 0.30287620425224304
2025-12-06 04:29:32,623 - rlhf_trainer - WARNING - Early stopping due to large KL divergence: 2.766530752182007
2025-12-06 04:29:35,041 - rlhf_trainer - WARNING - Early stopping due to large KL divergence: 73.0447006225586
2025-12-06 04:29:37,433 - rlhf_trainer - WARNING - Early stopping due to large KL divergence: 0.7227447032928467
2025-12-06 04:29:39,860 - rlhf_trainer - WARNING - Early stopping due to large KL divergence: 3.568864107131958
2025-12-06 04:29:42,237 - rlhf_trainer - WARNING - Early stopping due to large KL divergence: 0.4871070384979248
2025-12-06 04:29:46,094 - rlhf_trainer - WARNING - Early stopping due to large KL divergence: 45.25290298461914
2025-12-06 04:29:46,097 - utils - INFO - Step 4130:
2025-12-06 04:29:46,097 - utils - INFO -   Policy Loss: 0.0000
2025-12-06 04:29:46,097 - utils - INFO -   Value Loss: 0.2339
2025-12-06 04:29:46,097 - utils - INFO -   Reward Mean: 0.0000
2025-12-06 04:29:46,097 - utils - INFO -   KL Divergence: 0.0000
2025-12-06 04:29:48,451 - rlhf_trainer - WARNING - Early stopping due to large KL divergence: 1.09055757522583
2025-12-06 04:29:50,872 - rlhf_trainer - WARNING - Early stopping due to large KL divergence: 206819426304.0
2025-12-06 04:29:53,246 - rlhf_trainer - WARNING - Early stopping due to large KL divergence: 1.0973800420761108
2025-12-06 04:29:55,594 - rlhf_trainer - WARNING - Early stopping due to large KL divergence: 1.6471012830734253
2025-12-06 04:29:58,388 - rlhf_trainer - WARNING - Early stopping due to large KL divergence: 4.63864278793335
2025-12-06 04:30:00,720 - rlhf_trainer - WARNING - Early stopping due to large KL divergence: 1.3158262968063354
2025-12-06 04:30:03,054 - rlhf_trainer - WARNING - Early stopping due to large KL divergence: 0.32204222679138184
2025-12-06 04:30:05,383 - rlhf_trainer - WARNING - Early stopping due to large KL divergence: 3561723.75
2025-12-06 04:30:07,763 - rlhf_trainer - WARNING - Early stopping due to large KL divergence: 788.4027709960938
2025-12-06 04:30:11,319 - rlhf_trainer - WARNING - Early stopping due to large KL divergence: 1.853969133314406e+21
2025-12-06 04:30:11,322 - utils - INFO - Step 4140:
2025-12-06 04:30:11,323 - utils - INFO -   Policy Loss: 0.0000
2025-12-06 04:30:11,323 - utils - INFO -   Value Loss: 0.0935
2025-12-06 04:30:11,323 - utils - INFO -   Reward Mean: -0.0000
2025-12-06 04:30:11,323 - utils - INFO -   KL Divergence: 0.0000
2025-12-06 04:30:13,726 - rlhf_trainer - WARNING - Early stopping due to large KL divergence: 364.7088928222656
2025-12-06 04:30:16,116 - rlhf_trainer - WARNING - Early stopping due to large KL divergence: 0.300507128238678
2025-12-06 04:30:18,723 - rlhf_trainer - WARNING - Early stopping due to large KL divergence: 2.870626211166382
2025-12-06 04:30:21,319 - rlhf_trainer - WARNING - Early stopping due to large KL divergence: 5.918950080871582
2025-12-06 04:30:24,604 - rlhf_trainer - WARNING - Early stopping due to large KL divergence: 1.9284329414367676
2025-12-06 04:30:27,359 - rlhf_trainer - WARNING - Early stopping due to large KL divergence: 1.5467510223388672
2025-12-06 04:30:29,695 - rlhf_trainer - WARNING - Early stopping due to large KL divergence: 3.605555295944214
2025-12-06 04:30:32,024 - rlhf_trainer - WARNING - Early stopping due to large KL divergence: 2.0739102363586426
2025-12-06 04:30:34,799 - rlhf_trainer - WARNING - Early stopping due to large KL divergence: 8.120938301086426
2025-12-06 04:30:39,346 - rlhf_trainer - WARNING - Early stopping due to large KL divergence: 5.427988052368164
2025-12-06 04:30:39,349 - utils - INFO - Step 4150:
2025-12-06 04:30:39,350 - utils - INFO -   Policy Loss: 0.0000
2025-12-06 04:30:39,350 - utils - INFO -   Value Loss: 4.2989
2025-12-06 04:30:39,350 - utils - INFO -   Reward Mean: -0.0000
2025-12-06 04:30:39,350 - utils - INFO -   KL Divergence: 0.0000
2025-12-06 04:30:41,710 - rlhf_trainer - WARNING - Early stopping due to large KL divergence: 15.652121543884277
2025-12-06 04:30:44,056 - rlhf_trainer - WARNING - Early stopping due to large KL divergence: 1.6127734184265137
2025-12-06 04:30:46,778 - rlhf_trainer - WARNING - Early stopping due to large KL divergence: 29.041545867919922
2025-12-06 04:30:49,160 - rlhf_trainer - WARNING - Early stopping due to large KL divergence: 1098.53076171875
2025-12-06 04:30:51,569 - rlhf_trainer - WARNING - Early stopping due to large KL divergence: 0.2751755714416504
2025-12-06 04:30:54,040 - rlhf_trainer - WARNING - Early stopping due to large KL divergence: 0.31679192185401917
2025-12-06 04:30:56,383 - rlhf_trainer - WARNING - Early stopping due to large KL divergence: 6.8691253662109375
2025-12-06 04:30:59,050 - rlhf_trainer - WARNING - Early stopping due to large KL divergence: 2.317857503890991
2025-12-06 04:31:01,830 - rlhf_trainer - WARNING - Early stopping due to large KL divergence: 8.854045867919922
2025-12-06 04:31:04,193 - rlhf_trainer - WARNING - Early stopping due to large KL divergence: 10.666792869567871
2025-12-06 04:31:04,196 - utils - INFO - Step 4160:
2025-12-06 04:31:04,196 - utils - INFO -   Policy Loss: 0.0000
2025-12-06 04:31:04,196 - utils - INFO -   Value Loss: 0.2722
2025-12-06 04:31:04,196 - utils - INFO -   Reward Mean: -0.0000
2025-12-06 04:31:04,196 - utils - INFO -   KL Divergence: 0.0000
2025-12-06 04:31:06,543 - rlhf_trainer - WARNING - Early stopping due to large KL divergence: 0.4274940490722656
2025-12-06 04:31:08,849 - rlhf_trainer - WARNING - Early stopping due to large KL divergence: 2.171536684036255
2025-12-06 04:31:11,241 - rlhf_trainer - WARNING - Early stopping due to large KL divergence: 1.2446577548980713
2025-12-06 04:31:13,603 - rlhf_trainer - WARNING - Early stopping due to large KL divergence: 3.0144944190979004
2025-12-06 04:31:16,609 - rlhf_trainer - WARNING - Early stopping due to large KL divergence: 1.1955353927286784e+16
2025-12-06 04:31:20,559 - rlhf_trainer - WARNING - Early stopping due to large KL divergence: 35.18955612182617
2025-12-06 04:31:22,904 - rlhf_trainer - WARNING - Early stopping due to large KL divergence: 1.633692741394043
2025-12-06 04:31:25,568 - rlhf_trainer - WARNING - Early stopping due to large KL divergence: 0.8186196684837341
2025-12-06 04:31:28,099 - rlhf_trainer - WARNING - Early stopping due to large KL divergence: 2.944786310195923
2025-12-06 04:31:30,415 - rlhf_trainer - WARNING - Early stopping due to large KL divergence: 2.403498649597168
2025-12-06 04:31:30,418 - utils - INFO - Step 4170:
2025-12-06 04:31:30,419 - utils - INFO -   Policy Loss: -0.0000
2025-12-06 04:31:30,419 - utils - INFO -   Value Loss: 0.0833
2025-12-06 04:31:30,419 - utils - INFO -   Reward Mean: 0.0000
2025-12-06 04:31:30,419 - utils - INFO -   KL Divergence: 0.0000
2025-12-06 04:31:33,681 - rlhf_trainer - WARNING - Early stopping due to large KL divergence: 30.807884216308594
2025-12-06 04:31:36,044 - rlhf_trainer - WARNING - Early stopping due to large KL divergence: 1.331026554107666
2025-12-06 04:31:38,386 - rlhf_trainer - WARNING - Early stopping due to large KL divergence: 1.3887770175933838
2025-12-06 04:31:41,591 - rlhf_trainer - WARNING - Early stopping due to large KL divergence: 8.121912956237793
2025-12-06 04:31:45,469 - rlhf_trainer - WARNING - Early stopping due to large KL divergence: 61.3955078125
2025-12-06 04:31:47,843 - rlhf_trainer - WARNING - Early stopping due to large KL divergence: 3.00130033493042
2025-12-06 04:31:50,433 - rlhf_trainer - WARNING - Early stopping due to large KL divergence: 0.26363229751586914
2025-12-06 04:31:52,837 - rlhf_trainer - WARNING - Early stopping due to large KL divergence: 3.072709083557129
2025-12-06 04:31:55,162 - rlhf_trainer - WARNING - Early stopping due to large KL divergence: 5.3521013259887695
2025-12-06 04:31:57,526 - rlhf_trainer - WARNING - Early stopping due to large KL divergence: 3.422538995742798
2025-12-06 04:31:57,529 - utils - INFO - Step 4180:
2025-12-06 04:31:57,529 - utils - INFO -   Policy Loss: 0.0000
2025-12-06 04:31:57,529 - utils - INFO -   Value Loss: 0.1140
2025-12-06 04:31:57,529 - utils - INFO -   Reward Mean: 0.0000
2025-12-06 04:31:57,529 - utils - INFO -   KL Divergence: 0.0000
2025-12-06 04:31:59,924 - rlhf_trainer - WARNING - Early stopping due to large KL divergence: 8.209900856018066
2025-12-06 04:32:02,417 - rlhf_trainer - WARNING - Early stopping due to large KL divergence: 0.02355298399925232
2025-12-06 04:32:04,919 - rlhf_trainer - WARNING - Early stopping due to large KL divergence: 0.6144335269927979
2025-12-06 04:32:07,292 - rlhf_trainer - WARNING - Early stopping due to large KL divergence: 4.937772750854492
2025-12-06 04:32:09,649 - rlhf_trainer - WARNING - Early stopping due to large KL divergence: 6.316407203674316
2025-12-06 04:32:12,045 - rlhf_trainer - WARNING - Early stopping due to large KL divergence: 1.261750340461731
2025-12-06 04:32:14,452 - rlhf_trainer - WARNING - Early stopping due to large KL divergence: 1.6499457359313965
2025-12-06 04:32:16,815 - rlhf_trainer - WARNING - Early stopping due to large KL divergence: 1.2943356037139893
2025-12-06 04:32:20,725 - rlhf_trainer - WARNING - Early stopping due to large KL divergence: 143.099365234375
2025-12-06 04:32:23,125 - rlhf_trainer - WARNING - Early stopping due to large KL divergence: 0.7036197185516357
2025-12-06 04:32:23,128 - utils - INFO - Step 4190:
2025-12-06 04:32:23,129 - utils - INFO -   Policy Loss: 0.0000
2025-12-06 04:32:23,129 - utils - INFO -   Value Loss: 0.0416
2025-12-06 04:32:23,129 - utils - INFO -   Reward Mean: -0.0000
2025-12-06 04:32:23,129 - utils - INFO -   KL Divergence: 0.0000
2025-12-06 04:32:25,894 - rlhf_trainer - WARNING - Early stopping due to large KL divergence: 2.6869559288024902
2025-12-06 04:32:28,285 - rlhf_trainer - WARNING - Early stopping due to large KL divergence: 0.985855221748352
2025-12-06 04:32:30,643 - rlhf_trainer - WARNING - Early stopping due to large KL divergence: 1.235863208770752
2025-12-06 04:32:33,004 - rlhf_trainer - WARNING - Early stopping due to large KL divergence: 1.756812334060669
2025-12-06 04:32:35,371 - rlhf_trainer - WARNING - Early stopping due to large KL divergence: 0.3254573941230774
2025-12-06 04:32:37,873 - rlhf_trainer - WARNING - Early stopping due to large KL divergence: 0.7938554883003235
2025-12-06 04:32:40,236 - rlhf_trainer - WARNING - Early stopping due to large KL divergence: 1.7508318424224854
2025-12-06 04:32:42,601 - rlhf_trainer - WARNING - Early stopping due to large KL divergence: 2.1341254711151123
2025-12-06 04:32:45,058 - rlhf_trainer - WARNING - Early stopping due to large KL divergence: 1999.355224609375
2025-12-06 04:32:48,425 - rlhf_trainer - WARNING - Early stopping due to large KL divergence: 2.558967351913452
2025-12-06 04:32:48,429 - utils - INFO - Step 4200:
2025-12-06 04:32:48,429 - utils - INFO -   Policy Loss: 0.0000
2025-12-06 04:32:48,429 - utils - INFO -   Value Loss: 0.1594
2025-12-06 04:32:48,429 - utils - INFO -   Reward Mean: 0.0000
2025-12-06 04:32:48,429 - utils - INFO -   KL Divergence: 0.0000
2025-12-06 04:32:50,820 - rlhf_trainer - WARNING - Early stopping due to large KL divergence: 19.179527282714844
2025-12-06 04:32:53,263 - rlhf_trainer - WARNING - Early stopping due to large KL divergence: 0.8551660180091858
2025-12-06 04:32:55,637 - rlhf_trainer - WARNING - Early stopping due to large KL divergence: 1.3243645429611206
2025-12-06 04:32:58,786 - rlhf_trainer - WARNING - Early stopping due to large KL divergence: 2.0805845260620117
2025-12-06 04:33:01,227 - rlhf_trainer - WARNING - Early stopping due to large KL divergence: 2.8564889430999756
2025-12-06 04:33:03,584 - rlhf_trainer - WARNING - Early stopping due to large KL divergence: 41.50179672241211
2025-12-06 04:33:05,943 - rlhf_trainer - WARNING - Early stopping due to large KL divergence: 0.561604917049408
2025-12-06 04:33:08,269 - rlhf_trainer - WARNING - Early stopping due to large KL divergence: 32.42529296875
2025-12-06 04:33:10,589 - rlhf_trainer - WARNING - Early stopping due to large KL divergence: 0.7681578397750854
2025-12-06 04:33:13,004 - rlhf_trainer - WARNING - Early stopping due to large KL divergence: 1.0109260082244873
2025-12-06 04:33:13,008 - utils - INFO - Step 4210:
2025-12-06 04:33:13,008 - utils - INFO -   Policy Loss: 0.0000
2025-12-06 04:33:13,008 - utils - INFO -   Value Loss: 0.2027
2025-12-06 04:33:13,008 - utils - INFO -   Reward Mean: 0.0000
2025-12-06 04:33:13,008 - utils - INFO -   KL Divergence: 0.0000
2025-12-06 04:33:15,353 - rlhf_trainer - WARNING - Early stopping due to large KL divergence: 0.49928587675094604
2025-12-06 04:33:18,343 - rlhf_trainer - WARNING - Early stopping due to large KL divergence: 3.7398133277893066
2025-12-06 04:33:20,699 - rlhf_trainer - WARNING - Early stopping due to large KL divergence: 11.467531204223633
2025-12-06 04:33:23,029 - rlhf_trainer - WARNING - Early stopping due to large KL divergence: 1.0926398038864136
2025-12-06 04:33:25,382 - rlhf_trainer - WARNING - Early stopping due to large KL divergence: 2.4235544204711914
2025-12-06 04:33:28,267 - rlhf_trainer - WARNING - Early stopping due to large KL divergence: 0.19804510474205017
2025-12-06 04:33:31,053 - rlhf_trainer - WARNING - Early stopping due to large KL divergence: 16.285633087158203
2025-12-06 04:33:33,826 - rlhf_trainer - WARNING - Early stopping due to large KL divergence: 0.7121371030807495
2025-12-06 04:33:37,048 - rlhf_trainer - WARNING - Early stopping due to large KL divergence: 4.00950813293457
2025-12-06 04:33:39,816 - rlhf_trainer - WARNING - Early stopping due to large KL divergence: 0.7376580238342285
2025-12-06 04:33:39,820 - utils - INFO - Step 4220:
2025-12-06 04:33:39,820 - utils - INFO -   Policy Loss: 0.0000
2025-12-06 04:33:39,820 - utils - INFO -   Value Loss: 0.1545
2025-12-06 04:33:39,820 - utils - INFO -   Reward Mean: -0.0000
2025-12-06 04:33:39,820 - utils - INFO -   KL Divergence: 0.0000
2025-12-06 04:33:42,583 - rlhf_trainer - WARNING - Early stopping due to large KL divergence: 1.726925253868103
2025-12-06 04:33:45,745 - rlhf_trainer - WARNING - Early stopping due to large KL divergence: 2.7736661434173584
2025-12-06 04:33:48,878 - rlhf_trainer - WARNING - Early stopping due to large KL divergence: 3.559229850769043
2025-12-06 04:33:51,859 - rlhf_trainer - WARNING - Early stopping due to large KL divergence: 0.02595999836921692
2025-12-06 04:33:54,180 - rlhf_trainer - WARNING - Early stopping due to large KL divergence: 1.6628940105438232
2025-12-06 04:33:56,935 - rlhf_trainer - WARNING - Early stopping due to large KL divergence: 8.544000116476293e+28
2025-12-06 04:33:59,348 - rlhf_trainer - WARNING - Early stopping due to large KL divergence: 0.04838407039642334
2025-12-06 04:34:01,754 - rlhf_trainer - WARNING - Early stopping due to large KL divergence: 1.0450153350830078
2025-12-06 04:34:04,110 - rlhf_trainer - WARNING - Early stopping due to large KL divergence: 0.5230715274810791
2025-12-06 04:34:06,457 - rlhf_trainer - WARNING - Early stopping due to large KL divergence: 24.711280822753906
2025-12-06 04:34:06,460 - utils - INFO - Step 4230:
2025-12-06 04:34:06,460 - utils - INFO -   Policy Loss: 0.0000
2025-12-06 04:34:06,460 - utils - INFO -   Value Loss: 0.2591
2025-12-06 04:34:06,460 - utils - INFO -   Reward Mean: 0.0000
2025-12-06 04:34:06,460 - utils - INFO -   KL Divergence: 0.0000
2025-12-06 04:34:08,812 - rlhf_trainer - WARNING - Early stopping due to large KL divergence: 6.979922294616699
2025-12-06 04:34:11,559 - rlhf_trainer - WARNING - Early stopping due to large KL divergence: 186.74229431152344
2025-12-06 04:34:13,893 - rlhf_trainer - WARNING - Early stopping due to large KL divergence: 864.37060546875
2025-12-06 04:34:16,203 - rlhf_trainer - WARNING - Early stopping due to large KL divergence: 7579.22021484375
2025-12-06 04:34:18,612 - rlhf_trainer - WARNING - Early stopping due to large KL divergence: 3.4977033138275146
2025-12-06 04:34:21,427 - rlhf_trainer - WARNING - Early stopping due to large KL divergence: 0.9598573446273804
2025-12-06 04:34:24,200 - rlhf_trainer - WARNING - Early stopping due to large KL divergence: 25.217988967895508
2025-12-06 04:34:26,968 - rlhf_trainer - WARNING - Early stopping due to large KL divergence: 3.7458311668654146e+19
2025-12-06 04:34:29,730 - rlhf_trainer - WARNING - Early stopping due to large KL divergence: 1.1988275051116943
2025-12-06 04:34:32,192 - rlhf_trainer - WARNING - Early stopping due to large KL divergence: 2.5562069416046143
2025-12-06 04:34:32,195 - utils - INFO - Step 4240:
2025-12-06 04:34:32,195 - utils - INFO -   Policy Loss: 0.0000
2025-12-06 04:34:32,195 - utils - INFO -   Value Loss: 0.1686
2025-12-06 04:34:32,195 - utils - INFO -   Reward Mean: 0.0000
2025-12-06 04:34:32,195 - utils - INFO -   KL Divergence: 0.0000
2025-12-06 04:34:34,573 - rlhf_trainer - WARNING - Early stopping due to large KL divergence: 0.9083817005157471
2025-12-06 04:34:36,916 - rlhf_trainer - WARNING - Early stopping due to large KL divergence: 2.976776599884033
2025-12-06 04:34:40,518 - rlhf_trainer - WARNING - Early stopping due to large KL divergence: 12.50195598602295
2025-12-06 04:34:43,263 - rlhf_trainer - WARNING - Early stopping due to large KL divergence: 6.5273118019104
2025-12-06 04:34:46,006 - rlhf_trainer - WARNING - Early stopping due to large KL divergence: 0.23628827929496765
2025-12-06 04:34:48,387 - rlhf_trainer - WARNING - Early stopping due to large KL divergence: 2.6630191802978516
2025-12-06 04:34:50,745 - rlhf_trainer - WARNING - Early stopping due to large KL divergence: 0.5004222989082336
2025-12-06 04:34:53,116 - rlhf_trainer - WARNING - Early stopping due to large KL divergence: 0.20691387355327606
2025-12-06 04:34:55,592 - rlhf_trainer - WARNING - Early stopping due to large KL divergence: 0.6011834740638733
2025-12-06 04:34:57,921 - rlhf_trainer - WARNING - Early stopping due to large KL divergence: 0.41864076256752014
2025-12-06 04:34:57,923 - utils - INFO - Step 4250:
2025-12-06 04:34:57,924 - utils - INFO -   Policy Loss: 0.0000
2025-12-06 04:34:57,924 - utils - INFO -   Value Loss: 0.2426
2025-12-06 04:34:57,924 - utils - INFO -   Reward Mean: 0.0000
2025-12-06 04:34:57,924 - utils - INFO -   KL Divergence: 0.0000
2025-12-06 04:35:00,275 - rlhf_trainer - WARNING - Early stopping due to large KL divergence: 1.3345180749893188
2025-12-06 04:35:02,631 - rlhf_trainer - WARNING - Early stopping due to large KL divergence: 0.6438162326812744
2025-12-06 04:35:05,091 - rlhf_trainer - WARNING - Early stopping due to large KL divergence: 1.2333358526229858
2025-12-06 04:35:07,477 - rlhf_trainer - WARNING - Early stopping due to large KL divergence: 1.3147668838500977
2025-12-06 04:35:09,807 - rlhf_trainer - WARNING - Early stopping due to large KL divergence: 2.4915406703948975
2025-12-06 04:35:12,196 - rlhf_trainer - WARNING - Early stopping due to large KL divergence: 3.6594648361206055
2025-12-06 04:35:14,583 - rlhf_trainer - WARNING - Early stopping due to large KL divergence: 5.375670909881592
2025-12-06 04:35:17,172 - rlhf_trainer - WARNING - Early stopping due to large KL divergence: 2.6710636615753174
2025-12-06 04:35:19,516 - rlhf_trainer - WARNING - Early stopping due to large KL divergence: 1.6280736923217773
2025-12-06 04:35:21,880 - rlhf_trainer - WARNING - Early stopping due to large KL divergence: 1.75546395778656
2025-12-06 04:35:21,883 - utils - INFO - Step 4260:
2025-12-06 04:35:21,883 - utils - INFO -   Policy Loss: 0.0000
2025-12-06 04:35:21,883 - utils - INFO -   Value Loss: 0.3750
2025-12-06 04:35:21,883 - utils - INFO -   Reward Mean: -0.0000
2025-12-06 04:35:21,883 - utils - INFO -   KL Divergence: 0.0000
2025-12-06 04:35:24,366 - rlhf_trainer - WARNING - Early stopping due to large KL divergence: 1.8855564594268799
2025-12-06 04:35:27,205 - rlhf_trainer - WARNING - Early stopping due to large KL divergence: 34.86121368408203
2025-12-06 04:35:29,532 - rlhf_trainer - WARNING - Early stopping due to large KL divergence: 2.0527219772338867
2025-12-06 04:35:31,880 - rlhf_trainer - WARNING - Early stopping due to large KL divergence: 1.1237982511520386
2025-12-06 04:35:34,271 - rlhf_trainer - WARNING - Early stopping due to large KL divergence: 4.82672643661499
2025-12-06 04:35:36,633 - rlhf_trainer - WARNING - Early stopping due to large KL divergence: 1.4946118593215942
2025-12-06 04:35:39,147 - rlhf_trainer - WARNING - Early stopping due to large KL divergence: 2.0539283752441406
2025-12-06 04:35:41,524 - rlhf_trainer - WARNING - Early stopping due to large KL divergence: 3.844444751739502
2025-12-06 04:35:43,897 - rlhf_trainer - WARNING - Early stopping due to large KL divergence: 1204.8524169921875
2025-12-06 04:35:46,234 - rlhf_trainer - WARNING - Early stopping due to large KL divergence: 0.4023723304271698
2025-12-06 04:35:46,237 - utils - INFO - Step 4270:
2025-12-06 04:35:46,237 - utils - INFO -   Policy Loss: 0.0000
2025-12-06 04:35:46,237 - utils - INFO -   Value Loss: 0.1738
2025-12-06 04:35:46,237 - utils - INFO -   Reward Mean: 0.0000
2025-12-06 04:35:46,237 - utils - INFO -   KL Divergence: 0.0000
2025-12-06 04:35:50,392 - rlhf_trainer - WARNING - Early stopping due to large KL divergence: 112.78981018066406
2025-12-06 04:35:52,729 - rlhf_trainer - WARNING - Early stopping due to large KL divergence: 7.393270015716553
2025-12-06 04:35:55,057 - rlhf_trainer - WARNING - Early stopping due to large KL divergence: 142.5135498046875
2025-12-06 04:35:57,384 - rlhf_trainer - WARNING - Early stopping due to large KL divergence: 182.99163818359375
2025-12-06 04:35:59,721 - rlhf_trainer - WARNING - Early stopping due to large KL divergence: 28.238149642944336
2025-12-06 04:36:02,764 - rlhf_trainer - WARNING - Early stopping due to large KL divergence: 65.19332885742188
2025-12-06 04:36:05,097 - rlhf_trainer - WARNING - Early stopping due to large KL divergence: 0.7112568020820618
2025-12-06 04:36:07,825 - rlhf_trainer - WARNING - Early stopping due to large KL divergence: 70.0235824584961
2025-12-06 04:36:10,233 - rlhf_trainer - WARNING - Early stopping due to large KL divergence: 11.718344688415527
2025-12-06 04:36:14,028 - rlhf_trainer - WARNING - Early stopping due to large KL divergence: 122.54021453857422
2025-12-06 04:36:14,031 - utils - INFO - Step 4280:
2025-12-06 04:36:14,031 - utils - INFO -   Policy Loss: 0.0000
2025-12-06 04:36:14,031 - utils - INFO -   Value Loss: 0.1429
2025-12-06 04:36:14,031 - utils - INFO -   Reward Mean: -0.0000
2025-12-06 04:36:14,031 - utils - INFO -   KL Divergence: 0.0000
2025-12-06 04:36:16,369 - rlhf_trainer - WARNING - Early stopping due to large KL divergence: 140.83145141601562
2025-12-06 04:36:19,293 - rlhf_trainer - WARNING - Early stopping due to large KL divergence: 272.5510559082031
2025-12-06 04:36:22,670 - rlhf_trainer - WARNING - Early stopping due to large KL divergence: 14.437505722045898
2025-12-06 04:36:25,051 - rlhf_trainer - WARNING - Early stopping due to large KL divergence: 1.3473848104476929
2025-12-06 04:36:27,417 - rlhf_trainer - WARNING - Early stopping due to large KL divergence: 2.7661404609680176
2025-12-06 04:36:29,794 - rlhf_trainer - WARNING - Early stopping due to large KL divergence: 3.2768306732177734
2025-12-06 04:36:32,175 - rlhf_trainer - WARNING - Early stopping due to large KL divergence: 13.427042007446289
2025-12-06 04:36:34,623 - rlhf_trainer - WARNING - Early stopping due to large KL divergence: 0.8482366800308228
2025-12-06 04:36:36,997 - rlhf_trainer - WARNING - Early stopping due to large KL divergence: 3.2322402000427246
2025-12-06 04:36:39,870 - rlhf_trainer - WARNING - Early stopping due to large KL divergence: 0.7156531810760498
2025-12-06 04:36:39,873 - utils - INFO - Step 4290:
2025-12-06 04:36:39,873 - utils - INFO -   Policy Loss: -0.0000
2025-12-06 04:36:39,873 - utils - INFO -   Value Loss: 0.1496
2025-12-06 04:36:39,873 - utils - INFO -   Reward Mean: 0.0000
2025-12-06 04:36:39,873 - utils - INFO -   KL Divergence: 0.0000
2025-12-06 04:36:42,234 - rlhf_trainer - WARNING - Early stopping due to large KL divergence: 1.3065197467803955
2025-12-06 04:36:44,581 - rlhf_trainer - WARNING - Early stopping due to large KL divergence: 2.145534038543701
2025-12-06 04:36:46,907 - rlhf_trainer - WARNING - Early stopping due to large KL divergence: 2.6971633434295654
2025-12-06 04:36:49,277 - rlhf_trainer - WARNING - Early stopping due to large KL divergence: 2.3324687480926514
2025-12-06 04:36:51,709 - rlhf_trainer - WARNING - Early stopping due to large KL divergence: 1.8335026502609253
2025-12-06 04:36:54,038 - rlhf_trainer - WARNING - Early stopping due to large KL divergence: 1.3610005378723145
2025-12-06 04:36:56,419 - rlhf_trainer - WARNING - Early stopping due to large KL divergence: 2.68957257270813
2025-12-06 04:36:58,865 - rlhf_trainer - WARNING - Early stopping due to large KL divergence: 0.44877859950065613
2025-12-06 04:37:01,322 - rlhf_trainer - WARNING - Early stopping due to large KL divergence: 47336.109375
2025-12-06 04:37:04,228 - rlhf_trainer - WARNING - Early stopping due to large KL divergence: 0.8168952465057373
2025-12-06 04:37:04,231 - utils - INFO - Step 4300:
2025-12-06 04:37:04,231 - utils - INFO -   Policy Loss: -0.0152
2025-12-06 04:37:04,231 - utils - INFO -   Value Loss: 0.2325
2025-12-06 04:37:04,231 - utils - INFO -   Reward Mean: 0.0000
2025-12-06 04:37:04,231 - utils - INFO -   KL Divergence: 0.0047
2025-12-06 04:37:06,562 - rlhf_trainer - WARNING - Early stopping due to large KL divergence: 311.2501525878906
2025-12-06 04:37:09,062 - rlhf_trainer - WARNING - Early stopping due to large KL divergence: 40.632164001464844
2025-12-06 04:37:11,429 - rlhf_trainer - WARNING - Early stopping due to large KL divergence: 1.665655493736267
2025-12-06 04:37:13,778 - rlhf_trainer - WARNING - Early stopping due to large KL divergence: 2.735004425048828
2025-12-06 04:37:16,411 - rlhf_trainer - WARNING - Early stopping due to large KL divergence: 2.8257622718811035
2025-12-06 04:37:18,741 - rlhf_trainer - WARNING - Early stopping due to large KL divergence: 2.698589563369751
2025-12-06 04:37:21,121 - rlhf_trainer - WARNING - Early stopping due to large KL divergence: 14.461095809936523
2025-12-06 04:37:24,617 - rlhf_trainer - WARNING - Early stopping due to large KL divergence: 3.0293397903442383
2025-12-06 04:37:27,249 - rlhf_trainer - WARNING - Early stopping due to large KL divergence: 0.9512154459953308
2025-12-06 04:37:29,624 - rlhf_trainer - WARNING - Early stopping due to large KL divergence: 0.5866201519966125
2025-12-06 04:37:29,627 - utils - INFO - Step 4310:
2025-12-06 04:37:29,628 - utils - INFO -   Policy Loss: 0.0000
2025-12-06 04:37:29,628 - utils - INFO -   Value Loss: 0.2377
2025-12-06 04:37:29,628 - utils - INFO -   Reward Mean: 0.0000
2025-12-06 04:37:29,628 - utils - INFO -   KL Divergence: 0.0000
2025-12-06 04:37:32,105 - rlhf_trainer - WARNING - Early stopping due to large KL divergence: 3.1698179244995117
2025-12-06 04:37:34,479 - rlhf_trainer - WARNING - Early stopping due to large KL divergence: 0.8065524697303772
2025-12-06 04:37:36,863 - rlhf_trainer - WARNING - Early stopping due to large KL divergence: 3.915661096572876
2025-12-06 04:37:39,759 - rlhf_trainer - WARNING - Early stopping due to large KL divergence: 18.054569244384766
2025-12-06 04:37:42,127 - rlhf_trainer - WARNING - Early stopping due to large KL divergence: 1.6621298789978027
2025-12-06 04:37:44,467 - rlhf_trainer - WARNING - Early stopping due to large KL divergence: 593549.9375
2025-12-06 04:37:48,075 - rlhf_trainer - WARNING - Early stopping due to large KL divergence: 44695.421875
2025-12-06 04:37:50,492 - rlhf_trainer - WARNING - Early stopping due to large KL divergence: 0.5161278247833252
2025-12-06 04:37:52,864 - rlhf_trainer - WARNING - Early stopping due to large KL divergence: 8515982.0
2025-12-06 04:37:55,754 - rlhf_trainer - WARNING - Early stopping due to large KL divergence: 0.1760702282190323
2025-12-06 04:37:55,757 - utils - INFO - Step 4320:
2025-12-06 04:37:55,757 - utils - INFO -   Policy Loss: -0.0023
2025-12-06 04:37:55,757 - utils - INFO -   Value Loss: 0.5035
2025-12-06 04:37:55,758 - utils - INFO -   Reward Mean: -0.0000
2025-12-06 04:37:55,758 - utils - INFO -   KL Divergence: 0.0031
2025-12-06 04:37:58,690 - rlhf_trainer - WARNING - Early stopping due to large KL divergence: 0.03942351043224335
2025-12-06 04:38:01,083 - rlhf_trainer - WARNING - Early stopping due to large KL divergence: 18.29753875732422
2025-12-06 04:38:03,452 - rlhf_trainer - WARNING - Early stopping due to large KL divergence: 0.12118247151374817
2025-12-06 04:38:05,800 - rlhf_trainer - WARNING - Early stopping due to large KL divergence: 23.91725730895996
2025-12-06 04:38:08,155 - rlhf_trainer - WARNING - Early stopping due to large KL divergence: 78541.0859375
2025-12-06 04:38:10,595 - rlhf_trainer - WARNING - Early stopping due to large KL divergence: 1.6724939346313477
2025-12-06 04:38:12,981 - rlhf_trainer - WARNING - Early stopping due to large KL divergence: 0.10386854410171509
2025-12-06 04:38:15,345 - rlhf_trainer - WARNING - Early stopping due to large KL divergence: 2.143932580947876
2025-12-06 04:38:19,702 - rlhf_trainer - WARNING - Early stopping due to large KL divergence: 1.926570492363708e+33
2025-12-06 04:38:22,063 - rlhf_trainer - WARNING - Early stopping due to large KL divergence: 1.6547898054122925
2025-12-06 04:38:22,067 - utils - INFO - Step 4330:
2025-12-06 04:38:22,067 - utils - INFO -   Policy Loss: 0.0000
2025-12-06 04:38:22,067 - utils - INFO -   Value Loss: 0.2232
2025-12-06 04:38:22,067 - utils - INFO -   Reward Mean: -0.0000
2025-12-06 04:38:22,067 - utils - INFO -   KL Divergence: 0.0000
2025-12-06 04:38:24,423 - rlhf_trainer - WARNING - Early stopping due to large KL divergence: 3.7612807750701904
2025-12-06 04:38:27,182 - rlhf_trainer - WARNING - Early stopping due to large KL divergence: 6.808321952819824
2025-12-06 04:38:29,949 - rlhf_trainer - WARNING - Early stopping due to large KL divergence: 9566215168.0
2025-12-06 04:38:32,787 - rlhf_trainer - WARNING - Early stopping due to large KL divergence: 0.2163839191198349
2025-12-06 04:38:35,370 - rlhf_trainer - WARNING - Early stopping due to large KL divergence: 2.6376280784606934
2025-12-06 04:38:37,709 - rlhf_trainer - WARNING - Early stopping due to large KL divergence: 739154624.0
2025-12-06 04:38:40,108 - rlhf_trainer - WARNING - Early stopping due to large KL divergence: 0.7503752112388611
2025-12-06 04:38:42,444 - rlhf_trainer - WARNING - Early stopping due to large KL divergence: 1.1079683303833008
2025-12-06 04:38:44,853 - rlhf_trainer - WARNING - Early stopping due to large KL divergence: 2.055971145629883
2025-12-06 04:38:47,218 - rlhf_trainer - WARNING - Early stopping due to large KL divergence: 1.8190274238586426
2025-12-06 04:38:47,221 - utils - INFO - Step 4340:
2025-12-06 04:38:47,221 - utils - INFO -   Policy Loss: 0.0000
2025-12-06 04:38:47,221 - utils - INFO -   Value Loss: 0.1953
2025-12-06 04:38:47,221 - utils - INFO -   Reward Mean: -0.0000
2025-12-06 04:38:47,221 - utils - INFO -   KL Divergence: 0.0000
2025-12-06 04:38:49,585 - rlhf_trainer - WARNING - Early stopping due to large KL divergence: 1.1530585289001465
2025-12-06 04:38:52,001 - rlhf_trainer - WARNING - Early stopping due to large KL divergence: 2.365190029144287
2025-12-06 04:38:54,352 - rlhf_trainer - WARNING - Early stopping due to large KL divergence: 4.783992767333984
2025-12-06 04:38:56,739 - rlhf_trainer - WARNING - Early stopping due to large KL divergence: 139.2185516357422
2025-12-06 04:38:59,086 - rlhf_trainer - WARNING - Early stopping due to large KL divergence: 3.954439640045166
2025-12-06 04:39:02,075 - rlhf_trainer - WARNING - Early stopping due to large KL divergence: 0.03863060474395752
2025-12-06 04:39:04,413 - rlhf_trainer - WARNING - Early stopping due to large KL divergence: 2.003310441970825
2025-12-06 04:39:06,735 - rlhf_trainer - WARNING - Early stopping due to large KL divergence: 2.7837910652160645
2025-12-06 04:39:09,075 - rlhf_trainer - WARNING - Early stopping due to large KL divergence: 1.6915652751922607
2025-12-06 04:39:11,467 - rlhf_trainer - WARNING - Early stopping due to large KL divergence: 0.8924826979637146
2025-12-06 04:39:11,470 - utils - INFO - Step 4350:
2025-12-06 04:39:11,470 - utils - INFO -   Policy Loss: -0.0000
2025-12-06 04:39:11,470 - utils - INFO -   Value Loss: 0.1432
2025-12-06 04:39:11,470 - utils - INFO -   Reward Mean: 0.0000
2025-12-06 04:39:11,471 - utils - INFO -   KL Divergence: 0.0000
2025-12-06 04:39:13,843 - rlhf_trainer - WARNING - Early stopping due to large KL divergence: 2.55430269241333
2025-12-06 04:39:16,186 - rlhf_trainer - WARNING - Early stopping due to large KL divergence: 264.4820861816406
2025-12-06 04:39:18,581 - rlhf_trainer - WARNING - Early stopping due to large KL divergence: 1.9733178615570068
2025-12-06 04:39:21,073 - rlhf_trainer - WARNING - Early stopping due to large KL divergence: 23.95918846130371
2025-12-06 04:39:23,431 - rlhf_trainer - WARNING - Early stopping due to large KL divergence: 0.28414130210876465
2025-12-06 04:39:25,772 - rlhf_trainer - WARNING - Early stopping due to large KL divergence: 11.976250648498535
2025-12-06 04:39:28,292 - rlhf_trainer - WARNING - Early stopping due to large KL divergence: 2.001014471054077
2025-12-06 04:39:30,621 - rlhf_trainer - WARNING - Early stopping due to large KL divergence: 0.7816876173019409
2025-12-06 04:39:32,944 - rlhf_trainer - WARNING - Early stopping due to large KL divergence: 5732.47314453125
2025-12-06 04:39:35,297 - rlhf_trainer - WARNING - Early stopping due to large KL divergence: 1.4709540605545044
2025-12-06 04:39:35,300 - utils - INFO - Step 4360:
2025-12-06 04:39:35,360 - utils - INFO -   Policy Loss: 0.0000
2025-12-06 04:39:35,361 - utils - INFO -   Value Loss: 0.0724
2025-12-06 04:39:35,361 - utils - INFO -   Reward Mean: 0.0000
2025-12-06 04:39:35,361 - utils - INFO -   KL Divergence: 0.0000
2025-12-06 04:39:38,124 - rlhf_trainer - WARNING - Early stopping due to large KL divergence: 7.683866986635633e+27
2025-12-06 04:39:40,470 - rlhf_trainer - WARNING - Early stopping due to large KL divergence: 1.4514727592468262
2025-12-06 04:39:43,426 - rlhf_trainer - WARNING - Early stopping due to large KL divergence: 0.04176552593708038
2025-12-06 04:39:45,824 - rlhf_trainer - WARNING - Early stopping due to large KL divergence: 1.4604251384735107
2025-12-06 04:39:48,190 - rlhf_trainer - WARNING - Early stopping due to large KL divergence: 3.748687267303467
2025-12-06 04:39:52,014 - rlhf_trainer - WARNING - Early stopping due to large KL divergence: 15925498.0
2025-12-06 04:39:54,357 - rlhf_trainer - WARNING - Early stopping due to large KL divergence: 0.049363091588020325
2025-12-06 04:39:56,684 - rlhf_trainer - WARNING - Early stopping due to large KL divergence: 0.11611694097518921
2025-12-06 04:39:59,517 - rlhf_trainer - WARNING - Early stopping due to large KL divergence: 2.5584988594055176
2025-12-06 04:40:01,924 - rlhf_trainer - WARNING - Early stopping due to large KL divergence: 1.096466302871704
2025-12-06 04:40:01,927 - utils - INFO - Step 4370:
2025-12-06 04:40:01,927 - utils - INFO -   Policy Loss: 0.0000
2025-12-06 04:40:01,927 - utils - INFO -   Value Loss: 0.1466
2025-12-06 04:40:01,927 - utils - INFO -   Reward Mean: 0.0000
2025-12-06 04:40:01,927 - utils - INFO -   KL Divergence: 0.0000
2025-12-06 04:40:04,317 - rlhf_trainer - WARNING - Early stopping due to large KL divergence: 3.1490523124815296e+34
2025-12-06 04:40:06,678 - rlhf_trainer - WARNING - Early stopping due to large KL divergence: 1.563206434249878
2025-12-06 04:40:09,050 - rlhf_trainer - WARNING - Early stopping due to large KL divergence: 1.0728271007537842
2025-12-06 04:40:11,458 - rlhf_trainer - WARNING - Early stopping due to large KL divergence: 5.872607231140137
2025-12-06 04:40:13,858 - rlhf_trainer - WARNING - Early stopping due to large KL divergence: 1.0211362838745117
2025-12-06 04:40:19,601 - rlhf_trainer - WARNING - Early stopping due to large KL divergence: 3.736997604370117
2025-12-06 04:40:21,993 - rlhf_trainer - WARNING - Early stopping due to large KL divergence: 0.8159719705581665
2025-12-06 04:40:24,774 - rlhf_trainer - WARNING - Early stopping due to large KL divergence: 25.13884162902832
2025-12-06 04:40:27,542 - rlhf_trainer - WARNING - Early stopping due to large KL divergence: 1.294832706451416
2025-12-06 04:40:27,546 - utils - INFO - Step 4380:
2025-12-06 04:40:27,546 - utils - INFO -   Policy Loss: 0.0000
2025-12-06 04:40:27,546 - utils - INFO -   Value Loss: 0.2609
2025-12-06 04:40:27,546 - utils - INFO -   Reward Mean: 0.0000
2025-12-06 04:40:27,546 - utils - INFO -   KL Divergence: 0.0000
2025-12-06 04:40:29,883 - rlhf_trainer - WARNING - Early stopping due to large KL divergence: 1.3002607822418213
2025-12-06 04:40:32,270 - rlhf_trainer - WARNING - Early stopping due to large KL divergence: 1.2792582511901855
2025-12-06 04:40:34,634 - rlhf_trainer - WARNING - Early stopping due to large KL divergence: 469.4689636230469
2025-12-06 04:40:37,024 - rlhf_trainer - WARNING - Early stopping due to large KL divergence: 7.230838775634766
2025-12-06 04:40:39,397 - rlhf_trainer - WARNING - Early stopping due to large KL divergence: 5.379947662353516
2025-12-06 04:40:41,941 - rlhf_trainer - WARNING - Early stopping due to large KL divergence: 10.152199745178223
2025-12-06 04:40:44,246 - rlhf_trainer - WARNING - Early stopping due to large KL divergence: 5.189981460571289
2025-12-06 04:40:46,573 - rlhf_trainer - WARNING - Early stopping due to large KL divergence: 0.07228435575962067
2025-12-06 04:40:48,917 - rlhf_trainer - WARNING - Early stopping due to large KL divergence: 0.05998431146144867
2025-12-06 04:40:51,337 - rlhf_trainer - WARNING - Early stopping due to large KL divergence: 0.2935097813606262
2025-12-06 04:40:51,340 - utils - INFO - Step 4390:
2025-12-06 04:40:51,340 - utils - INFO -   Policy Loss: 0.0000
2025-12-06 04:40:51,340 - utils - INFO -   Value Loss: 0.1613
2025-12-06 04:40:51,340 - utils - INFO -   Reward Mean: 0.0000
2025-12-06 04:40:51,340 - utils - INFO -   KL Divergence: 0.0000
2025-12-06 04:40:53,707 - rlhf_trainer - WARNING - Early stopping due to large KL divergence: 473896064.0
2025-12-06 04:40:56,081 - rlhf_trainer - WARNING - Early stopping due to large KL divergence: 2.4502692222595215
2025-12-06 04:40:58,823 - rlhf_trainer - WARNING - Early stopping due to large KL divergence: 2.412116765975952
2025-12-06 04:41:01,608 - rlhf_trainer - WARNING - Early stopping due to large KL divergence: 3.6851747035980225
2025-12-06 04:41:03,940 - rlhf_trainer - WARNING - Early stopping due to large KL divergence: 109.5871810913086
2025-12-06 04:41:06,265 - rlhf_trainer - WARNING - Early stopping due to large KL divergence: 796.541748046875
2025-12-06 04:41:08,587 - rlhf_trainer - WARNING - Early stopping due to large KL divergence: 2.2093567848205566
2025-12-06 04:41:10,961 - rlhf_trainer - WARNING - Early stopping due to large KL divergence: 35747.85546875
2025-12-06 04:41:13,376 - rlhf_trainer - WARNING - Early stopping due to large KL divergence: 489.5439453125
2025-12-06 04:41:15,740 - rlhf_trainer - WARNING - Early stopping due to large KL divergence: 4588.61865234375
2025-12-06 04:41:15,742 - utils - INFO - Step 4400:
2025-12-06 04:41:15,742 - utils - INFO -   Policy Loss: 0.0000
2025-12-06 04:41:15,742 - utils - INFO -   Value Loss: 0.0368
2025-12-06 04:41:15,742 - utils - INFO -   Reward Mean: 0.0000
2025-12-06 04:41:15,743 - utils - INFO -   KL Divergence: 0.0000
2025-12-06 04:41:18,073 - rlhf_trainer - WARNING - Early stopping due to large KL divergence: 613.4490966796875
2025-12-06 04:41:20,417 - rlhf_trainer - WARNING - Early stopping due to large KL divergence: 17996.0390625
2025-12-06 04:41:23,176 - rlhf_trainer - WARNING - Early stopping due to large KL divergence: 0.029539823532104492
2025-12-06 04:41:25,955 - rlhf_trainer - WARNING - Early stopping due to large KL divergence: 116293448.0
2025-12-06 04:41:28,291 - rlhf_trainer - WARNING - Early stopping due to large KL divergence: 2088.461669921875
2025-12-06 04:41:30,638 - rlhf_trainer - WARNING - Early stopping due to large KL divergence: 316.1897277832031
2025-12-06 04:41:32,965 - rlhf_trainer - WARNING - Early stopping due to large KL divergence: 1.453994870185852
2025-12-06 04:41:35,306 - rlhf_trainer - WARNING - Early stopping due to large KL divergence: 227711920.0
2025-12-06 04:41:37,651 - rlhf_trainer - WARNING - Early stopping due to large KL divergence: 303.45220947265625
2025-12-06 04:41:39,993 - rlhf_trainer - WARNING - Early stopping due to large KL divergence: 22.220800399780273
2025-12-06 04:41:39,996 - utils - INFO - Step 4410:
2025-12-06 04:41:39,996 - utils - INFO -   Policy Loss: -0.0000
2025-12-06 04:41:39,996 - utils - INFO -   Value Loss: 0.1207
2025-12-06 04:41:39,997 - utils - INFO -   Reward Mean: 0.0000
2025-12-06 04:41:39,997 - utils - INFO -   KL Divergence: 0.0000
2025-12-06 04:41:42,333 - rlhf_trainer - WARNING - Early stopping due to large KL divergence: 1.4705095291137695
2025-12-06 04:41:45,824 - rlhf_trainer - WARNING - Early stopping due to large KL divergence: 4.7386651039123535
2025-12-06 04:41:48,360 - rlhf_trainer - WARNING - Early stopping due to large KL divergence: 7.215364456176758
2025-12-06 04:41:51,309 - rlhf_trainer - WARNING - Early stopping due to large KL divergence: 7.252575874328613
2025-12-06 04:41:54,011 - rlhf_trainer - WARNING - Early stopping due to large KL divergence: 9.403886795043945
2025-12-06 04:41:56,352 - rlhf_trainer - WARNING - Early stopping due to large KL divergence: 1.3611546754837036
2025-12-06 04:41:59,087 - rlhf_trainer - WARNING - Early stopping due to large KL divergence: 6.480295658111572
2025-12-06 04:42:01,446 - rlhf_trainer - WARNING - Early stopping due to large KL divergence: 5.622406959533691
2025-12-06 04:42:03,800 - rlhf_trainer - WARNING - Early stopping due to large KL divergence: 3.720148801803589
2025-12-06 04:42:06,698 - rlhf_trainer - WARNING - Early stopping due to large KL divergence: 1.1609488725662231
2025-12-06 04:42:06,702 - utils - INFO - Step 4420:
2025-12-06 04:42:06,702 - utils - INFO -   Policy Loss: 0.0000
2025-12-06 04:42:06,702 - utils - INFO -   Value Loss: 0.1437
2025-12-06 04:42:06,702 - utils - INFO -   Reward Mean: 0.0000
2025-12-06 04:42:06,702 - utils - INFO -   KL Divergence: 0.0000
2025-12-06 04:42:10,490 - rlhf_trainer - WARNING - Early stopping due to large KL divergence: 1.9192144535458585e+27
2025-12-06 04:42:12,897 - rlhf_trainer - WARNING - Early stopping due to large KL divergence: 2.742490291595459
2025-12-06 04:42:15,243 - rlhf_trainer - WARNING - Early stopping due to large KL divergence: 0.6124831438064575
2025-12-06 04:42:17,572 - rlhf_trainer - WARNING - Early stopping due to large KL divergence: 1.6894631385803223
2025-12-06 04:42:19,899 - rlhf_trainer - WARNING - Early stopping due to large KL divergence: 1.2851271629333496
2025-12-06 04:42:22,270 - rlhf_trainer - WARNING - Early stopping due to large KL divergence: 2.6859076023101807
2025-12-06 04:42:25,399 - rlhf_trainer - WARNING - Early stopping due to large KL divergence: 11429.970703125
2025-12-06 04:42:27,805 - rlhf_trainer - WARNING - Early stopping due to large KL divergence: 1.0237962007522583
2025-12-06 04:42:30,157 - rlhf_trainer - WARNING - Early stopping due to large KL divergence: 52064.8828125
2025-12-06 04:42:32,519 - rlhf_trainer - WARNING - Early stopping due to large KL divergence: 0.4300321042537689
2025-12-06 04:42:32,522 - utils - INFO - Step 4430:
2025-12-06 04:42:32,522 - utils - INFO -   Policy Loss: 0.0000
2025-12-06 04:42:32,522 - utils - INFO -   Value Loss: 0.1288
2025-12-06 04:42:32,522 - utils - INFO -   Reward Mean: 0.0000
2025-12-06 04:42:32,522 - utils - INFO -   KL Divergence: 0.0000
2025-12-06 04:42:35,674 - rlhf_trainer - WARNING - Early stopping due to large KL divergence: inf
2025-12-06 04:42:38,205 - rlhf_trainer - WARNING - Early stopping due to large KL divergence: 7037344256.0
2025-12-06 04:42:40,594 - rlhf_trainer - WARNING - Early stopping due to large KL divergence: 3.6867111652771024e+31
2025-12-06 04:42:42,917 - rlhf_trainer - WARNING - Early stopping due to large KL divergence: 103.42888641357422
2025-12-06 04:42:45,258 - rlhf_trainer - WARNING - Early stopping due to large KL divergence: 0.5783721804618835
2025-12-06 04:42:47,593 - rlhf_trainer - WARNING - Early stopping due to large KL divergence: 2.34980845451355
2025-12-06 04:42:49,943 - rlhf_trainer - WARNING - Early stopping due to large KL divergence: 3.613459348678589
2025-12-06 04:42:52,303 - rlhf_trainer - WARNING - Early stopping due to large KL divergence: 4.982328414916992
2025-12-06 04:42:55,241 - rlhf_trainer - WARNING - Early stopping due to large KL divergence: 0.05182124674320221
2025-12-06 04:42:57,606 - rlhf_trainer - WARNING - Early stopping due to large KL divergence: 2.5909717082977295
2025-12-06 04:42:57,609 - utils - INFO - Step 4440:
2025-12-06 04:42:57,609 - utils - INFO -   Policy Loss: 0.0000
2025-12-06 04:42:57,609 - utils - INFO -   Value Loss: 0.3969
2025-12-06 04:42:57,609 - utils - INFO -   Reward Mean: -0.0000
2025-12-06 04:42:57,609 - utils - INFO -   KL Divergence: 0.0000
2025-12-06 04:43:00,519 - rlhf_trainer - WARNING - Early stopping due to large KL divergence: 502697836937216.0
2025-12-06 04:43:02,941 - rlhf_trainer - WARNING - Early stopping due to large KL divergence: 5.048092365264893
2025-12-06 04:43:05,274 - rlhf_trainer - WARNING - Early stopping due to large KL divergence: 4.413105487823486
2025-12-06 04:43:07,653 - rlhf_trainer - WARNING - Early stopping due to large KL divergence: 0.029056936502456665
2025-12-06 04:43:10,160 - rlhf_trainer - WARNING - Early stopping due to large KL divergence: 12.18566608428955
2025-12-06 04:43:12,518 - rlhf_trainer - WARNING - Early stopping due to large KL divergence: 3.1948459148406982
2025-12-06 04:43:16,749 - rlhf_trainer - WARNING - Early stopping due to large KL divergence: 16.96587371826172
2025-12-06 04:43:19,117 - rlhf_trainer - WARNING - Early stopping due to large KL divergence: 107.78166198730469
2025-12-06 04:43:21,545 - rlhf_trainer - WARNING - Early stopping due to large KL divergence: 13.421915054321289
2025-12-06 04:43:24,443 - rlhf_trainer - WARNING - Early stopping due to large KL divergence: 1149.4019775390625
2025-12-06 04:43:24,447 - utils - INFO - Step 4450:
2025-12-06 04:43:24,447 - utils - INFO -   Policy Loss: 0.0000
2025-12-06 04:43:24,447 - utils - INFO -   Value Loss: 0.1842
2025-12-06 04:43:24,447 - utils - INFO -   Reward Mean: 0.0000
2025-12-06 04:43:24,447 - utils - INFO -   KL Divergence: 0.0000
2025-12-06 04:43:26,830 - rlhf_trainer - WARNING - Early stopping due to large KL divergence: 41.922096252441406
2025-12-06 04:43:29,176 - rlhf_trainer - WARNING - Early stopping due to large KL divergence: 10205.12109375
2025-12-06 04:43:31,569 - rlhf_trainer - WARNING - Early stopping due to large KL divergence: 0.5438429713249207
2025-12-06 04:43:33,931 - rlhf_trainer - WARNING - Early stopping due to large KL divergence: 4.561574935913086
2025-12-06 04:43:36,689 - rlhf_trainer - WARNING - Early stopping due to large KL divergence: 167487471616.0
2025-12-06 04:43:39,067 - rlhf_trainer - WARNING - Early stopping due to large KL divergence: 7.268075942993164
2025-12-06 04:43:41,450 - rlhf_trainer - WARNING - Early stopping due to large KL divergence: 6.021468162536621
2025-12-06 04:43:43,778 - rlhf_trainer - WARNING - Early stopping due to large KL divergence: 0.7390259504318237
2025-12-06 04:43:46,120 - rlhf_trainer - WARNING - Early stopping due to large KL divergence: 4.276739120483398
2025-12-06 04:43:48,493 - rlhf_trainer - WARNING - Early stopping due to large KL divergence: 2.005711078643799
2025-12-06 04:43:48,497 - utils - INFO - Step 4460:
2025-12-06 04:43:48,497 - utils - INFO -   Policy Loss: -0.0000
2025-12-06 04:43:48,497 - utils - INFO -   Value Loss: 0.0950
2025-12-06 04:43:48,497 - utils - INFO -   Reward Mean: -0.0000
2025-12-06 04:43:48,497 - utils - INFO -   KL Divergence: 0.0000
2025-12-06 04:43:50,879 - rlhf_trainer - WARNING - Early stopping due to large KL divergence: 0.3574152886867523
2025-12-06 04:43:53,253 - rlhf_trainer - WARNING - Early stopping due to large KL divergence: 1.6114747524261475
2025-12-06 04:43:55,786 - rlhf_trainer - WARNING - Early stopping due to large KL divergence: 2.8426387310028076
2025-12-06 04:43:58,116 - rlhf_trainer - WARNING - Early stopping due to large KL divergence: 1.2979559898376465
2025-12-06 04:44:00,472 - rlhf_trainer - WARNING - Early stopping due to large KL divergence: 0.8915392160415649
2025-12-06 04:44:02,821 - rlhf_trainer - WARNING - Early stopping due to large KL divergence: 1.5951669216156006
2025-12-06 04:44:05,292 - rlhf_trainer - WARNING - Early stopping due to large KL divergence: 1.8372780084609985
2025-12-06 04:44:07,675 - rlhf_trainer - WARNING - Early stopping due to large KL divergence: 5.753883361816406
2025-12-06 04:44:10,049 - rlhf_trainer - WARNING - Early stopping due to large KL divergence: 0.34426185488700867
2025-12-06 04:44:12,458 - rlhf_trainer - WARNING - Early stopping due to large KL divergence: 7.982402324676514
2025-12-06 04:44:12,461 - utils - INFO - Step 4470:
2025-12-06 04:44:12,461 - utils - INFO -   Policy Loss: 0.0000
2025-12-06 04:44:12,461 - utils - INFO -   Value Loss: 0.1454
2025-12-06 04:44:12,461 - utils - INFO -   Reward Mean: 0.0000
2025-12-06 04:44:12,461 - utils - INFO -   KL Divergence: 0.0000
2025-12-06 04:44:15,881 - rlhf_trainer - WARNING - Early stopping due to large KL divergence: 0.8732104897499084
2025-12-06 04:44:18,230 - rlhf_trainer - WARNING - Early stopping due to large KL divergence: 1626.1375732421875
2025-12-06 04:44:20,632 - rlhf_trainer - WARNING - Early stopping due to large KL divergence: 0.5305421352386475
2025-12-06 04:44:24,647 - rlhf_trainer - WARNING - Early stopping due to large KL divergence: 1468343.125
2025-12-06 04:44:26,997 - rlhf_trainer - WARNING - Early stopping due to large KL divergence: 1.7220052898021376e+17
2025-12-06 04:44:30,621 - rlhf_trainer - WARNING - Early stopping due to large KL divergence: inf
2025-12-06 04:44:33,552 - rlhf_trainer - WARNING - Early stopping due to large KL divergence: 0.02535569667816162
2025-12-06 04:44:36,795 - rlhf_trainer - WARNING - Early stopping due to large KL divergence: 1.6760149002075195
2025-12-06 04:44:39,669 - rlhf_trainer - WARNING - Early stopping due to large KL divergence: 1.1431734561920166
2025-12-06 04:44:42,516 - rlhf_trainer - WARNING - Early stopping due to large KL divergence: 3.9400415420532227
2025-12-06 04:44:42,519 - utils - INFO - Step 4480:
2025-12-06 04:44:42,519 - utils - INFO -   Policy Loss: 0.0000
2025-12-06 04:44:42,519 - utils - INFO -   Value Loss: 0.1035
2025-12-06 04:44:42,519 - utils - INFO -   Reward Mean: -0.0000
2025-12-06 04:44:42,519 - utils - INFO -   KL Divergence: 0.0000
2025-12-06 04:44:44,885 - rlhf_trainer - WARNING - Early stopping due to large KL divergence: 4.501352787017822
2025-12-06 04:44:47,240 - rlhf_trainer - WARNING - Early stopping due to large KL divergence: 0.18622741103172302
2025-12-06 04:44:49,633 - rlhf_trainer - WARNING - Early stopping due to large KL divergence: 2.5188817977905273
2025-12-06 04:44:52,029 - rlhf_trainer - WARNING - Early stopping due to large KL divergence: 0.985899031162262
2025-12-06 04:44:54,385 - rlhf_trainer - WARNING - Early stopping due to large KL divergence: 3.4255239963531494
2025-12-06 04:44:56,744 - rlhf_trainer - WARNING - Early stopping due to large KL divergence: 0.18392536044120789
2025-12-06 04:44:59,109 - rlhf_trainer - WARNING - Early stopping due to large KL divergence: 1.1511179208755493
2025-12-06 04:45:02,080 - rlhf_trainer - WARNING - Early stopping due to large KL divergence: 19.653160095214844
2025-12-06 04:45:05,012 - rlhf_trainer - WARNING - Early stopping due to large KL divergence: 0.03921516239643097
2025-12-06 04:45:07,348 - rlhf_trainer - WARNING - Early stopping due to large KL divergence: 1.9331843852996826
2025-12-06 04:45:07,351 - utils - INFO - Step 4490:
2025-12-06 04:45:07,351 - utils - INFO -   Policy Loss: -0.0000
2025-12-06 04:45:07,351 - utils - INFO -   Value Loss: 0.2026
2025-12-06 04:45:07,351 - utils - INFO -   Reward Mean: -0.0000
2025-12-06 04:45:07,352 - utils - INFO -   KL Divergence: 0.0000
2025-12-06 04:45:09,701 - rlhf_trainer - WARNING - Early stopping due to large KL divergence: 19.19400405883789
2025-12-06 04:45:12,098 - rlhf_trainer - WARNING - Early stopping due to large KL divergence: 1.0788301229476929
2025-12-06 04:45:14,894 - rlhf_trainer - WARNING - Early stopping due to large KL divergence: 3.6337592601776123
2025-12-06 04:45:17,730 - rlhf_trainer - WARNING - Early stopping due to large KL divergence: 5.597028732299805
2025-12-06 04:45:20,050 - rlhf_trainer - WARNING - Early stopping due to large KL divergence: 5.760678768157959
2025-12-06 04:45:22,383 - rlhf_trainer - WARNING - Early stopping due to large KL divergence: 8.313665390014648
2025-12-06 04:45:25,602 - rlhf_trainer - WARNING - Early stopping due to large KL divergence: 18.821781158447266
2025-12-06 04:45:27,945 - rlhf_trainer - WARNING - Early stopping due to large KL divergence: 0.35991424322128296
2025-12-06 04:45:27,948 - utils - INFO - Evaluating model after epoch 2...
2025-12-06 04:58:54,628 - utils - INFO - Evaluation results:
2025-12-06 04:58:54,628 - utils - INFO -   mean_reward: 1.5106
2025-12-06 04:58:54,628 - utils - INFO -   std_reward: 0.5446
2025-12-06 04:58:54,628 - utils - INFO -   min_reward: -0.7360
2025-12-06 04:58:54,628 - utils - INFO -   max_reward: 2.1206
2025-12-06 04:58:54,628 - utils - INFO -   mean_response_length: 70.3447
2025-12-06 04:58:54,628 - utils - INFO -   num_evaluations: 1500.0000
2025-12-06 04:58:55,704 - utils - INFO - Saved new best model with reward: 1.5106
2025-12-06 04:58:55,704 - utils - INFO - Epoch 2 completed:
2025-12-06 04:58:55,704 - utils - INFO -   Average Reward: 0.0000
2025-12-06 04:58:55,704 - utils - INFO -   Policy Loss: -0.0010
2025-12-06 04:58:55,704 - utils - INFO -   KL Divergence: 0.0001
2025-12-06 04:58:55,704 - utils - INFO - RLHF training completed in 12164.77 seconds
2025-12-06 04:58:55,704 - utils - INFO - Performing final evaluation...
2025-12-06 05:13:42,120 - utils - INFO - Final evaluation results:
2025-12-06 05:13:42,120 - utils - INFO -   mean_reward: 1.5209
2025-12-06 05:13:42,120 - utils - INFO -   std_reward: 0.5359
2025-12-06 05:13:42,121 - utils - INFO -   min_reward: -0.8843
2025-12-06 05:13:42,121 - utils - INFO -   max_reward: 2.1491
2025-12-06 05:13:42,121 - utils - INFO -   mean_response_length: 69.5540
2025-12-06 05:13:42,121 - utils - INFO -   num_evaluations: 2500.0000
2025-12-06 05:13:42,121 - utils - INFO - Generating final samples for comparison...
2025-12-06 05:13:43,892 - utils - INFO - Saving final models and results...
2025-12-06 05:13:44,963 - utils - INFO - Saved 451 entries to logs/rlhf_training_metrics.json
2025-12-06 05:13:44,963 - utils - INFO - Saved metrics history to logs/rlhf_training_metrics.json
2025-12-06 05:13:46,261 - utils - INFO - Saved training curves to plots/rlhf_training_curves.png
2025-12-06 05:13:46,777 - utils - INFO - Saved reward distribution plot to plots/reward_distribution.png
2025-12-06 05:13:46,779 - utils - INFO - Saved 5 entries to logs/baseline_outputs.json
2025-12-06 05:13:46,779 - utils - INFO - Saved 5 outputs to logs/baseline_outputs.json
2025-12-06 05:13:46,779 - utils - INFO - Saved 5 entries to logs/rlhf_outputs.json
2025-12-06 05:13:46,779 - utils - INFO - Saved 5 outputs to logs/rlhf_outputs.json
2025-12-06 05:13:46,780 - utils - INFO - Saved 5 entries to logs/model_comparison.json
2025-12-06 05:13:46,780 - utils - INFO - Saved model comparison to logs/model_comparison.json
2025-12-06 05:13:46,781 - utils - INFO - Saved 1 entries to logs/training_summary.json
2025-12-06 05:13:46,781 - utils - INFO - Saved summary report to logs/training_summary.json
2025-12-06 05:13:46,781 - utils - INFO - RLHF training completed successfully!
2025-12-06 05:13:46,781 - utils - INFO - Base model mean reward: 0.0456
2025-12-06 05:13:46,781 - utils - INFO - RLHF model mean reward: 1.5209
2025-12-06 05:13:46,781 - utils - INFO - Improvement: 1.4753
2025-12-06 05:13:46,781 - utils - INFO - Models saved to: outputs/rlhf_model
2025-12-06 05:13:46,781 - utils - INFO - Logs and plots saved to: logs and plots/
